transaction_id,customer_code,transaction_date,product_category,quantity,revenue,salesperson_id
TXN000001,113,2026-07-12,Sealants,145,33461.86,P006
TXN000002,96,2025-10-30,Industrial Resins,89,42473.9,P024
TXN000003,27,2025-06-25,Construction Chemicals,114,21289.49,P011
TXN000004,34,2025-06-28,Industrial Resins,260,123529.15,P018
TXN000005,7,2026-04-16,Adhesives,334,39467.38,P004
TXN000006,6,2025-10-13,Adhesives,180,22771.24,P012
TXN000007,34,2025-09-08,Sealants,389,96118.7,P018
TXN000008,55,2025-09-16,Industrial Resins,14,6456.62,P004
TXN000009,116,2026-02-27,Sealants,289,65545.61,P012
TXN000010,75,2026-08-14,Industrial Resins,85,41903.19,P012
TXN000011,40,2025-06-21,Construction Chemicals,470,91927.85,P018
TXN000012,6,2025-09-28,Construction Chemicals,117,21826.86,P012
TXN000013,14,2025-06-14,Construction Chemicals,409,74501.72,P016
TXN000014,53,2026-05-06,Industrial Resins,393,182923.95,P012
TXN000015,111,2026-02-05,Sealants,419,111260.67,P017
TXN000016,4,2025-07-31,Sealants,387,104963.83,P006
TXN000017,120,2025-08-24,Art & Craft,420,26056.33,P017
TXN000018,104,2025-09-10,Sealants,146,34012.14,P022
TXN000019,14,2026-01-07,Art & Craft,456,24835.9,P016
TXN000020,29,2026-03-09,Sealants,428,115954.87,P022
TXN000021,40,2026-05-29,Sealants,124,28046.72,P018
TXN000022,52,2025-08-05,Construction Chemicals,152,29353.74,P006
TXN000023,36,2025-09-22,Construction Chemicals,338,60954.45,P024
TXN000024,108,2026-07-07,Industrial Resins,179,97362.34,P018
TXN000025,113,2026-04-22,Construction Chemicals,101,18473.02,P006
TXN000026,5,2025-08-27,Adhesives,315,37305.3,P005
TXN000027,101,2025-12-17,Construction Chemicals,233,42830.88,P011
TXN000028,15,2026-04-27,Art & Craft,470,28631.96,P024
TXN000029,6,2025-07-19,Art & Craft,10,602.39,P012
TXN000030,69,2025-09-29,Sealants,196,48326.71,P012
TXN000031,118,2025-06-27,Construction Chemicals,329,57016.02,P017
TXN000032,16,2026-02-07,Construction Chemicals,269,46573.11,P022
TXN000033,42,2026-07-01,Art & Craft,366,21062.52,P006
TXN000034,25,2025-09-23,Art & Craft,350,22849.53,P016
TXN000035,96,2026-02-09,Sealants,325,82372.96,P024
TXN000036,71,2026-01-27,Adhesives,165,18956.18,P012
TXN000037,101,2026-01-09,Industrial Resins,320,164950.58,P011
TXN000038,57,2026-01-05,Art & Craft,355,20080.37,P018
TXN000039,102,2025-12-15,Sealants,347,79546.2,P006
TXN000040,85,2025-08-16,Industrial Resins,181,83140.31,P012
TXN000041,31,2026-06-21,Construction Chemicals,125,23879.53,P005
TXN000042,4,2025-10-27,Adhesives,135,17767.95,P006
TXN000043,109,2025-10-17,Adhesives,243,28661.02,P018
TXN000044,74,2025-12-25,Sealants,377,97951.28,P005
TXN000045,52,2026-09-02,Sealants,85,21913.25,P006
TXN000046,115,2026-06-06,Adhesives,408,48227.03,P010
TXN000047,103,2026-04-30,Industrial Resins,247,112390.39,P006
TXN000048,118,2026-01-10,Adhesives,243,27021.63,P017
TXN000049,86,2025-08-14,Industrial Resins,296,150825.39,P024
TXN000050,115,2025-12-20,Art & Craft,323,20600.97,P010
TXN000051,55,2025-08-20,Industrial Resins,238,128453.55,P004
TXN000052,111,2026-05-01,Art & Craft,240,13706.47,P017
TXN000053,108,2025-12-30,Construction Chemicals,402,76378.51,P018
TXN000054,81,2025-09-04,Sealants,150,37049.04,P018
TXN000055,37,2025-12-02,Sealants,149,36027.06,P010
TXN000056,11,2025-09-14,Sealants,87,20580.99,P010
TXN000057,20,2026-03-19,Sealants,42,10321.22,P012
TXN000058,70,2025-07-05,Art & Craft,222,12153.88,P004
TXN000059,54,2025-09-13,Art & Craft,473,29911.36,P011
TXN000060,3,2026-03-08,Industrial Resins,204,101530.39,P010
TXN000061,39,2025-07-04,Art & Craft,446,28856.07,P023
TXN000062,54,2025-07-22,Industrial Resins,392,205197.66,P011
TXN000063,78,2026-01-24,Sealants,259,61116.51,P024
TXN000064,63,2025-09-22,Adhesives,209,24258.03,P016
TXN000065,103,2026-01-08,Art & Craft,380,21272.6,P006
TXN000066,118,2026-02-15,Sealants,328,82559.63,P017
TXN000067,76,2025-10-10,Industrial Resins,349,157995.86,P024
TXN000068,55,2026-08-10,Sealants,453,112382.47,P004
TXN000069,34,2026-03-21,Art & Craft,177,10007.57,P018
TXN000070,44,2025-07-06,Art & Craft,152,9579.67,P006
TXN000071,54,2026-08-26,Construction Chemicals,437,72082.55,P011
TXN000072,96,2026-03-09,Industrial Resins,36,19799.67,P024
TXN000073,29,2026-08-15,Adhesives,409,53568.72,P022
TXN000074,97,2025-07-02,Adhesives,496,56511.66,P017
TXN000075,3,2026-01-05,Industrial Resins,88,41699.2,P010
TXN000076,86,2026-01-09,Adhesives,298,38962.36,P024
TXN000077,90,2025-10-29,Construction Chemicals,402,70462.65,P004
TXN000078,78,2026-03-29,Adhesives,408,52086.6,P024
TXN000079,14,2025-11-14,Industrial Resins,23,12486.44,P016
TXN000080,87,2026-05-26,Art & Craft,213,13908.4,P011
TXN000081,10,2026-05-03,Industrial Resins,363,193499.75,P023
TXN000082,14,2025-07-19,Construction Chemicals,445,83051.83,P016
TXN000083,16,2025-12-06,Industrial Resins,410,186183.83,P022
TXN000084,55,2026-03-14,Construction Chemicals,45,8109.66,P004
TXN000085,2,2026-01-26,Art & Craft,431,25809.32,P016
TXN000086,47,2026-06-06,Art & Craft,372,20770.95,P006
TXN000087,94,2025-07-18,Industrial Resins,343,163613.83,P004
TXN000088,118,2026-01-24,Industrial Resins,406,202330.0,P017
TXN000089,106,2026-05-02,Industrial Resins,147,70887.88,P005
TXN000090,107,2026-05-03,Adhesives,152,19632.19,P023
TXN000091,97,2026-02-22,Art & Craft,301,18458.52,P017
TXN000092,44,2026-06-03,Adhesives,263,33775.21,P006
TXN000093,63,2026-03-14,Sealants,191,50594.3,P016
TXN000094,36,2025-11-24,Industrial Resins,369,198525.96,P024
TXN000095,2,2026-05-04,Industrial Resins,495,232207.29,P016
TXN000096,93,2026-05-04,Art & Craft,260,15772.15,P005
TXN000097,89,2026-01-18,Art & Craft,340,21264.32,P006
TXN000098,102,2026-02-09,Adhesives,57,6558.51,P006
TXN000099,89,2026-02-28,Sealants,166,42860.87,P006
TXN000100,61,2025-08-19,Industrial Resins,281,136109.58,P010
TXN000101,71,2026-04-19,Construction Chemicals,190,35587.53,P012
TXN000102,40,2026-05-29,Construction Chemicals,128,21291.98,P018
TXN000103,41,2025-08-10,Adhesives,390,47135.69,P024
TXN000104,89,2025-12-31,Sealants,108,25468.48,P006
TXN000105,36,2026-04-13,Industrial Resins,399,200483.01,P024
TXN000106,13,2026-06-05,Sealants,161,38056.24,P006
TXN000107,39,2026-04-17,Adhesives,372,44944.76,P023
TXN000108,6,2026-07-02,Adhesives,293,33698.3,P012
TXN000109,82,2025-11-15,Art & Craft,62,3997.3,P024
TXN000110,37,2026-06-02,Art & Craft,255,15117.83,P010
TXN000111,7,2026-07-08,Construction Chemicals,491,94773.82,P004
TXN000112,106,2025-11-13,Adhesives,215,25757.41,P005
TXN000113,81,2025-11-20,Adhesives,87,9707.52,P018
TXN000114,39,2025-08-09,Adhesives,137,15185.47,P023
TXN000115,54,2026-05-12,Industrial Resins,315,166658.34,P011
TXN000116,100,2026-01-21,Industrial Resins,204,100990.5,P024
TXN000117,39,2025-10-22,Industrial Resins,229,110043.21,P023
TXN000118,8,2025-08-10,Industrial Resins,388,178450.26,P023
TXN000119,27,2026-06-16,Sealants,145,37413.1,P011
TXN000120,31,2026-09-03,Sealants,292,66795.95,P005
TXN000121,53,2026-04-08,Art & Craft,362,22127.52,P012
TXN000122,5,2025-09-10,Sealants,157,40874.6,P005
TXN000123,111,2026-04-22,Art & Craft,46,2863.44,P017
TXN000124,101,2026-05-26,Industrial Resins,348,184575.92,P011
TXN000125,55,2026-06-20,Adhesives,288,32657.88,P004
TXN000126,117,2026-08-05,Construction Chemicals,433,72363.18,P011
TXN000127,22,2025-11-17,Construction Chemicals,314,59334.22,P016
TXN000128,118,2025-09-17,Construction Chemicals,234,38955.56,P017
TXN000129,39,2025-12-02,Art & Craft,492,28175.34,P023
TXN000130,64,2026-01-26,Art & Craft,51,3120.0,P023
TXN000131,95,2026-07-20,Construction Chemicals,319,54553.22,P024
TXN000132,30,2025-08-09,Industrial Resins,310,168974.37,P012
TXN000133,87,2025-08-13,Construction Chemicals,305,49851.74,P011
TXN000134,23,2026-04-15,Art & Craft,275,16999.98,P018
TXN000135,24,2025-12-27,Industrial Resins,233,119640.48,P018
TXN000136,12,2026-03-24,Art & Craft,188,11073.23,P006
TXN000137,86,2026-02-06,Adhesives,449,50225.05,P024
TXN000138,89,2026-02-11,Art & Craft,157,9726.31,P006
TXN000139,105,2026-03-27,Industrial Resins,28,13873.51,P012
TXN000140,33,2026-02-10,Construction Chemicals,69,13587.94,P006
TXN000141,111,2025-10-03,Industrial Resins,432,237086.75,P017
TXN000142,112,2026-05-31,Industrial Resins,246,120865.89,P006
TXN000143,67,2025-10-19,Construction Chemicals,328,62068.08,P018
TXN000144,57,2026-06-29,Adhesives,114,13042.67,P018
TXN000145,119,2025-12-30,Construction Chemicals,234,45328.25,P004
TXN000146,16,2026-05-05,Adhesives,332,40707.49,P022
TXN000147,91,2025-11-26,Sealants,169,42679.59,P011
TXN000148,53,2026-07-08,Adhesives,125,16476.77,P012
TXN000149,60,2025-12-23,Adhesives,341,43638.26,P024
TXN000150,120,2026-02-04,Construction Chemicals,270,50596.6,P017
TXN000151,107,2025-11-26,Art & Craft,251,14288.12,P023
TXN000152,19,2025-12-18,Art & Craft,107,6961.68,P006
TXN000153,96,2025-08-05,Sealants,452,103277.71,P024
TXN000154,102,2025-12-19,Art & Craft,184,11998.82,P006
TXN000155,35,2025-07-03,Adhesives,154,19315.48,P024
TXN000156,76,2026-06-20,Industrial Resins,347,173140.52,P024
TXN000157,58,2025-11-26,Industrial Resins,257,124519.69,P005
TXN000158,98,2026-03-24,Industrial Resins,203,100593.5,P005
TXN000159,112,2026-02-20,Sealants,367,86957.08,P006
TXN000160,30,2026-01-05,Art & Craft,32,1850.18,P012
TXN000161,91,2025-07-26,Art & Craft,207,13633.22,P011
TXN000162,106,2026-07-02,Sealants,263,71862.44,P005
TXN000163,65,2025-06-14,Industrial Resins,179,96117.64,P012
TXN000164,109,2026-01-14,Art & Craft,61,3679.0,P018
TXN000165,2,2026-06-17,Sealants,219,58811.72,P016
TXN000166,10,2026-03-15,Art & Craft,410,26908.48,P023
TXN000167,80,2026-03-20,Art & Craft,342,18797.61,P006
TXN000168,110,2025-10-19,Industrial Resins,204,111264.45,P022
TXN000169,92,2025-10-23,Art & Craft,456,27584.44,P024
TXN000170,9,2026-04-10,Sealants,333,86320.25,P016
TXN000171,30,2025-08-11,Adhesives,232,30503.38,P012
TXN000172,82,2026-04-04,Adhesives,237,26542.28,P024
TXN000173,116,2026-08-07,Adhesives,33,3820.9,P012
TXN000174,38,2026-05-02,Construction Chemicals,201,35678.45,P016
TXN000175,68,2026-06-04,Art & Craft,299,18592.3,P024
TXN000176,22,2026-02-21,Sealants,50,12773.73,P016
TXN000177,80,2026-06-23,Sealants,264,71449.34,P006
TXN000178,30,2026-04-27,Art & Craft,336,19168.04,P012
TXN000179,86,2026-04-10,Adhesives,470,59836.26,P024
TXN000180,87,2026-03-12,Industrial Resins,90,41164.76,P011
TXN000181,76,2025-09-16,Construction Chemicals,337,66265.34,P024
TXN000182,33,2026-02-20,Art & Craft,442,25470.45,P006
TXN000183,110,2025-11-16,Art & Craft,64,3638.17,P022
TXN000184,46,2026-04-06,Industrial Resins,161,88432.34,P004
TXN000185,3,2025-06-19,Art & Craft,150,8114.58,P010
TXN000186,88,2025-12-24,Adhesives,476,58335.59,P012
TXN000187,107,2025-10-29,Construction Chemicals,407,77638.9,P023
TXN000188,103,2025-10-22,Construction Chemicals,122,22560.03,P006
TXN000189,33,2025-10-18,Sealants,331,76083.06,P006
TXN000190,83,2026-08-18,Adhesives,168,21323.68,P006
TXN000191,75,2026-04-06,Construction Chemicals,384,64024.64,P012
TXN000192,42,2025-07-29,Art & Craft,99,5584.54,P006
TXN000193,70,2026-04-18,Construction Chemicals,281,50598.16,P004
TXN000194,107,2026-01-01,Sealants,141,38169.05,P023
TXN000195,104,2025-07-20,Construction Chemicals,392,75787.04,P022
TXN000196,15,2026-05-12,Art & Craft,48,2673.08,P024
TXN000197,111,2026-03-01,Art & Craft,443,28199.19,P017
TXN000198,12,2026-07-03,Art & Craft,17,971.95,P006
TXN000199,59,2026-04-23,Construction Chemicals,354,66893.4,P006
TXN000200,75,2026-02-26,Art & Craft,431,26576.58,P012
TXN000201,14,2025-11-21,Sealants,251,56789.06,P016
TXN000202,42,2025-10-14,Industrial Resins,123,63316.12,P006
TXN000203,106,2025-10-07,Art & Craft,475,29646.14,P005
TXN000204,53,2026-08-16,Adhesives,81,8836.15,P012
TXN000205,39,2025-12-03,Art & Craft,69,3806.47,P023
TXN000206,18,2025-08-20,Art & Craft,242,14145.42,P018
TXN000207,90,2025-08-28,Industrial Resins,224,113956.42,P004
TXN000208,20,2025-12-28,Art & Craft,345,19039.95,P012
TXN000209,79,2026-08-19,Art & Craft,490,32054.95,P023
TXN000210,89,2026-05-07,Construction Chemicals,121,21533.38,P006
TXN000211,110,2026-02-28,Construction Chemicals,60,11838.8,P022
TXN000212,70,2026-05-30,Construction Chemicals,41,7229.65,P004
TXN000213,16,2025-10-11,Art & Craft,56,3469.38,P022
TXN000214,82,2026-03-18,Industrial Resins,20,9101.16,P024
TXN000215,32,2026-07-31,Sealants,412,104330.31,P018
TXN000216,107,2025-07-15,Industrial Resins,116,59002.04,P023
TXN000217,112,2025-07-28,Sealants,178,46941.88,P006
TXN000218,116,2026-06-22,Industrial Resins,11,5255.0,P012
TXN000219,17,2026-07-10,Industrial Resins,138,73119.49,P017
TXN000220,85,2025-07-27,Adhesives,77,8343.46,P012
TXN000221,101,2026-06-07,Sealants,311,75009.65,P011
TXN000222,34,2025-12-09,Adhesives,74,9309.29,P018
TXN000223,15,2026-03-03,Adhesives,253,30045.93,P024
TXN000224,66,2026-05-14,Industrial Resins,65,32188.04,P022
TXN000225,79,2025-06-18,Adhesives,382,48436.63,P023
TXN000226,85,2026-08-20,Industrial Resins,164,81311.9,P012
TXN000227,8,2025-09-18,Art & Craft,443,26057.0,P023
TXN000228,14,2026-07-29,Art & Craft,374,24278.74,P016
TXN000229,116,2026-08-02,Adhesives,174,21332.25,P012
TXN000230,17,2025-11-28,Construction Chemicals,329,60796.16,P017
TXN000231,92,2025-12-07,Construction Chemicals,205,40550.35,P024
TXN000232,38,2026-07-16,Art & Craft,268,16419.05,P016
TXN000233,102,2025-06-12,Adhesives,446,55176.05,P006
TXN000234,99,2026-01-27,Industrial Resins,379,203352.16,P005
TXN000235,58,2026-01-15,Sealants,221,53470.19,P005
TXN000236,52,2026-01-29,Art & Craft,383,21119.01,P006
TXN000237,41,2025-09-18,Construction Chemicals,201,39462.2,P024
TXN000238,119,2026-07-23,Art & Craft,44,2424.17,P004
TXN000239,12,2026-02-26,Art & Craft,59,3713.17,P006
TXN000240,104,2025-11-21,Sealants,294,67031.72,P022
TXN000241,72,2026-03-07,Construction Chemicals,353,58739.32,P004
TXN000242,112,2026-08-09,Art & Craft,454,29505.52,P006
TXN000243,37,2025-11-13,Industrial Resins,169,81992.82,P010
TXN000244,65,2026-05-13,Sealants,89,22947.48,P012
TXN000245,109,2026-02-28,Adhesives,189,24246.61,P018
TXN000246,15,2026-01-28,Construction Chemicals,303,51552.94,P024
TXN000247,109,2025-10-25,Industrial Resins,402,213800.76,P018
TXN000248,87,2025-10-03,Industrial Resins,23,11750.69,P011
TXN000249,107,2025-09-10,Construction Chemicals,24,4043.88,P023
TXN000250,98,2026-09-01,Construction Chemicals,481,83806.4,P005
TXN000251,24,2026-07-31,Sealants,299,77102.3,P018
TXN000252,19,2026-05-17,Adhesives,56,7050.77,P006
TXN000253,49,2026-02-27,Art & Craft,242,14057.96,P006
TXN000254,40,2025-11-03,Construction Chemicals,407,79727.5,P018
TXN000255,11,2025-10-23,Adhesives,89,9948.23,P010
TXN000256,7,2026-01-30,Adhesives,149,17676.57,P004
TXN000257,63,2026-05-17,Industrial Resins,236,115974.74,P016
TXN000258,97,2026-07-10,Industrial Resins,68,32947.18,P017
TXN000259,37,2026-03-31,Industrial Resins,259,130197.59,P010
TXN000260,6,2026-08-07,Sealants,212,58135.12,P012
TXN000261,1,2025-08-08,Sealants,164,44651.66,P006
TXN000262,18,2026-09-01,Construction Chemicals,158,27462.36,P018
TXN000263,64,2025-12-06,Art & Craft,99,5499.47,P023
TXN000264,91,2025-09-27,Sealants,266,67281.02,P011
TXN000265,104,2025-08-21,Construction Chemicals,46,8109.55,P022
TXN000266,6,2026-07-27,Art & Craft,19,1130.82,P012
TXN000267,111,2026-02-09,Construction Chemicals,304,53946.09,P017
TXN000268,91,2026-08-25,Art & Craft,158,8750.37,P011
TXN000269,42,2026-01-12,Sealants,420,114399.9,P006
TXN000270,107,2026-07-12,Construction Chemicals,55,9774.69,P023
TXN000271,32,2026-07-26,Art & Craft,311,18288.48,P018
TXN000272,51,2026-03-18,Construction Chemicals,391,68120.99,P016
TXN000273,100,2026-07-08,Sealants,49,12275.68,P024
TXN000274,68,2026-03-10,Industrial Resins,109,58924.56,P024
TXN000275,45,2026-04-26,Sealants,130,29918.23,P024
TXN000276,26,2025-08-12,Sealants,318,73980.63,P006
TXN000277,84,2025-10-18,Adhesives,100,13083.1,P018
TXN000278,64,2025-11-12,Art & Craft,396,24062.87,P023
TXN000279,58,2025-10-20,Industrial Resins,339,174086.61,P005
TXN000280,42,2026-01-07,Construction Chemicals,87,15471.34,P006
TXN000281,57,2026-08-07,Construction Chemicals,417,71677.4,P018
TXN000282,46,2026-01-16,Industrial Resins,47,22608.92,P004
TXN000283,5,2026-07-27,Adhesives,198,25336.22,P005
TXN000284,83,2026-02-20,Adhesives,324,39611.56,P006
TXN000285,60,2025-08-22,Industrial Resins,293,159808.98,P024
TXN000286,115,2025-11-16,Adhesives,240,31156.13,P010
TXN000287,84,2025-12-22,Sealants,174,44413.55,P018
TXN000288,20,2025-07-03,Adhesives,240,26516.17,P012
TXN000289,44,2026-08-15,Adhesives,268,33099.89,P006
TXN000290,32,2025-10-27,Art & Craft,234,14107.58,P018
TXN000291,21,2026-02-18,Construction Chemicals,200,39009.14,P012
TXN000292,53,2025-07-27,Construction Chemicals,357,65518.03,P012
TXN000293,81,2025-11-23,Construction Chemicals,43,7476.36,P018
TXN000294,87,2025-06-25,Art & Craft,155,8838.71,P011
TXN000295,85,2026-07-25,Industrial Resins,457,212522.06,P012
TXN000296,75,2025-10-04,Sealants,479,116153.21,P012
TXN000297,90,2026-07-23,Art & Craft,76,4646.68,P004
TXN000298,40,2026-03-20,Industrial Resins,202,103898.56,P018
TXN000299,105,2025-08-22,Sealants,353,91829.96,P012
TXN000300,88,2026-01-31,Industrial Resins,57,29332.34,P012
TXN000301,66,2026-06-04,Construction Chemicals,19,3326.02,P022
TXN000302,28,2026-05-29,Construction Chemicals,495,93842.9,P012
TXN000303,29,2025-06-29,Sealants,89,20368.38,P022
TXN000304,101,2025-07-04,Adhesives,269,34028.77,P011
TXN000305,95,2025-06-13,Industrial Resins,29,14969.59,P024
TXN000306,99,2026-06-18,Industrial Resins,77,39248.8,P005
TXN000307,21,2025-10-20,Sealants,435,112944.39,P012
TXN000308,104,2026-02-06,Sealants,379,93568.91,P022
TXN000309,47,2025-08-15,Sealants,237,60560.56,P006
TXN000310,96,2026-03-30,Art & Craft,129,7792.65,P024
TXN000311,104,2026-02-28,Art & Craft,472,30218.08,P022
TXN000312,87,2026-04-13,Industrial Resins,235,116599.48,P011
TXN000313,100,2026-06-14,Art & Craft,267,16107.98,P024
TXN000314,105,2025-06-15,Sealants,420,107197.93,P012
TXN000315,33,2026-02-26,Adhesives,338,40402.55,P006
TXN000316,71,2025-06-26,Adhesives,374,47984.73,P012
TXN000317,16,2026-04-18,Construction Chemicals,52,9852.55,P022
TXN000318,58,2026-07-20,Industrial Resins,85,45313.9,P005
TXN000319,117,2026-03-10,Sealants,428,105954.14,P011
TXN000320,120,2025-12-21,Adhesives,222,24259.75,P017
TXN000321,48,2026-02-25,Sealants,207,56868.34,P016
TXN000322,29,2025-07-02,Adhesives,173,22548.79,P022
TXN000323,92,2026-08-16,Construction Chemicals,415,69411.98,P024
TXN000324,37,2025-08-12,Art & Craft,366,23414.24,P010
TXN000325,91,2026-07-26,Art & Craft,239,14670.82,P011
TXN000326,3,2025-11-28,Construction Chemicals,120,23047.04,P010
TXN000327,94,2025-08-03,Industrial Resins,280,137851.13,P004
TXN000328,37,2026-05-05,Sealants,164,37899.16,P010
TXN000329,54,2025-07-03,Industrial Resins,244,111332.49,P011
TXN000330,116,2025-10-16,Art & Craft,315,19036.28,P012
TXN000331,66,2026-04-08,Industrial Resins,133,69406.64,P022
TXN000332,55,2025-11-16,Adhesives,324,37735.5,P004
TXN000333,54,2025-12-10,Sealants,350,90443.76,P011
TXN000334,47,2025-12-19,Adhesives,498,60071.46,P006
TXN000335,101,2025-06-14,Industrial Resins,293,132445.8,P011
TXN000336,61,2026-02-25,Adhesives,335,39290.53,P010
TXN000337,33,2026-03-12,Adhesives,192,24369.5,P006
TXN000338,31,2025-08-13,Adhesives,405,49396.1,P005
TXN000339,43,2026-03-15,Sealants,32,7763.68,P011
TXN000340,105,2026-01-10,Sealants,435,114821.35,P012
TXN000341,90,2026-06-27,Art & Craft,333,18710.38,P004
TXN000342,9,2026-08-13,Art & Craft,28,1610.6,P016
TXN000343,102,2026-03-30,Sealants,463,105145.12,P006
TXN000344,66,2026-04-28,Art & Craft,427,25840.49,P022
TXN000345,5,2025-08-01,Sealants,156,37884.4,P005
TXN000346,7,2026-02-28,Construction Chemicals,149,24805.68,P004
TXN000347,56,2026-02-19,Art & Craft,390,23117.97,P024
TXN000348,44,2026-02-28,Sealants,264,68535.3,P006
TXN000349,119,2025-08-28,Industrial Resins,146,77396.76,P004
TXN000350,55,2025-07-10,Adhesives,230,28165.54,P004
TXN000351,24,2026-07-26,Industrial Resins,160,77139.38,P018
TXN000352,42,2025-09-02,Construction Chemicals,166,29556.79,P006
TXN000353,55,2026-01-19,Sealants,363,89731.94,P004
TXN000354,6,2026-04-17,Construction Chemicals,324,64130.43,P012
TXN000355,82,2026-02-09,Adhesives,48,5957.2,P024
TXN000356,47,2026-06-15,Industrial Resins,420,220495.72,P006
TXN000357,4,2025-07-31,Sealants,444,113388.12,P006
TXN000358,57,2025-08-02,Adhesives,74,8111.41,P018
TXN000359,83,2025-11-18,Construction Chemicals,195,34277.64,P006
TXN000360,5,2026-02-27,Industrial Resins,88,45575.75,P005
TXN000361,48,2026-06-26,Art & Craft,400,21969.05,P016
TXN000362,68,2026-04-15,Construction Chemicals,213,36916.71,P024
TXN000363,32,2025-12-23,Adhesives,23,2890.09,P018
TXN000364,67,2026-04-23,Art & Craft,477,28973.01,P018
TXN000365,100,2025-10-26,Construction Chemicals,370,65884.36,P024
TXN000366,37,2025-06-25,Art & Craft,112,6212.82,P010
TXN000367,10,2026-01-20,Art & Craft,98,6348.85,P023
TXN000368,12,2026-08-02,Construction Chemicals,351,61252.07,P006
TXN000369,71,2025-06-26,Industrial Resins,158,85183.04,P012
TXN000370,21,2026-05-13,Sealants,416,101119.04,P012
TXN000371,16,2025-07-27,Sealants,415,96256.7,P022
TXN000372,64,2026-02-28,Adhesives,194,23531.52,P023
TXN000373,60,2026-07-22,Industrial Resins,76,38850.81,P024
TXN000374,9,2025-09-01,Construction Chemicals,213,42170.89,P016
TXN000375,62,2025-07-10,Industrial Resins,220,115921.62,P024
TXN000376,74,2025-10-11,Adhesives,74,9718.95,P005
TXN000377,10,2026-03-12,Art & Craft,248,15416.0,P023
TXN000378,17,2025-08-07,Industrial Resins,337,171458.39,P017
TXN000379,17,2026-08-07,Art & Craft,267,17335.92,P017
TXN000380,107,2026-06-12,Adhesives,275,30709.9,P023
TXN000381,21,2026-03-11,Construction Chemicals,488,91517.55,P012
TXN000382,67,2026-05-27,Construction Chemicals,443,73023.66,P018
TXN000383,82,2026-04-02,Industrial Resins,150,69377.55,P024
TXN000384,79,2026-06-10,Industrial Resins,57,28514.67,P023
TXN000385,76,2025-10-20,Industrial Resins,88,41106.57,P024
TXN000386,93,2025-11-20,Industrial Resins,182,97234.05,P005
TXN000387,6,2025-10-11,Adhesives,51,5563.65,P012
TXN000388,99,2025-08-08,Industrial Resins,145,74691.38,P005
TXN000389,74,2025-12-24,Art & Craft,326,20103.73,P005
TXN000390,114,2026-04-03,Industrial Resins,158,81242.14,P012
TXN000391,62,2026-02-09,Sealants,422,111985.07,P024
TXN000392,39,2026-06-16,Art & Craft,47,2926.38,P023
TXN000393,57,2026-03-14,Art & Craft,257,15310.34,P018
TXN000394,78,2026-03-25,Sealants,170,45572.62,P024
TXN000395,94,2026-02-27,Construction Chemicals,214,35675.42,P004
TXN000396,66,2026-01-09,Industrial Resins,64,30842.34,P022
TXN000397,16,2026-07-17,Construction Chemicals,240,41022.02,P022
TXN000398,7,2025-10-24,Construction Chemicals,494,86859.72,P004
TXN000399,54,2025-07-15,Sealants,453,122362.34,P011
TXN000400,42,2025-08-10,Industrial Resins,379,182401.9,P006
TXN000401,21,2025-06-11,Art & Craft,273,16271.29,P012
TXN000402,40,2026-02-15,Art & Craft,21,1156.69,P018
TXN000403,65,2026-03-08,Art & Craft,133,7525.37,P012
TXN000404,7,2025-06-30,Adhesives,154,18461.13,P004
TXN000405,84,2025-06-28,Art & Craft,156,9428.69,P018
TXN000406,14,2025-08-28,Art & Craft,78,5037.98,P016
TXN000407,47,2026-08-09,Art & Craft,197,10744.95,P006
TXN000408,73,2026-04-10,Industrial Resins,109,53001.51,P005
TXN000409,10,2025-11-27,Art & Craft,268,15920.34,P023
TXN000410,36,2026-07-01,Industrial Resins,358,182975.34,P024
TXN000411,13,2026-03-15,Art & Craft,201,12771.29,P006
TXN000412,72,2025-10-31,Construction Chemicals,396,66208.68,P004
TXN000413,66,2026-08-16,Art & Craft,266,14492.49,P022
TXN000414,18,2026-01-14,Construction Chemicals,421,75382.07,P018
TXN000415,20,2026-03-21,Industrial Resins,467,234224.12,P012
TXN000416,120,2025-10-24,Industrial Resins,173,80661.29,P017
TXN000417,95,2025-07-07,Construction Chemicals,313,54496.26,P024
TXN000418,66,2026-04-04,Industrial Resins,260,135427.23,P022
TXN000419,61,2026-07-10,Adhesives,198,22958.05,P010
TXN000420,54,2025-08-29,Industrial Resins,167,88455.81,P011
TXN000421,112,2025-10-04,Adhesives,315,37607.9,P006
TXN000422,101,2026-08-09,Industrial Resins,305,144190.07,P011
TXN000423,75,2025-08-31,Art & Craft,97,5848.21,P012
TXN000424,80,2026-05-03,Art & Craft,85,5428.09,P006
TXN000425,5,2026-05-30,Industrial Resins,495,257425.79,P005
TXN000426,3,2026-02-05,Art & Craft,170,10034.31,P010
TXN000427,89,2025-10-26,Sealants,220,55020.01,P006
TXN000428,118,2025-08-28,Art & Craft,456,29266.32,P017
TXN000429,8,2026-03-22,Sealants,275,64725.95,P023
TXN000430,85,2026-06-08,Art & Craft,279,16327.61,P012
TXN000431,59,2025-09-23,Industrial Resins,185,93356.05,P006
TXN000432,99,2026-05-01,Construction Chemicals,322,57776.62,P005
TXN000433,36,2026-04-05,Industrial Resins,162,76542.85,P024
TXN000434,99,2025-09-09,Construction Chemicals,370,62700.94,P005
TXN000435,63,2025-07-24,Construction Chemicals,255,44512.01,P016
TXN000436,93,2025-09-23,Construction Chemicals,157,26122.83,P005
TXN000437,70,2025-07-12,Art & Craft,468,30776.58,P004
TXN000438,45,2025-09-04,Sealants,158,35882.33,P024
TXN000439,11,2026-04-26,Construction Chemicals,483,85938.04,P010
TXN000440,96,2025-12-03,Art & Craft,119,6714.55,P024
TXN000441,35,2026-07-11,Industrial Resins,366,174641.35,P024
TXN000442,79,2025-09-27,Industrial Resins,132,62600.45,P023
TXN000443,116,2026-08-09,Industrial Resins,125,64224.31,P012
TXN000444,13,2026-07-15,Art & Craft,179,11206.89,P006
TXN000445,88,2026-06-16,Sealants,12,3278.71,P012
TXN000446,53,2025-08-13,Art & Craft,254,15698.84,P012
TXN000447,37,2025-08-07,Construction Chemicals,156,28899.36,P010
TXN000448,12,2025-08-30,Industrial Resins,128,64449.95,P006
TXN000449,109,2026-02-03,Adhesives,477,62065.0,P018
TXN000450,113,2025-07-03,Sealants,488,132239.09,P006
TXN000451,51,2025-06-15,Art & Craft,105,6850.13,P016
TXN000452,119,2026-04-05,Construction Chemicals,458,74813.74,P004
TXN000453,73,2026-03-17,Industrial Resins,64,34742.11,P005
TXN000454,37,2025-12-26,Art & Craft,338,20455.63,P010
TXN000455,114,2026-04-18,Sealants,445,111343.73,P012
TXN000456,25,2026-01-13,Adhesives,179,20030.08,P016
TXN000457,83,2025-08-23,Construction Chemicals,377,63601.09,P006
TXN000458,44,2026-05-29,Construction Chemicals,300,55883.53,P006
TXN000459,23,2026-02-09,Industrial Resins,448,230214.92,P018
TXN000460,106,2026-02-11,Art & Craft,273,15816.29,P005
TXN000461,86,2026-01-03,Adhesives,104,13682.29,P024
TXN000462,42,2026-05-07,Sealants,13,3094.51,P006
TXN000463,58,2025-11-10,Construction Chemicals,498,86585.52,P005
TXN000464,93,2026-03-04,Industrial Resins,15,7142.33,P005
TXN000465,89,2026-01-09,Sealants,41,10593.96,P006
TXN000466,40,2025-09-09,Sealants,217,56268.9,P018
TXN000467,99,2026-04-06,Construction Chemicals,363,60340.39,P005
TXN000468,48,2026-06-28,Industrial Resins,123,58045.28,P016
TXN000469,62,2025-10-29,Sealants,242,63497.59,P024
TXN000470,48,2026-01-06,Art & Craft,369,22358.01,P016
TXN000471,97,2026-05-16,Industrial Resins,420,216891.97,P017
TXN000472,98,2025-06-14,Sealants,358,94059.84,P005
TXN000473,101,2025-09-09,Adhesives,279,33123.42,P011
TXN000474,47,2026-08-04,Adhesives,479,58217.68,P006
TXN000475,107,2025-11-15,Industrial Resins,472,236258.99,P023
TXN000476,69,2025-12-12,Sealants,94,22692.15,P012
TXN000477,57,2025-11-10,Adhesives,358,40428.81,P018
TXN000478,63,2025-07-17,Adhesives,470,56517.03,P016
TXN000479,8,2026-01-14,Art & Craft,77,4632.24,P023
TXN000480,73,2025-07-18,Adhesives,296,35252.74,P005
TXN000481,40,2026-09-03,Adhesives,212,24190.68,P018
TXN000482,96,2026-01-31,Sealants,306,69967.35,P024
TXN000483,45,2026-07-31,Adhesives,287,37843.52,P024
TXN000484,120,2026-06-04,Art & Craft,26,1493.57,P017
TXN000485,99,2025-08-27,Sealants,402,103344.65,P005
TXN000486,83,2026-02-21,Art & Craft,201,13248.77,P006
TXN000487,58,2025-10-01,Art & Craft,202,11102.53,P005
TXN000488,112,2026-03-10,Industrial Resins,78,40197.57,P006
TXN000489,16,2026-07-01,Sealants,285,69726.09,P022
TXN000490,94,2026-08-24,Sealants,437,98400.89,P004
TXN000491,39,2026-01-30,Art & Craft,354,22170.71,P023
TXN000492,69,2026-01-12,Art & Craft,431,24461.82,P012
TXN000493,45,2025-06-13,Sealants,151,35398.03,P024
TXN000494,93,2026-02-02,Adhesives,26,3313.11,P005
TXN000495,79,2026-07-15,Adhesives,133,15021.81,P023
TXN000496,77,2025-09-09,Adhesives,238,29118.55,P010
TXN000497,112,2026-02-11,Adhesives,135,16979.35,P006
TXN000498,57,2025-06-19,Sealants,286,67456.95,P018
TXN000499,100,2026-04-09,Adhesives,81,9727.57,P024
TXN000500,30,2025-08-05,Industrial Resins,173,87840.31,P012
TXN000501,87,2026-06-23,Construction Chemicals,131,22645.12,P011
TXN000502,85,2026-04-17,Industrial Resins,123,60436.79,P012
TXN000503,8,2025-08-24,Industrial Resins,495,252037.52,P023
TXN000504,117,2025-11-24,Sealants,330,85449.38,P011
TXN000505,64,2025-09-26,Adhesives,186,24291.24,P023
TXN000506,49,2026-02-07,Industrial Resins,173,89896.14,P006
TXN000507,20,2025-12-03,Construction Chemicals,202,34061.17,P012
TXN000508,61,2025-06-22,Sealants,444,104902.65,P010
TXN000509,91,2026-08-06,Sealants,422,104719.83,P011
TXN000510,72,2026-06-28,Art & Craft,223,13533.3,P004
TXN000511,50,2025-10-08,Sealants,140,32923.36,P011
TXN000512,11,2025-12-04,Art & Craft,443,25894.65,P010
TXN000513,93,2025-09-25,Sealants,36,8583.23,P005
TXN000514,78,2026-05-31,Industrial Resins,30,16120.86,P024
TXN000515,103,2026-05-16,Industrial Resins,380,196515.12,P006
TXN000516,62,2026-04-02,Sealants,455,123010.0,P024
TXN000517,117,2025-08-21,Adhesives,118,15398.04,P011
TXN000518,16,2025-10-30,Art & Craft,478,27203.51,P022
TXN000519,91,2025-11-26,Sealants,213,57671.1,P011
TXN000520,42,2025-10-07,Construction Chemicals,204,36472.14,P006
TXN000521,46,2025-12-24,Construction Chemicals,143,25017.45,P004
TXN000522,60,2026-01-07,Adhesives,421,55383.24,P024
TXN000523,98,2026-03-28,Construction Chemicals,478,80931.42,P005
TXN000524,53,2025-08-21,Adhesives,298,38363.93,P012
TXN000525,19,2025-11-09,Adhesives,143,17342.97,P006
TXN000526,75,2026-03-20,Art & Craft,161,8988.46,P012
TXN000527,30,2025-12-23,Art & Craft,301,19264.11,P012
TXN000528,71,2025-12-28,Construction Chemicals,141,26716.82,P012
TXN000529,93,2025-07-24,Art & Craft,245,13724.61,P005
TXN000530,46,2025-12-28,Sealants,81,21142.27,P004
TXN000531,24,2025-12-10,Industrial Resins,338,184454.61,P018
TXN000532,5,2026-08-11,Adhesives,493,62922.53,P005
TXN000533,98,2025-10-17,Adhesives,221,24597.26,P005
TXN000534,30,2026-05-16,Adhesives,372,41524.39,P012
TXN000535,65,2025-10-13,Art & Craft,201,10999.81,P012
TXN000536,86,2025-12-29,Industrial Resins,477,237698.84,P024
TXN000537,3,2026-08-29,Adhesives,282,34189.52,P010
TXN000538,3,2026-04-11,Industrial Resins,379,180962.67,P010
TXN000539,3,2026-01-27,Industrial Resins,426,221428.8,P010
TXN000540,104,2025-12-10,Sealants,64,17337.76,P022
TXN000541,20,2026-04-28,Sealants,108,27646.82,P012
TXN000542,105,2026-07-26,Construction Chemicals,146,27830.19,P012
TXN000543,48,2025-09-13,Art & Craft,245,14891.11,P016
TXN000544,29,2026-07-25,Construction Chemicals,360,69051.68,P022
TXN000545,84,2026-02-23,Adhesives,57,6710.42,P018
TXN000546,71,2025-09-10,Art & Craft,38,2342.36,P012
TXN000547,22,2025-10-09,Adhesives,265,33996.3,P016
TXN000548,101,2026-07-18,Construction Chemicals,299,58957.97,P011
TXN000549,115,2026-05-19,Industrial Resins,480,218042.48,P010
TXN000550,116,2026-07-28,Industrial Resins,253,120708.7,P012
TXN000551,88,2025-10-03,Construction Chemicals,470,85328.08,P012
TXN000552,5,2026-08-27,Sealants,485,129747.87,P005
TXN000553,27,2025-09-05,Industrial Resins,83,43593.71,P011
TXN000554,106,2026-06-13,Art & Craft,485,26637.78,P005
TXN000555,73,2026-02-17,Sealants,300,80019.76,P005
TXN000556,87,2025-08-22,Industrial Resins,179,87420.85,P011
TXN000557,18,2026-03-11,Adhesives,266,33486.99,P018
TXN000558,7,2026-07-28,Adhesives,233,26462.15,P004
TXN000559,44,2025-11-04,Industrial Resins,403,206088.77,P006
TXN000560,51,2025-07-30,Construction Chemicals,25,4620.71,P016
TXN000561,58,2026-02-24,Art & Craft,126,7341.99,P005
TXN000562,56,2026-02-22,Sealants,358,91037.16,P024
TXN000563,11,2025-09-04,Industrial Resins,161,85298.69,P010
TXN000564,10,2025-09-05,Adhesives,147,16420.09,P023
TXN000565,101,2026-03-04,Sealants,388,94858.67,P011
TXN000566,14,2026-01-20,Adhesives,12,1567.57,P016
TXN000567,47,2026-06-01,Construction Chemicals,62,10339.76,P006
TXN000568,56,2026-02-08,Art & Craft,295,17893.78,P024
TXN000569,14,2026-07-19,Adhesives,55,6407.17,P016
TXN000570,77,2026-02-19,Industrial Resins,411,198284.09,P010
TXN000571,2,2026-07-23,Construction Chemicals,221,38887.33,P016
TXN000572,93,2026-05-03,Industrial Resins,473,259806.14,P005
TXN000573,74,2026-06-10,Industrial Resins,96,49779.03,P005
TXN000574,18,2026-06-22,Construction Chemicals,164,28152.67,P018
TXN000575,9,2026-04-04,Sealants,232,55401.16,P016
TXN000576,62,2026-05-01,Adhesives,194,22123.91,P024
TXN000577,93,2026-01-13,Art & Craft,314,19279.61,P005
TXN000578,14,2026-02-14,Sealants,165,37180.83,P016
TXN000579,43,2026-03-20,Industrial Resins,204,108203.16,P011
TXN000580,57,2025-06-21,Construction Chemicals,230,44012.14,P018
TXN000581,84,2025-10-31,Industrial Resins,79,37923.44,P018
TXN000582,89,2026-02-13,Sealants,255,61380.84,P006
TXN000583,41,2025-12-27,Construction Chemicals,386,72189.13,P024
TXN000584,74,2025-07-13,Sealants,176,42909.29,P005
TXN000585,101,2025-11-20,Art & Craft,196,10851.86,P011
TXN000586,26,2025-08-07,Industrial Resins,289,135249.9,P006
TXN000587,71,2025-09-07,Adhesives,497,62350.2,P012
TXN000588,27,2025-09-15,Art & Craft,418,24033.32,P011
TXN000589,9,2025-10-15,Art & Craft,354,21237.04,P016
TXN000590,39,2025-09-03,Sealants,139,35852.71,P023
TXN000591,55,2025-11-02,Art & Craft,47,2791.27,P004
TXN000592,62,2025-06-16,Industrial Resins,215,108238.9,P024
TXN000593,89,2026-03-04,Art & Craft,288,15679.06,P006
TXN000594,90,2026-07-23,Industrial Resins,314,161338.86,P004
TXN000595,14,2026-06-11,Sealants,346,89349.2,P016
TXN000596,83,2025-10-09,Industrial Resins,32,16202.3,P006
TXN000597,87,2025-07-24,Art & Craft,395,22901.77,P011
TXN000598,56,2026-05-14,Adhesives,15,1655.5,P024
TXN000599,66,2025-11-14,Industrial Resins,295,149875.29,P022
TXN000600,29,2025-08-05,Art & Craft,201,11797.42,P022
TXN000601,87,2026-03-12,Industrial Resins,363,181516.91,P011
TXN000602,4,2026-07-23,Art & Craft,63,3625.35,P006
TXN000603,15,2026-01-14,Sealants,188,45231.77,P024
TXN000604,101,2026-01-04,Sealants,276,68764.38,P011
TXN000605,13,2026-03-25,Art & Craft,379,23634.88,P006
TXN000606,9,2026-07-08,Construction Chemicals,32,6117.33,P016
TXN000607,3,2025-07-22,Construction Chemicals,341,56584.54,P010
TXN000608,22,2026-06-15,Sealants,274,64040.01,P016
TXN000609,43,2026-05-09,Industrial Resins,228,124452.95,P011
TXN000610,103,2025-10-12,Art & Craft,332,18662.86,P006
TXN000611,85,2025-10-25,Art & Craft,212,11522.27,P012
TXN000612,114,2026-02-17,Sealants,240,61106.44,P012
TXN000613,1,2025-09-09,Sealants,115,27475.48,P006
TXN000614,104,2025-06-15,Adhesives,305,33684.82,P022
TXN000615,69,2026-01-13,Sealants,197,47535.95,P012
TXN000616,15,2025-12-08,Construction Chemicals,353,68148.39,P024
TXN000617,82,2026-02-16,Construction Chemicals,315,55437.17,P024
TXN000618,76,2026-01-13,Adhesives,188,21892.16,P024
TXN000619,80,2025-07-22,Sealants,426,110197.44,P006
TXN000620,39,2026-06-28,Industrial Resins,312,143044.26,P023
TXN000621,41,2026-06-03,Adhesives,132,15223.44,P024
TXN000622,48,2025-11-03,Sealants,271,66238.68,P016
TXN000623,18,2025-12-29,Industrial Resins,206,101414.6,P018
TXN000624,82,2026-06-08,Industrial Resins,365,197799.38,P024
TXN000625,72,2026-06-01,Sealants,260,62254.85,P004
TXN000626,41,2026-03-05,Art & Craft,327,17868.37,P024
TXN000627,2,2026-02-20,Art & Craft,79,4450.98,P016
TXN000628,72,2025-09-19,Industrial Resins,344,171826.96,P004
TXN000629,63,2025-12-28,Art & Craft,373,23901.36,P016
TXN000630,22,2025-08-11,Adhesives,299,32513.46,P016
TXN000631,29,2025-12-03,Construction Chemicals,26,4469.26,P022
TXN000632,37,2025-08-20,Sealants,409,101377.22,P010
TXN000633,99,2025-11-15,Art & Craft,291,17497.73,P005
TXN000634,15,2026-03-01,Construction Chemicals,406,73710.04,P024
TXN000635,70,2025-11-29,Adhesives,399,49976.95,P004
TXN000636,28,2025-10-05,Art & Craft,62,3895.58,P012
TXN000637,97,2026-08-19,Sealants,162,43535.96,P017
TXN000638,58,2026-07-22,Construction Chemicals,188,36291.37,P005
TXN000639,57,2026-05-20,Adhesives,407,51886.53,P018
TXN000640,104,2025-09-06,Industrial Resins,362,175592.84,P022
TXN000641,79,2025-07-30,Art & Craft,94,5771.02,P023
TXN000642,27,2026-03-09,Sealants,422,96202.45,P011
TXN000643,69,2026-03-23,Construction Chemicals,315,57139.64,P012
TXN000644,91,2025-06-22,Construction Chemicals,158,28853.72,P011
TXN000645,66,2025-07-29,Adhesives,79,10357.42,P022
TXN000646,53,2026-07-02,Adhesives,151,19450.18,P012
TXN000647,90,2026-03-24,Sealants,137,31826.77,P004
TXN000648,107,2026-02-15,Sealants,399,106603.94,P023
TXN000649,63,2025-10-18,Sealants,305,78269.13,P016
TXN000650,54,2025-07-25,Art & Craft,241,13232.39,P011
TXN000651,113,2026-04-15,Adhesives,216,26000.94,P006
TXN000652,89,2026-03-21,Construction Chemicals,242,47482.61,P006
TXN000653,75,2025-08-25,Adhesives,454,57466.98,P012
TXN000654,12,2026-03-05,Art & Craft,335,20759.86,P006
TXN000655,109,2026-05-16,Adhesives,417,50384.52,P018
TXN000656,55,2025-07-07,Sealants,263,62706.26,P004
TXN000657,37,2025-11-19,Construction Chemicals,290,53013.63,P010
TXN000658,110,2025-09-20,Art & Craft,413,24005.57,P022
TXN000659,98,2025-07-30,Adhesives,33,3642.86,P005
TXN000660,108,2025-06-22,Art & Craft,18,998.84,P018
TXN000661,21,2026-01-28,Art & Craft,243,13123.97,P012
TXN000662,26,2026-06-15,Sealants,461,118707.44,P006
TXN000663,112,2026-04-29,Construction Chemicals,57,10577.21,P006
TXN000664,11,2026-06-12,Construction Chemicals,350,68087.88,P010
TXN000665,7,2025-09-11,Art & Craft,330,19029.82,P004
TXN000666,97,2025-09-09,Sealants,229,59030.31,P017
TXN000667,13,2026-06-29,Adhesives,119,14213.76,P006
TXN000668,76,2026-08-31,Sealants,275,71224.76,P024
TXN000669,2,2025-06-21,Construction Chemicals,428,71194.11,P016
TXN000670,55,2026-02-20,Sealants,254,58049.52,P004
TXN000671,12,2026-04-04,Adhesives,62,7162.27,P006
TXN000672,18,2025-06-14,Art & Craft,406,25886.73,P018
TXN000673,18,2026-08-31,Sealants,45,11318.64,P018
TXN000674,79,2026-05-18,Sealants,235,57001.46,P023
TXN000675,81,2025-09-18,Sealants,480,117881.04,P018
TXN000676,57,2026-06-25,Sealants,54,14570.8,P018
TXN000677,97,2026-03-09,Adhesives,311,39036.79,P017
TXN000678,55,2026-04-16,Construction Chemicals,415,69319.06,P004
TXN000679,83,2025-11-01,Adhesives,137,16615.57,P006
TXN000680,93,2025-09-16,Industrial Resins,155,81824.03,P005
TXN000681,4,2025-12-18,Construction Chemicals,115,20773.48,P006
TXN000682,25,2025-07-30,Art & Craft,161,9942.4,P016
TXN000683,115,2026-05-04,Sealants,263,64249.4,P010
TXN000684,64,2026-08-29,Industrial Resins,46,23130.12,P023
TXN000685,47,2025-07-02,Construction Chemicals,77,13546.32,P006
TXN000686,73,2026-06-08,Art & Craft,197,11929.59,P005
TXN000687,98,2026-07-29,Art & Craft,498,32792.5,P005
TXN000688,3,2026-05-17,Industrial Resins,44,19860.69,P010
TXN000689,6,2025-12-19,Adhesives,495,62836.77,P012
TXN000690,37,2025-09-10,Industrial Resins,402,197600.37,P010
TXN000691,52,2025-10-24,Adhesives,337,40735.74,P006
TXN000692,20,2025-12-17,Construction Chemicals,52,9004.15,P012
TXN000693,118,2026-03-21,Sealants,423,98461.23,P017
TXN000694,51,2025-10-07,Industrial Resins,334,175791.69,P016
TXN000695,88,2025-08-27,Adhesives,168,20961.06,P012
TXN000696,109,2026-01-25,Sealants,39,9251.74,P018
TXN000697,15,2026-03-30,Art & Craft,323,19801.83,P024
TXN000698,86,2026-06-26,Sealants,71,16019.96,P024
TXN000699,90,2026-03-11,Adhesives,93,11151.99,P004
TXN000700,67,2026-04-25,Industrial Resins,410,218222.78,P018
TXN000701,22,2025-06-14,Construction Chemicals,74,13985.4,P016
TXN000702,35,2026-03-17,Adhesives,404,52357.41,P024
TXN000703,104,2026-04-23,Art & Craft,149,8982.65,P022
TXN000704,92,2026-01-14,Industrial Resins,331,151501.02,P024
TXN000705,66,2025-11-18,Construction Chemicals,38,6839.47,P022
TXN000706,22,2026-07-14,Construction Chemicals,90,15406.58,P016
TXN000707,115,2026-05-11,Industrial Resins,355,185408.63,P010
TXN000708,95,2025-06-20,Industrial Resins,11,4998.44,P024
TXN000709,2,2026-02-20,Sealants,33,8203.41,P016
TXN000710,118,2025-06-22,Sealants,101,27427.36,P017
TXN000711,5,2025-08-21,Industrial Resins,421,227927.2,P005
TXN000712,84,2026-02-03,Art & Craft,124,7174.84,P018
TXN000713,118,2025-11-16,Construction Chemicals,148,28376.91,P017
TXN000714,48,2026-08-09,Adhesives,267,33150.67,P016
TXN000715,23,2026-08-12,Sealants,421,105582.05,P018
TXN000716,52,2026-04-13,Adhesives,459,54695.48,P006
TXN000717,100,2026-01-14,Construction Chemicals,177,29224.45,P024
TXN000718,2,2025-07-30,Construction Chemicals,112,19319.71,P016
TXN000719,39,2025-11-06,Industrial Resins,134,66516.62,P023
TXN000720,64,2025-08-11,Sealants,385,103958.53,P023
TXN000721,102,2026-02-07,Sealants,87,19602.74,P006
TXN000722,4,2025-07-02,Sealants,287,69546.18,P006
TXN000723,89,2025-08-12,Adhesives,496,57556.05,P006
TXN000724,85,2026-03-31,Art & Craft,444,27908.5,P012
TXN000725,14,2026-02-02,Sealants,281,77037.78,P016
TXN000726,63,2026-07-19,Adhesives,82,10256.53,P016
TXN000727,6,2026-02-05,Sealants,469,125352.07,P012
TXN000728,90,2026-07-23,Construction Chemicals,244,48088.49,P004
TXN000729,75,2025-07-12,Adhesives,268,29802.76,P012
TXN000730,51,2026-01-25,Adhesives,313,38069.47,P016
TXN000731,85,2025-06-26,Sealants,131,31385.48,P012
TXN000732,41,2026-03-21,Art & Craft,368,23545.67,P024
TXN000733,41,2026-05-24,Art & Craft,149,8463.7,P024
TXN000734,18,2026-06-12,Industrial Resins,65,30260.17,P018
TXN000735,58,2025-12-04,Art & Craft,170,10009.29,P005
TXN000736,46,2026-04-22,Sealants,241,57940.11,P004
TXN000737,110,2025-09-18,Adhesives,56,6259.84,P022
TXN000738,39,2025-06-23,Industrial Resins,30,14145.06,P023
TXN000739,42,2026-03-06,Sealants,56,14591.24,P006
TXN000740,51,2026-04-24,Industrial Resins,35,18120.14,P016
TXN000741,105,2025-06-24,Sealants,25,6815.12,P012
TXN000742,58,2026-07-18,Industrial Resins,393,198469.75,P005
TXN000743,60,2026-07-04,Adhesives,421,53488.65,P024
TXN000744,2,2026-05-14,Adhesives,435,55133.22,P016
TXN000745,17,2025-09-18,Sealants,431,105607.54,P017
TXN000746,81,2025-07-15,Adhesives,308,37596.59,P018
TXN000747,10,2025-10-09,Adhesives,43,4848.08,P023
TXN000748,57,2025-07-07,Sealants,57,15404.47,P018
TXN000749,104,2026-01-11,Construction Chemicals,72,11774.67,P022
TXN000750,7,2025-07-11,Sealants,483,122534.3,P004
TXN000751,93,2025-09-20,Art & Craft,264,14349.4,P005
TXN000752,55,2026-06-01,Sealants,191,45025.54,P004
TXN000753,36,2026-08-18,Construction Chemicals,238,46125.18,P024
TXN000754,79,2026-04-06,Industrial Resins,325,154238.01,P023
TXN000755,64,2026-08-04,Art & Craft,461,27940.41,P023
TXN000756,12,2026-05-25,Construction Chemicals,206,34389.74,P006
TXN000757,83,2025-07-21,Industrial Resins,137,70291.34,P006
TXN000758,70,2026-03-05,Adhesives,205,25987.03,P004
TXN000759,62,2025-11-19,Industrial Resins,410,204371.86,P024
TXN000760,65,2026-08-22,Construction Chemicals,208,35721.02,P012
TXN000761,41,2025-07-16,Industrial Resins,122,55257.5,P024
TXN000762,100,2026-01-06,Construction Chemicals,39,7453.35,P024
TXN000763,68,2026-05-08,Construction Chemicals,402,73575.49,P024
TXN000764,21,2026-04-21,Adhesives,136,16832.01,P012
TXN000765,69,2026-05-15,Adhesives,401,52897.28,P012
TXN000766,74,2025-06-29,Art & Craft,191,12457.49,P005
TXN000767,23,2025-07-19,Sealants,131,33356.0,P018
TXN000768,95,2025-09-09,Construction Chemicals,477,87432.31,P024
TXN000769,90,2026-06-24,Construction Chemicals,495,90305.55,P004
TXN000770,73,2025-12-26,Sealants,438,120187.34,P005
TXN000771,70,2026-07-20,Construction Chemicals,99,17785.92,P004
TXN000772,8,2025-12-09,Sealants,318,75029.06,P023
TXN000773,62,2026-05-24,Adhesives,179,23275.28,P024
TXN000774,104,2025-07-21,Sealants,184,47995.83,P022
TXN000775,109,2025-11-08,Construction Chemicals,40,6511.55,P018
TXN000776,91,2025-12-09,Sealants,406,93601.69,P011
TXN000777,111,2025-09-30,Construction Chemicals,47,8246.12,P017
TXN000778,51,2026-03-23,Industrial Resins,61,29503.02,P016
TXN000779,18,2025-07-26,Sealants,384,104614.92,P018
TXN000780,82,2025-09-07,Art & Craft,342,19770.13,P024
TXN000781,72,2025-09-29,Industrial Resins,412,200101.21,P004
TXN000782,76,2025-09-17,Sealants,203,48789.26,P024
TXN000783,38,2025-09-10,Sealants,100,26144.15,P016
TXN000784,74,2025-11-18,Art & Craft,445,29339.47,P005
TXN000785,5,2025-07-17,Sealants,318,76609.65,P005
TXN000786,79,2025-12-24,Sealants,337,85354.52,P023
TXN000787,19,2026-03-11,Construction Chemicals,391,64437.21,P006
TXN000788,41,2026-07-21,Sealants,335,90204.11,P024
TXN000789,106,2026-05-20,Construction Chemicals,238,38653.64,P005
TXN000790,32,2026-07-11,Adhesives,189,21576.2,P018
TXN000791,93,2025-08-25,Adhesives,34,3986.92,P005
TXN000792,54,2026-02-23,Sealants,462,113513.84,P011
TXN000793,45,2026-01-02,Industrial Resins,202,92948.86,P024
TXN000794,101,2026-05-12,Industrial Resins,343,180357.75,P011
TXN000795,21,2026-08-18,Art & Craft,47,2988.75,P012
TXN000796,38,2026-07-13,Adhesives,173,19768.2,P016
TXN000797,10,2026-06-14,Construction Chemicals,97,18814.66,P023
TXN000798,94,2026-07-19,Adhesives,290,37875.17,P004
TXN000799,44,2025-09-09,Industrial Resins,324,174740.53,P006
TXN000800,4,2025-10-29,Art & Craft,492,30427.06,P006
TXN000801,114,2026-03-19,Art & Craft,90,4917.84,P012
TXN000802,27,2025-08-31,Sealants,219,56909.3,P011
TXN000803,119,2026-04-05,Industrial Resins,145,74828.67,P004
TXN000804,31,2025-11-27,Adhesives,35,4110.04,P005
TXN000805,108,2026-09-03,Art & Craft,88,4809.56,P018
TXN000806,55,2025-10-19,Adhesives,160,20443.77,P004
TXN000807,77,2026-05-22,Art & Craft,112,6178.35,P010
TXN000808,22,2026-07-07,Construction Chemicals,51,9131.48,P016
TXN000809,40,2025-10-01,Art & Craft,251,15027.16,P018
TXN000810,34,2026-06-02,Adhesives,338,40917.95,P018
TXN000811,48,2026-08-13,Art & Craft,199,11191.56,P016
TXN000812,34,2025-07-03,Art & Craft,248,14175.88,P018
TXN000813,35,2025-09-13,Industrial Resins,41,19069.64,P024
TXN000814,86,2025-07-18,Adhesives,53,6573.88,P024
TXN000815,70,2025-11-25,Art & Craft,397,24247.46,P004
TXN000816,8,2025-12-04,Art & Craft,429,25856.25,P023
TXN000817,88,2026-01-04,Art & Craft,303,19567.69,P012
TXN000818,39,2025-09-04,Adhesives,212,27489.33,P023
TXN000819,5,2025-07-22,Industrial Resins,302,163093.74,P005
TXN000820,74,2025-08-13,Industrial Resins,85,39272.4,P005
TXN000821,58,2026-05-19,Sealants,495,135738.11,P005
TXN000822,104,2026-07-26,Sealants,74,16807.9,P022
TXN000823,88,2025-10-18,Art & Craft,113,7454.3,P012
TXN000824,19,2025-08-28,Industrial Resins,142,68440.44,P006
TXN000825,118,2026-02-13,Adhesives,54,6334.98,P017
TXN000826,71,2026-01-13,Construction Chemicals,448,77030.57,P012
TXN000827,118,2025-11-08,Adhesives,412,51421.68,P017
TXN000828,67,2026-06-21,Art & Craft,67,3951.21,P018
TXN000829,73,2026-07-15,Industrial Resins,308,161958.02,P005
TXN000830,119,2025-07-29,Adhesives,298,37759.3,P004
TXN000831,37,2026-02-06,Industrial Resins,460,222817.98,P010
TXN000832,34,2025-10-28,Art & Craft,345,20640.32,P018
TXN000833,61,2026-06-23,Adhesives,98,11231.77,P010
TXN000834,80,2026-08-16,Industrial Resins,358,185933.07,P006
TXN000835,51,2025-08-19,Construction Chemicals,363,61910.69,P016
TXN000836,61,2026-03-16,Construction Chemicals,469,82266.29,P010
TXN000837,105,2025-12-27,Construction Chemicals,169,29083.63,P012
TXN000838,110,2026-04-04,Adhesives,454,51515.82,P022
TXN000839,96,2026-04-20,Art & Craft,406,25947.41,P024
TXN000840,94,2026-05-31,Art & Craft,319,19697.18,P004
TXN000841,57,2025-08-21,Sealants,477,126976.67,P018
TXN000842,63,2026-08-07,Industrial Resins,454,221275.52,P016
TXN000843,66,2025-12-19,Sealants,43,10343.91,P022
TXN000844,52,2025-06-11,Sealants,409,109433.99,P006
TXN000845,73,2025-07-05,Adhesives,98,11037.38,P005
TXN000846,26,2026-08-10,Adhesives,137,14904.74,P006
TXN000847,118,2026-02-28,Construction Chemicals,370,62592.14,P017
TXN000848,106,2026-07-03,Art & Craft,268,15748.57,P005
TXN000849,88,2025-11-04,Adhesives,133,15552.91,P012
TXN000850,58,2025-11-26,Sealants,455,113171.75,P005
TXN000851,45,2026-04-25,Construction Chemicals,93,17870.46,P024
TXN000852,96,2026-08-10,Adhesives,155,16842.12,P024
TXN000853,21,2025-06-23,Industrial Resins,409,223515.13,P012
TXN000854,29,2025-10-06,Sealants,356,83779.81,P022
TXN000855,53,2025-08-08,Industrial Resins,20,10729.26,P012
TXN000856,88,2025-10-08,Adhesives,252,32728.85,P012
TXN000857,23,2026-04-28,Industrial Resins,420,189355.48,P018
TXN000858,78,2025-10-10,Construction Chemicals,374,73608.02,P024
TXN000859,36,2026-03-10,Art & Craft,468,27386.29,P024
TXN000860,59,2025-09-23,Construction Chemicals,121,21634.94,P006
TXN000861,67,2026-09-01,Industrial Resins,213,108299.58,P018
TXN000862,66,2025-10-28,Construction Chemicals,297,55035.38,P022
TXN000863,37,2026-08-03,Construction Chemicals,360,59721.03,P010
TXN000864,44,2026-04-16,Construction Chemicals,337,58538.56,P006
TXN000865,34,2025-08-09,Construction Chemicals,106,17744.13,P018
TXN000866,31,2025-07-17,Adhesives,422,54258.89,P005
TXN000867,77,2026-06-25,Art & Craft,348,20126.59,P010
TXN000868,93,2026-04-06,Adhesives,345,41378.25,P005
TXN000869,34,2026-08-17,Art & Craft,217,12729.07,P018
TXN000870,75,2025-08-29,Industrial Resins,427,200259.38,P012
TXN000871,92,2025-07-30,Sealants,361,90875.16,P024
TXN000872,61,2026-06-09,Construction Chemicals,269,46485.09,P010
TXN000873,108,2026-01-06,Industrial Resins,102,48896.6,P018
TXN000874,17,2025-08-10,Construction Chemicals,381,72809.24,P017
TXN000875,117,2026-03-17,Sealants,494,127938.9,P011
TXN000876,84,2025-08-19,Adhesives,123,14332.8,P018
TXN000877,112,2026-03-19,Construction Chemicals,225,42833.53,P006
TXN000878,48,2025-06-26,Construction Chemicals,309,53329.02,P016
TXN000879,16,2025-11-10,Art & Craft,37,2382.68,P022
TXN000880,75,2026-05-28,Industrial Resins,46,22872.21,P012
TXN000881,65,2025-12-07,Adhesives,454,56448.88,P012
TXN000882,39,2026-06-19,Art & Craft,37,2384.66,P023
TXN000883,18,2025-11-17,Sealants,185,45410.02,P018
TXN000884,115,2025-09-03,Art & Craft,83,4797.12,P010
TXN000885,24,2026-06-06,Adhesives,259,30039.62,P018
TXN000886,41,2026-05-20,Adhesives,12,1426.19,P024
TXN000887,98,2025-12-28,Sealants,305,80283.38,P005
TXN000888,101,2025-10-15,Adhesives,76,9328.81,P011
TXN000889,55,2026-02-20,Art & Craft,229,15018.72,P004
TXN000890,1,2026-02-25,Adhesives,283,31918.42,P006
TXN000891,2,2026-05-30,Construction Chemicals,397,76222.5,P016
TXN000892,3,2026-05-12,Adhesives,330,41450.14,P010
TXN000893,89,2026-02-20,Construction Chemicals,169,28162.41,P006
TXN000894,65,2025-07-10,Industrial Resins,166,77472.54,P012
TXN000895,6,2025-08-28,Construction Chemicals,495,85372.55,P012
TXN000896,67,2025-09-18,Industrial Resins,278,134491.82,P018
TXN000897,18,2025-08-16,Construction Chemicals,471,84613.47,P018
TXN000898,25,2025-07-16,Sealants,495,133820.63,P016
TXN000899,52,2026-06-29,Adhesives,126,14286.35,P006
TXN000900,28,2026-07-03,Adhesives,311,37354.58,P012
TXN000901,47,2026-04-27,Adhesives,202,26065.49,P006
TXN000902,99,2026-08-11,Industrial Resins,329,149648.51,P005
TXN000903,85,2026-08-11,Adhesives,344,44055.01,P012
TXN000904,89,2026-07-03,Adhesives,223,26461.97,P006
TXN000905,71,2026-05-22,Construction Chemicals,252,47191.35,P012
TXN000906,89,2026-07-15,Adhesives,164,19368.55,P006
TXN000907,85,2025-09-11,Industrial Resins,148,75817.41,P012
TXN000908,18,2025-12-17,Art & Craft,435,28180.81,P018
TXN000909,93,2025-07-30,Industrial Resins,70,33478.95,P005
TXN000910,14,2025-08-02,Art & Craft,111,6805.19,P016
TXN000911,34,2026-02-07,Industrial Resins,113,54894.52,P018
TXN000912,38,2026-05-21,Sealants,30,7572.21,P016
TXN000913,89,2026-08-29,Art & Craft,179,10169.72,P006
TXN000914,86,2025-11-15,Adhesives,474,52448.26,P024
TXN000915,86,2025-08-01,Art & Craft,86,5623.83,P024
TXN000916,66,2026-04-26,Adhesives,380,47639.02,P022
TXN000917,83,2026-04-06,Sealants,243,66687.29,P006
TXN000918,34,2026-06-07,Art & Craft,35,1931.92,P018
TXN000919,112,2025-07-21,Adhesives,446,51278.23,P006
TXN000920,87,2026-07-18,Construction Chemicals,228,42997.94,P011
TXN000921,109,2025-09-30,Adhesives,14,1798.27,P018
TXN000922,83,2026-01-23,Sealants,178,43231.99,P006
TXN000923,80,2026-02-26,Construction Chemicals,459,86471.21,P006
TXN000924,105,2026-02-12,Construction Chemicals,103,17108.09,P012
TXN000925,59,2025-06-26,Construction Chemicals,437,76862.08,P006
TXN000926,62,2026-06-11,Art & Craft,342,22104.65,P024
TXN000927,15,2025-06-29,Sealants,366,95643.32,P024
TXN000928,21,2025-12-31,Adhesives,223,28960.89,P012
TXN000929,103,2025-10-27,Industrial Resins,357,176292.41,P006
TXN000930,49,2025-09-19,Construction Chemicals,323,52661.08,P006
TXN000931,113,2026-07-09,Sealants,257,69652.11,P006
TXN000932,114,2026-04-24,Art & Craft,235,12819.64,P012
TXN000933,84,2025-09-22,Construction Chemicals,16,2997.83,P018
TXN000934,68,2025-09-27,Industrial Resins,380,192470.46,P024
TXN000935,112,2025-09-11,Construction Chemicals,275,49728.72,P006
TXN000936,80,2026-04-30,Adhesives,231,28616.54,P006
TXN000937,62,2026-02-19,Construction Chemicals,349,65034.98,P024
TXN000938,20,2026-08-08,Industrial Resins,466,255731.09,P012
TXN000939,2,2025-06-25,Sealants,268,71674.53,P016
TXN000940,64,2026-03-24,Sealants,48,12603.43,P023
TXN000941,31,2026-05-13,Construction Chemicals,152,24899.52,P005
TXN000942,71,2026-07-26,Art & Craft,216,13781.93,P012
TXN000943,59,2026-07-21,Art & Craft,420,25568.1,P006
TXN000944,110,2025-12-24,Art & Craft,238,13754.67,P022
TXN000945,96,2026-08-17,Adhesives,62,7296.32,P024
TXN000946,72,2025-07-26,Industrial Resins,10,5325.91,P004
TXN000947,78,2025-12-18,Industrial Resins,336,161434.49,P024
TXN000948,72,2026-03-14,Sealants,345,89207.93,P004
TXN000949,47,2026-01-15,Adhesives,428,48513.81,P006
TXN000950,43,2026-01-05,Industrial Resins,402,205814.27,P011
TXN000951,92,2026-07-17,Construction Chemicals,376,67037.48,P024
TXN000952,98,2025-07-07,Sealants,11,2662.75,P005
TXN000953,82,2025-09-10,Construction Chemicals,290,52429.52,P024
TXN000954,14,2026-06-25,Adhesives,469,52499.73,P016
TXN000955,106,2026-05-27,Art & Craft,64,3651.29,P005
TXN000956,25,2026-05-17,Adhesives,486,62428.0,P016
TXN000957,59,2025-08-13,Sealants,376,90953.15,P006
TXN000958,54,2025-09-25,Adhesives,484,59627.72,P011
TXN000959,76,2026-01-13,Adhesives,405,52407.85,P024
TXN000960,85,2025-12-23,Industrial Resins,499,249709.46,P012
TXN000961,1,2026-01-26,Industrial Resins,386,175574.86,P006
TXN000962,108,2025-08-01,Industrial Resins,257,139406.33,P018
TXN000963,118,2025-08-26,Sealants,364,92429.69,P017
TXN000964,105,2025-11-01,Sealants,63,15395.33,P012
TXN000965,78,2026-02-02,Construction Chemicals,268,51919.66,P024
TXN000966,78,2026-03-13,Sealants,150,36734.02,P024
TXN000967,38,2026-02-05,Art & Craft,422,23463.39,P016
TXN000968,78,2025-11-28,Industrial Resins,163,87092.11,P024
TXN000969,111,2025-11-25,Construction Chemicals,374,70508.53,P017
TXN000970,81,2025-09-04,Sealants,112,26374.39,P018
TXN000971,38,2025-09-06,Construction Chemicals,481,89564.82,P016
TXN000972,84,2025-10-13,Sealants,267,67317.26,P018
TXN000973,42,2026-01-02,Adhesives,399,46465.03,P006
TXN000974,75,2026-02-03,Industrial Resins,492,254224.14,P012
TXN000975,87,2026-01-31,Industrial Resins,156,83888.64,P011
TXN000976,104,2026-02-21,Adhesives,277,30623.82,P022
TXN000977,19,2026-04-21,Adhesives,353,38603.56,P006
TXN000978,97,2026-06-22,Sealants,156,40430.44,P017
TXN000979,108,2026-05-23,Adhesives,363,46037.32,P018
TXN000980,97,2026-01-16,Industrial Resins,26,12632.57,P017
TXN000981,14,2025-11-21,Industrial Resins,454,234968.88,P016
TXN000982,111,2026-02-17,Sealants,390,100368.83,P017
TXN000983,31,2025-09-13,Industrial Resins,411,217699.86,P005
TXN000984,37,2026-02-03,Adhesives,484,56704.46,P010
TXN000985,101,2025-08-20,Construction Chemicals,292,47869.57,P011
TXN000986,33,2025-06-21,Sealants,327,87780.7,P006
TXN000987,112,2025-10-15,Art & Craft,434,24610.66,P006
TXN000988,91,2025-08-22,Construction Chemicals,396,72540.02,P011
TXN000989,78,2026-05-28,Sealants,407,106327.01,P024
TXN000990,38,2026-07-28,Art & Craft,100,6580.14,P016
TXN000991,24,2026-02-23,Sealants,386,96767.24,P018
TXN000992,6,2026-06-30,Art & Craft,152,9223.24,P012
TXN000993,21,2026-03-19,Industrial Resins,443,210647.22,P012
TXN000994,60,2026-03-23,Sealants,30,6980.56,P024
TXN000995,77,2025-10-24,Adhesives,406,52933.13,P010
TXN000996,108,2025-11-27,Construction Chemicals,261,49703.98,P018
TXN000997,46,2025-12-09,Adhesives,411,51368.57,P004
TXN000998,29,2025-12-20,Sealants,276,63040.84,P022
TXN000999,21,2026-07-19,Art & Craft,288,17408.0,P012
TXN001000,45,2026-03-19,Sealants,462,108878.47,P024
TXN001001,43,2025-08-15,Construction Chemicals,160,27178.24,P011
TXN001002,80,2025-07-10,Industrial Resins,253,139064.77,P006
TXN001003,97,2026-01-19,Adhesives,68,8435.71,P017
TXN001004,31,2026-08-15,Industrial Resins,480,245814.32,P005
TXN001005,88,2026-07-08,Construction Chemicals,205,39969.58,P012
TXN001006,50,2026-08-23,Construction Chemicals,286,53786.05,P011
TXN001007,117,2025-12-15,Industrial Resins,430,226631.26,P011
TXN001008,103,2026-04-06,Industrial Resins,238,118685.95,P006
TXN001009,115,2026-07-17,Sealants,174,43620.88,P010
TXN001010,22,2026-08-02,Industrial Resins,283,127557.46,P016
TXN001011,27,2025-07-04,Sealants,452,117190.16,P011
TXN001012,14,2025-06-12,Sealants,285,75934.67,P016
TXN001013,95,2026-07-30,Art & Craft,341,21756.16,P024
TXN001014,96,2026-03-19,Sealants,22,5455.15,P024
TXN001015,5,2025-07-25,Adhesives,47,5137.21,P005
TXN001016,33,2026-05-11,Industrial Resins,46,23344.83,P006
TXN001017,117,2025-10-17,Construction Chemicals,218,38361.28,P011
TXN001018,52,2025-09-25,Art & Craft,171,9268.66,P006
TXN001019,16,2025-10-23,Industrial Resins,13,6683.85,P022
TXN001020,9,2026-07-29,Industrial Resins,33,17162.91,P016
TXN001021,46,2025-09-18,Industrial Resins,64,30654.95,P004
TXN001022,39,2026-01-23,Industrial Resins,54,25820.19,P023
TXN001023,49,2026-01-05,Art & Craft,430,26629.33,P006
TXN001024,21,2026-02-16,Industrial Resins,122,56563.85,P012
TXN001025,102,2026-06-23,Industrial Resins,161,87908.16,P006
TXN001026,39,2025-11-25,Construction Chemicals,500,98090.37,P023
TXN001027,112,2026-09-02,Industrial Resins,82,37910.53,P006
TXN001028,74,2026-07-23,Industrial Resins,211,106283.91,P005
TXN001029,40,2025-08-29,Sealants,393,102994.11,P018
TXN001030,45,2025-06-26,Sealants,221,59732.19,P024
TXN001031,66,2025-10-24,Sealants,92,21546.37,P022
TXN001032,107,2025-09-26,Construction Chemicals,109,18107.78,P023
TXN001033,103,2025-08-16,Industrial Resins,446,203125.72,P006
TXN001034,120,2026-07-29,Industrial Resins,246,126558.99,P017
TXN001035,38,2025-08-29,Adhesives,138,15229.25,P016
TXN001036,75,2026-07-01,Art & Craft,497,28811.19,P012
TXN001037,86,2026-07-31,Sealants,61,14594.67,P024
TXN001038,116,2026-03-20,Sealants,172,42878.41,P012
TXN001039,79,2025-11-19,Construction Chemicals,365,66805.99,P023
TXN001040,73,2026-01-28,Construction Chemicals,423,73343.12,P005
TXN001041,22,2026-05-14,Adhesives,170,19364.39,P016
TXN001042,92,2026-06-28,Art & Craft,151,9676.28,P024
TXN001043,87,2026-01-19,Construction Chemicals,459,82288.76,P011
TXN001044,46,2026-06-07,Construction Chemicals,259,47101.79,P004
TXN001045,83,2025-06-22,Industrial Resins,51,27243.14,P006
TXN001046,106,2026-04-23,Sealants,466,117399.8,P005
TXN001047,94,2026-08-26,Adhesives,382,41947.27,P004
TXN001048,109,2025-11-11,Industrial Resins,333,150888.77,P018
TXN001049,75,2026-08-17,Art & Craft,403,24615.42,P012
TXN001050,71,2025-12-02,Construction Chemicals,288,55924.85,P012
TXN001051,61,2025-08-05,Sealants,197,48191.11,P010
TXN001052,76,2025-12-17,Construction Chemicals,78,13940.88,P024
TXN001053,12,2025-09-30,Art & Craft,196,11765.1,P006
TXN001054,31,2025-12-15,Industrial Resins,360,167970.37,P005
TXN001055,18,2025-11-19,Art & Craft,91,5109.63,P018
TXN001056,85,2026-03-05,Sealants,386,100977.69,P012
TXN001057,6,2026-08-03,Sealants,399,99503.46,P012
TXN001058,34,2026-05-22,Construction Chemicals,129,21096.8,P018
TXN001059,67,2026-01-15,Construction Chemicals,208,37212.92,P018
TXN001060,113,2026-03-23,Adhesives,30,3946.02,P006
TXN001061,14,2025-07-04,Industrial Resins,334,178010.21,P016
TXN001062,95,2026-06-07,Construction Chemicals,306,55568.56,P024
TXN001063,49,2025-07-04,Art & Craft,197,12027.27,P006
TXN001064,10,2026-05-13,Industrial Resins,138,67293.34,P023
TXN001065,67,2026-03-12,Art & Craft,190,12123.3,P018
TXN001066,63,2025-12-22,Art & Craft,464,28420.25,P016
TXN001067,113,2026-07-27,Sealants,235,54820.87,P006
TXN001068,66,2026-06-16,Construction Chemicals,118,19754.22,P022
TXN001069,47,2025-10-01,Industrial Resins,377,200449.21,P006
TXN001070,30,2026-07-08,Art & Craft,425,24634.15,P012
TXN001071,62,2026-06-14,Art & Craft,255,14414.75,P024
TXN001072,83,2026-07-01,Art & Craft,21,1195.4,P006
TXN001073,74,2025-12-16,Industrial Resins,92,42639.46,P005
TXN001074,6,2026-04-25,Industrial Resins,85,38725.25,P012
TXN001075,119,2025-11-02,Sealants,274,74777.87,P004
TXN001076,73,2025-10-01,Adhesives,459,57498.53,P005
TXN001077,106,2026-01-18,Construction Chemicals,494,81552.95,P005
TXN001078,78,2026-05-15,Art & Craft,454,27140.13,P024
TXN001079,107,2025-11-10,Art & Craft,317,17660.88,P023
TXN001080,106,2026-04-22,Sealants,329,84876.22,P005
TXN001081,22,2025-11-06,Construction Chemicals,482,85952.61,P016
TXN001082,9,2026-07-11,Sealants,203,49587.44,P016
TXN001083,3,2025-12-20,Sealants,277,74230.34,P010
TXN001084,88,2026-07-17,Art & Craft,433,24159.12,P012
TXN001085,23,2026-08-16,Art & Craft,471,28908.56,P018
TXN001086,113,2026-07-19,Industrial Resins,267,140238.63,P006
TXN001087,62,2025-07-08,Sealants,471,120186.83,P024
TXN001088,1,2025-06-14,Art & Craft,277,16356.35,P006
TXN001089,6,2025-07-21,Industrial Resins,229,108305.24,P012
TXN001090,62,2025-08-21,Art & Craft,189,11541.96,P024
TXN001091,117,2026-04-27,Industrial Resins,60,29552.94,P011
TXN001092,62,2026-04-12,Sealants,475,127277.51,P024
TXN001093,77,2026-09-02,Industrial Resins,219,104195.93,P010
TXN001094,91,2025-12-12,Adhesives,305,36765.0,P011
TXN001095,1,2025-07-20,Art & Craft,345,19480.43,P006
TXN001096,41,2026-01-29,Art & Craft,195,10779.4,P024
TXN001097,84,2025-12-04,Industrial Resins,139,66182.11,P018
TXN001098,55,2025-09-21,Industrial Resins,197,100704.05,P004
TXN001099,51,2025-11-23,Sealants,221,55825.76,P016
TXN001100,62,2025-12-31,Sealants,199,50337.98,P024
TXN001101,33,2025-09-08,Construction Chemicals,305,53191.03,P006
TXN001102,51,2026-07-06,Sealants,447,119881.61,P016
TXN001103,96,2026-06-14,Sealants,238,62869.0,P024
TXN001104,13,2026-03-15,Sealants,270,66157.57,P006
TXN001105,103,2025-09-08,Industrial Resins,324,168384.66,P006
TXN001106,7,2026-09-02,Sealants,209,57104.76,P004
TXN001107,103,2025-11-01,Adhesives,431,48051.28,P006
TXN001108,56,2026-02-27,Adhesives,42,4801.2,P024
TXN001109,11,2026-02-11,Industrial Resins,29,15151.03,P010
TXN001110,79,2025-11-03,Industrial Resins,156,81301.05,P023
TXN001111,8,2026-08-30,Sealants,337,84155.11,P023
TXN001112,26,2025-07-30,Industrial Resins,156,73238.05,P006
TXN001113,77,2025-10-25,Industrial Resins,274,142437.52,P010
TXN001114,22,2026-09-04,Adhesives,194,22065.98,P016
TXN001115,21,2026-03-08,Adhesives,151,19133.53,P012
TXN001116,86,2025-12-13,Art & Craft,217,13244.15,P024
TXN001117,2,2026-04-12,Adhesives,480,52878.71,P016
TXN001118,93,2026-03-11,Industrial Resins,478,242964.17,P005
TXN001119,105,2026-05-28,Construction Chemicals,125,22978.64,P012
TXN001120,59,2026-06-07,Art & Craft,304,16432.97,P006
TXN001121,53,2025-12-21,Industrial Resins,64,32375.24,P012
TXN001122,38,2025-12-16,Construction Chemicals,494,82108.89,P016
TXN001123,33,2026-04-29,Industrial Resins,426,225498.38,P006
TXN001124,89,2025-08-06,Art & Craft,203,12333.88,P006
TXN001125,32,2026-01-12,Construction Chemicals,407,72657.05,P018
TXN001126,115,2026-07-07,Industrial Resins,451,204183.52,P010
TXN001127,34,2026-05-15,Adhesives,205,25257.62,P018
TXN001128,87,2026-03-08,Sealants,419,100889.56,P011
TXN001129,67,2026-04-23,Industrial Resins,14,7281.15,P018
TXN001130,32,2025-08-17,Construction Chemicals,57,10052.61,P018
TXN001131,106,2026-06-05,Construction Chemicals,48,8734.26,P005
TXN001132,61,2025-11-15,Construction Chemicals,191,32444.86,P010
TXN001133,35,2026-05-30,Sealants,494,129580.06,P024
TXN001134,64,2025-06-15,Sealants,130,34030.29,P023
TXN001135,34,2026-04-30,Sealants,127,29862.57,P018
TXN001136,108,2026-07-12,Industrial Resins,192,89395.11,P018
TXN001137,16,2025-12-26,Adhesives,356,46614.18,P022
TXN001138,79,2026-08-14,Adhesives,401,51556.63,P023
TXN001139,109,2025-12-26,Art & Craft,200,12289.6,P018
TXN001140,115,2026-06-03,Industrial Resins,454,216772.88,P010
TXN001141,98,2025-08-16,Industrial Resins,153,74937.56,P005
TXN001142,74,2026-01-31,Sealants,37,9297.61,P005
TXN001143,62,2026-02-15,Industrial Resins,26,13006.44,P024
TXN001144,111,2025-09-12,Sealants,244,66813.39,P017
TXN001145,67,2026-08-29,Art & Craft,171,10648.26,P018
TXN001146,87,2026-03-22,Sealants,204,51826.28,P011
TXN001147,47,2025-11-28,Industrial Resins,451,214662.5,P006
TXN001148,34,2025-10-26,Sealants,147,36539.39,P018
TXN001149,44,2026-05-20,Construction Chemicals,104,18715.39,P006
TXN001150,54,2026-04-14,Construction Chemicals,196,37780.12,P011
TXN001151,58,2025-11-14,Sealants,302,69930.2,P005
TXN001152,88,2026-04-19,Sealants,426,97977.23,P012
TXN001153,103,2026-02-21,Sealants,294,72503.62,P006
TXN001154,26,2026-06-20,Sealants,419,114369.15,P006
TXN001155,61,2026-06-28,Adhesives,100,11811.65,P010
TXN001156,115,2025-07-29,Industrial Resins,283,147741.86,P010
TXN001157,63,2025-11-18,Construction Chemicals,138,25148.7,P016
TXN001158,7,2026-08-05,Art & Craft,60,3737.19,P004
TXN001159,28,2026-07-17,Construction Chemicals,253,48627.35,P012
TXN001160,58,2025-11-22,Construction Chemicals,143,25024.23,P005
TXN001161,72,2026-07-04,Construction Chemicals,186,30264.82,P004
TXN001162,45,2025-10-07,Industrial Resins,111,56353.08,P024
TXN001163,84,2026-04-12,Industrial Resins,99,54245.79,P018
TXN001164,46,2025-08-04,Construction Chemicals,354,63853.11,P004
TXN001165,95,2025-10-25,Art & Craft,465,25547.51,P024
TXN001166,37,2025-06-17,Art & Craft,333,21804.55,P010
TXN001167,22,2025-11-16,Construction Chemicals,225,41563.31,P016
TXN001168,52,2026-05-11,Adhesives,50,5594.4,P006
TXN001169,41,2026-04-21,Construction Chemicals,344,59336.16,P024
TXN001170,78,2025-08-01,Art & Craft,148,9568.54,P024
TXN001171,111,2026-01-17,Construction Chemicals,392,71786.61,P017
TXN001172,53,2026-07-02,Sealants,104,27841.9,P012
TXN001173,94,2025-08-20,Sealants,348,82678.66,P004
TXN001174,90,2026-07-14,Adhesives,117,13104.68,P004
TXN001175,13,2025-11-28,Adhesives,489,63124.32,P006
TXN001176,7,2025-08-09,Adhesives,404,47481.43,P004
TXN001177,11,2026-07-23,Adhesives,144,17688.16,P010
TXN001178,84,2025-08-23,Art & Craft,168,9534.38,P018
TXN001179,37,2025-12-09,Art & Craft,330,18320.59,P010
TXN001180,108,2026-03-06,Sealants,24,5442.19,P018
TXN001181,111,2025-06-16,Construction Chemicals,452,80971.99,P017
TXN001182,70,2025-09-12,Construction Chemicals,290,51624.18,P004
TXN001183,70,2025-10-16,Sealants,312,79522.31,P004
TXN001184,96,2025-10-12,Industrial Resins,232,116544.27,P024
TXN001185,69,2025-12-02,Construction Chemicals,475,82886.58,P012
TXN001186,30,2026-02-05,Adhesives,236,27231.77,P012
TXN001187,34,2025-12-11,Sealants,165,37212.09,P018
TXN001188,105,2025-12-05,Sealants,186,44516.89,P012
TXN001189,2,2026-04-04,Art & Craft,494,31154.44,P016
TXN001190,2,2026-05-09,Art & Craft,418,24041.3,P016
TXN001191,102,2026-02-06,Adhesives,290,33920.56,P006
TXN001192,113,2026-06-13,Industrial Resins,233,114047.72,P006
TXN001193,92,2026-04-23,Art & Craft,434,25406.49,P024
TXN001194,11,2025-08-09,Art & Craft,330,18768.66,P010
TXN001195,103,2026-04-18,Industrial Resins,423,219703.01,P006
TXN001196,37,2026-05-31,Industrial Resins,424,202198.05,P010
TXN001197,110,2026-07-10,Adhesives,103,11461.73,P022
TXN001198,82,2025-09-11,Art & Craft,326,19375.23,P024
TXN001199,80,2026-06-19,Art & Craft,106,6131.86,P006
TXN001200,7,2026-07-14,Industrial Resins,21,9840.47,P004
TXN001201,37,2025-08-28,Construction Chemicals,74,13893.28,P010
TXN001202,2,2025-12-26,Sealants,56,13021.91,P016
TXN001203,28,2025-07-22,Construction Chemicals,225,38973.77,P012
TXN001204,64,2026-08-19,Construction Chemicals,247,46211.14,P023
TXN001205,43,2026-06-22,Adhesives,441,55572.03,P011
TXN001206,8,2025-11-30,Construction Chemicals,407,71683.76,P023
TXN001207,61,2026-04-29,Sealants,108,29136.77,P010
TXN001208,105,2025-08-07,Art & Craft,434,23501.7,P012
TXN001209,92,2026-01-21,Sealants,207,54557.18,P024
TXN001210,32,2025-08-06,Adhesives,111,13215.66,P018
TXN001211,13,2026-01-05,Industrial Resins,350,191874.05,P006
TXN001212,50,2025-10-17,Construction Chemicals,489,84905.2,P011
TXN001213,94,2025-12-12,Adhesives,391,51024.76,P004
TXN001214,16,2026-05-26,Construction Chemicals,256,47356.6,P022
TXN001215,47,2026-07-09,Adhesives,452,56048.31,P006
TXN001216,31,2025-07-25,Art & Craft,176,9535.82,P005
TXN001217,36,2026-05-03,Industrial Resins,71,34760.24,P024
TXN001218,2,2026-01-04,Adhesives,307,38928.65,P016
TXN001219,89,2026-07-21,Industrial Resins,89,43355.45,P006
TXN001220,32,2025-10-23,Sealants,265,60836.07,P018
TXN001221,44,2026-06-18,Adhesives,40,4661.3,P006
TXN001222,90,2025-12-29,Industrial Resins,415,191206.75,P004
TXN001223,30,2025-08-13,Construction Chemicals,295,56164.53,P012
TXN001224,45,2025-09-17,Art & Craft,385,21681.5,P024
TXN001225,49,2026-08-15,Construction Chemicals,380,63403.14,P006
TXN001226,63,2025-09-13,Art & Craft,296,17030.83,P016
TXN001227,63,2026-03-10,Sealants,300,70299.4,P016
TXN001228,42,2025-11-02,Art & Craft,150,9661.79,P006
TXN001229,118,2026-06-17,Industrial Resins,92,42033.66,P017
TXN001230,58,2026-03-01,Construction Chemicals,429,73565.17,P005
TXN001231,59,2026-02-22,Adhesives,407,50188.24,P006
TXN001232,94,2025-06-23,Sealants,462,104382.43,P004
TXN001233,47,2026-08-03,Industrial Resins,132,63633.16,P006
TXN001234,85,2025-12-10,Industrial Resins,429,209673.36,P012
TXN001235,88,2025-10-26,Art & Craft,402,24368.28,P012
TXN001236,37,2026-07-10,Construction Chemicals,219,40530.89,P010
TXN001237,13,2025-07-04,Industrial Resins,347,158463.79,P006
TXN001238,17,2026-07-12,Sealants,457,103539.61,P017
TXN001239,63,2025-10-11,Sealants,60,13595.45,P016
TXN001240,108,2025-10-20,Art & Craft,346,20718.1,P018
TXN001241,90,2026-05-14,Industrial Resins,141,64142.11,P004
TXN001242,78,2026-05-21,Adhesives,16,2085.2,P024
TXN001243,84,2026-07-26,Art & Craft,485,31368.45,P018
TXN001244,60,2026-02-04,Adhesives,194,23550.14,P024
TXN001245,106,2025-07-10,Construction Chemicals,416,78001.5,P005
TXN001246,79,2026-07-30,Construction Chemicals,280,45769.78,P023
TXN001247,107,2025-12-13,Construction Chemicals,49,9604.28,P023
TXN001248,13,2026-02-19,Adhesives,381,43260.43,P006
TXN001249,25,2025-11-17,Sealants,279,71938.43,P016
TXN001250,81,2026-02-04,Sealants,295,77425.62,P018
TXN001251,96,2026-03-05,Adhesives,402,49577.45,P024
TXN001252,87,2026-07-13,Art & Craft,369,22871.69,P011
TXN001253,22,2026-03-16,Sealants,291,71317.66,P016
TXN001254,85,2026-01-21,Sealants,283,77802.84,P012
TXN001255,120,2026-03-22,Construction Chemicals,472,81819.11,P017
TXN001256,109,2026-01-27,Construction Chemicals,221,41881.85,P018
TXN001257,106,2025-11-29,Construction Chemicals,321,54783.79,P005
TXN001258,28,2025-08-19,Art & Craft,402,24362.35,P012
TXN001259,33,2026-02-13,Construction Chemicals,241,42924.51,P006
TXN001260,1,2025-12-13,Adhesives,155,18956.24,P006
TXN001261,18,2026-05-14,Construction Chemicals,13,2246.56,P018
TXN001262,28,2025-09-16,Construction Chemicals,21,3985.27,P012
TXN001263,106,2025-11-24,Construction Chemicals,480,87327.3,P005
TXN001264,74,2026-01-12,Industrial Resins,89,40889.16,P005
TXN001265,46,2025-11-10,Sealants,80,19059.95,P004
TXN001266,32,2026-07-19,Sealants,141,37443.07,P018
TXN001267,74,2025-08-25,Art & Craft,301,19569.39,P005
TXN001268,10,2025-12-29,Construction Chemicals,415,74439.05,P023
TXN001269,106,2025-11-04,Industrial Resins,429,231988.43,P005
TXN001270,83,2025-11-13,Construction Chemicals,29,5460.94,P006
TXN001271,49,2025-08-06,Adhesives,409,44720.94,P006
TXN001272,43,2026-02-03,Construction Chemicals,460,88051.87,P011
TXN001273,120,2025-08-18,Adhesives,455,57552.66,P017
TXN001274,84,2025-08-02,Industrial Resins,485,218804.57,P018
TXN001275,81,2026-08-14,Art & Craft,37,2133.32,P018
TXN001276,41,2025-12-21,Industrial Resins,299,139022.44,P024
TXN001277,90,2025-08-26,Sealants,88,20022.29,P004
TXN001278,51,2025-12-20,Art & Craft,395,24150.93,P016
TXN001279,12,2026-02-15,Sealants,231,55321.99,P006
TXN001280,19,2025-11-16,Sealants,182,41701.16,P006
TXN001281,96,2026-07-23,Adhesives,290,34098.37,P024
TXN001282,52,2026-06-30,Industrial Resins,232,122352.74,P006
TXN001283,98,2025-12-29,Sealants,256,64758.99,P005
TXN001284,51,2025-08-24,Industrial Resins,110,55672.84,P016
TXN001285,68,2025-08-03,Sealants,134,30630.01,P024
TXN001286,56,2026-07-21,Construction Chemicals,360,70296.83,P024
TXN001287,15,2026-05-30,Art & Craft,226,13194.61,P024
TXN001288,42,2025-08-06,Construction Chemicals,314,58276.75,P006
TXN001289,40,2025-07-20,Sealants,189,48348.29,P018
TXN001290,57,2025-07-13,Industrial Resins,84,41499.89,P018
TXN001291,30,2025-08-13,Sealants,360,87728.77,P012
TXN001292,94,2026-05-03,Adhesives,67,8425.25,P004
TXN001293,80,2026-04-10,Sealants,454,121046.5,P006
TXN001294,2,2026-04-01,Construction Chemicals,365,69698.25,P016
TXN001295,58,2025-08-22,Art & Craft,21,1217.63,P005
TXN001296,69,2025-08-16,Sealants,114,28764.62,P012
TXN001297,34,2026-06-24,Industrial Resins,257,131662.18,P018
TXN001298,89,2025-09-30,Adhesives,202,24642.41,P006
TXN001299,68,2026-04-12,Adhesives,140,15692.27,P024
TXN001300,26,2025-10-04,Industrial Resins,148,67385.66,P006
TXN001301,2,2025-09-30,Adhesives,208,25760.58,P016
TXN001302,110,2026-04-08,Construction Chemicals,452,74979.61,P022
TXN001303,112,2025-12-18,Art & Craft,128,8416.96,P006
TXN001304,91,2025-06-18,Adhesives,472,54549.49,P011
TXN001305,77,2025-12-22,Industrial Resins,55,25775.3,P010
TXN001306,59,2026-08-15,Industrial Resins,484,252283.51,P006
TXN001307,32,2026-02-15,Industrial Resins,166,80237.26,P018
TXN001308,96,2026-03-08,Sealants,19,4604.44,P024
TXN001309,46,2025-12-22,Construction Chemicals,130,25721.25,P004
TXN001310,36,2026-02-18,Adhesives,330,37680.82,P024
TXN001311,114,2026-04-14,Adhesives,493,59810.04,P012
TXN001312,29,2025-10-03,Sealants,184,49654.01,P022
TXN001313,18,2025-09-22,Adhesives,383,44877.25,P018
TXN001314,79,2026-06-18,Sealants,223,52855.02,P023
TXN001315,55,2026-01-18,Construction Chemicals,475,87301.81,P004
TXN001316,70,2025-11-11,Sealants,115,29626.72,P004
TXN001317,70,2025-09-17,Sealants,451,104589.37,P004
TXN001318,91,2025-08-06,Industrial Resins,475,220174.49,P011
TXN001319,19,2026-08-01,Industrial Resins,479,223120.5,P006
TXN001320,72,2026-06-02,Industrial Resins,495,258362.31,P004
TXN001321,41,2026-03-25,Sealants,382,86513.13,P024
TXN001322,113,2025-08-19,Art & Craft,220,12680.84,P006
TXN001323,120,2026-07-12,Construction Chemicals,87,16534.17,P017
TXN001324,17,2025-10-26,Sealants,23,6051.81,P017
TXN001325,79,2026-05-09,Construction Chemicals,320,58372.34,P023
TXN001326,77,2026-03-05,Sealants,128,33199.22,P010
TXN001327,11,2025-10-30,Art & Craft,78,4682.18,P010
TXN001328,61,2025-12-27,Construction Chemicals,104,20038.37,P010
TXN001329,61,2026-08-19,Sealants,93,21823.66,P010
TXN001330,53,2026-02-05,Adhesives,483,55292.2,P012
TXN001331,29,2026-06-06,Sealants,397,93385.56,P022
TXN001332,119,2025-09-17,Art & Craft,453,27816.33,P004
TXN001333,42,2026-02-09,Art & Craft,464,26430.09,P006
TXN001334,100,2026-02-22,Adhesives,321,40333.0,P024
TXN001335,93,2025-08-20,Construction Chemicals,211,38826.99,P005
TXN001336,74,2025-06-13,Industrial Resins,284,142716.55,P005
TXN001337,91,2026-01-14,Adhesives,276,30532.11,P011
TXN001338,106,2025-12-13,Adhesives,459,60542.13,P005
TXN001339,69,2026-02-18,Art & Craft,386,21025.81,P012
TXN001340,67,2026-02-13,Adhesives,107,12303.75,P018
TXN001341,114,2026-01-11,Construction Chemicals,406,77868.51,P012
TXN001342,22,2026-08-08,Art & Craft,160,9817.22,P016
TXN001343,89,2025-07-07,Industrial Resins,472,219113.71,P006
TXN001344,83,2026-07-09,Art & Craft,56,3509.62,P006
TXN001345,24,2025-11-29,Industrial Resins,490,264322.07,P018
TXN001346,18,2026-08-23,Art & Craft,221,12791.82,P018
TXN001347,23,2026-05-24,Art & Craft,312,20204.94,P018
TXN001348,113,2025-09-15,Art & Craft,56,3192.06,P006
TXN001349,84,2026-07-20,Sealants,377,98646.99,P018
TXN001350,15,2025-12-10,Art & Craft,334,19490.68,P024
TXN001351,91,2025-12-17,Art & Craft,382,24254.25,P011
TXN001352,79,2026-08-13,Sealants,203,51261.01,P023
TXN001353,99,2025-06-15,Sealants,477,115319.36,P005
TXN001354,85,2026-06-05,Sealants,93,24965.01,P012
TXN001355,99,2025-08-27,Adhesives,224,25848.14,P005
TXN001356,99,2026-07-06,Art & Craft,157,9658.24,P005
TXN001357,116,2025-08-09,Sealants,113,25444.96,P012
TXN001358,33,2025-12-23,Adhesives,244,29266.11,P006
TXN001359,70,2026-05-06,Adhesives,321,41468.34,P004
TXN001360,28,2026-02-07,Industrial Resins,347,172657.21,P012
TXN001361,57,2026-05-02,Adhesives,317,38801.58,P018
TXN001362,113,2025-11-23,Industrial Resins,152,77820.44,P006
TXN001363,105,2026-08-07,Sealants,35,8198.47,P012
TXN001364,84,2026-08-19,Construction Chemicals,28,4682.54,P018
TXN001365,86,2026-03-19,Industrial Resins,439,224034.23,P024
TXN001366,118,2026-06-05,Adhesives,35,3871.47,P017
TXN001367,21,2025-09-11,Construction Chemicals,322,59825.44,P012
TXN001368,77,2026-01-14,Industrial Resins,413,209067.92,P010
TXN001369,96,2026-07-19,Industrial Resins,194,105370.71,P024
TXN001370,99,2026-02-22,Construction Chemicals,175,30671.99,P005
TXN001371,105,2025-11-27,Adhesives,398,47065.8,P012
TXN001372,9,2025-09-14,Construction Chemicals,251,41877.76,P016
TXN001373,111,2025-12-10,Construction Chemicals,178,32213.35,P017
TXN001374,27,2025-11-16,Sealants,323,73614.68,P011
TXN001375,94,2025-09-17,Industrial Resins,54,26911.78,P004
TXN001376,78,2026-03-26,Construction Chemicals,228,41933.4,P024
TXN001377,34,2026-03-07,Industrial Resins,304,167048.74,P018
TXN001378,119,2025-12-12,Sealants,324,82014.68,P004
TXN001379,94,2025-10-27,Art & Craft,262,16688.29,P004
TXN001380,30,2026-08-23,Construction Chemicals,109,17664.2,P012
TXN001381,60,2025-07-22,Adhesives,387,49672.87,P024
TXN001382,79,2026-03-09,Art & Craft,221,12054.65,P023
TXN001383,72,2025-09-16,Sealants,15,3855.46,P004
TXN001384,37,2026-04-04,Construction Chemicals,414,68079.03,P010
TXN001385,65,2026-07-08,Industrial Resins,175,92173.07,P012
TXN001386,88,2025-11-17,Construction Chemicals,184,32431.43,P012
TXN001387,79,2026-03-19,Adhesives,436,48925.78,P023
TXN001388,107,2026-01-05,Construction Chemicals,482,89752.75,P023
TXN001389,103,2026-06-17,Adhesives,340,37827.75,P006
TXN001390,81,2026-03-17,Art & Craft,466,30002.33,P018
TXN001391,60,2025-07-04,Art & Craft,485,30511.84,P024
TXN001392,67,2026-03-27,Construction Chemicals,299,56241.51,P018
TXN001393,72,2025-09-19,Industrial Resins,19,8945.7,P004
TXN001394,43,2026-04-14,Construction Chemicals,43,8466.96,P011
TXN001395,108,2025-10-19,Adhesives,183,24084.05,P018
TXN001396,69,2026-06-01,Sealants,302,77095.91,P012
TXN001397,77,2026-03-31,Adhesives,452,57302.87,P010
TXN001398,91,2026-02-05,Construction Chemicals,373,60850.7,P011
TXN001399,12,2026-01-16,Art & Craft,459,26094.93,P006
TXN001400,107,2026-06-07,Construction Chemicals,120,21708.43,P023
TXN001401,15,2026-05-24,Construction Chemicals,411,67135.3,P024
TXN001402,117,2025-07-22,Adhesives,237,28474.1,P011
TXN001403,62,2025-12-31,Industrial Resins,88,41273.86,P024
TXN001404,94,2026-06-23,Industrial Resins,168,88628.96,P004
TXN001405,99,2025-12-14,Adhesives,430,56577.06,P005
TXN001406,87,2026-01-12,Sealants,115,30041.28,P011
TXN001407,50,2026-08-13,Industrial Resins,69,31078.36,P011
TXN001408,88,2026-01-08,Industrial Resins,456,209170.66,P012
TXN001409,114,2025-10-02,Adhesives,62,7470.62,P012
TXN001410,96,2026-03-29,Construction Chemicals,21,3838.64,P024
TXN001411,82,2026-04-11,Sealants,174,40894.83,P024
TXN001412,36,2025-09-26,Industrial Resins,173,91219.22,P024
TXN001413,16,2026-07-08,Construction Chemicals,86,14419.61,P022
TXN001414,2,2026-05-22,Industrial Resins,296,148416.2,P016
TXN001415,70,2026-06-24,Construction Chemicals,291,50478.45,P004
TXN001416,91,2026-07-30,Construction Chemicals,303,51756.55,P011
TXN001417,40,2026-01-20,Industrial Resins,466,225485.23,P018
TXN001418,7,2025-09-24,Sealants,24,5964.88,P004
TXN001419,7,2026-01-29,Adhesives,206,22513.99,P004
TXN001420,51,2025-11-05,Sealants,370,94278.25,P016
TXN001421,81,2026-03-18,Art & Craft,325,18936.93,P018
TXN001422,105,2025-07-17,Sealants,375,98595.05,P012
TXN001423,69,2026-01-09,Adhesives,482,60798.43,P012
TXN001424,73,2025-09-12,Sealants,57,15141.63,P005
TXN001425,60,2025-10-10,Adhesives,243,28054.2,P024
TXN001426,91,2026-05-13,Art & Craft,250,14195.08,P011
TXN001427,19,2026-02-16,Industrial Resins,142,76862.63,P006
TXN001428,24,2026-03-22,Construction Chemicals,413,79704.25,P018
TXN001429,59,2026-07-09,Art & Craft,25,1369.61,P006
TXN001430,45,2026-04-13,Art & Craft,246,15780.7,P024
TXN001431,99,2025-12-18,Construction Chemicals,319,58277.61,P005
TXN001432,14,2026-07-12,Art & Craft,428,26780.51,P016
TXN001433,42,2026-04-03,Industrial Resins,342,156325.6,P006
TXN001434,69,2026-05-05,Art & Craft,215,13133.58,P012
TXN001435,80,2026-01-01,Sealants,290,67555.79,P006
TXN001436,50,2025-09-14,Adhesives,184,20791.58,P011
TXN001437,76,2025-11-18,Art & Craft,411,27028.37,P024
TXN001438,101,2026-06-08,Construction Chemicals,288,53852.77,P011
TXN001439,85,2025-11-15,Adhesives,388,50572.2,P012
TXN001440,108,2026-01-10,Art & Craft,68,4155.21,P018
TXN001441,42,2026-06-06,Industrial Resins,59,31399.94,P006
TXN001442,40,2025-09-19,Art & Craft,45,2753.06,P018
TXN001443,105,2026-03-21,Industrial Resins,404,214922.58,P012
TXN001444,64,2026-06-25,Adhesives,56,6340.47,P023
TXN001445,114,2025-07-17,Industrial Resins,472,248035.46,P012
TXN001446,1,2025-12-06,Sealants,348,80896.37,P006
TXN001447,38,2026-05-27,Art & Craft,325,19803.93,P016
TXN001448,27,2025-09-22,Construction Chemicals,163,29752.38,P011
TXN001449,39,2026-03-12,Art & Craft,377,24803.19,P023
TXN001450,12,2025-12-17,Industrial Resins,14,7156.09,P006
TXN001451,52,2026-02-27,Sealants,446,106910.32,P006
TXN001452,116,2025-11-22,Industrial Resins,37,16653.12,P012
TXN001453,106,2025-06-18,Construction Chemicals,66,12738.32,P005
TXN001454,4,2026-02-15,Sealants,231,60085.66,P006
TXN001455,81,2026-02-21,Construction Chemicals,374,65741.88,P018
TXN001456,56,2026-01-04,Industrial Resins,118,60917.35,P024
TXN001457,18,2026-03-04,Sealants,294,71803.55,P018
TXN001458,108,2025-06-15,Art & Craft,88,5056.63,P018
TXN001459,86,2025-10-08,Sealants,78,17595.25,P024
TXN001460,3,2025-10-03,Sealants,379,102043.64,P010
TXN001461,56,2025-07-19,Sealants,53,12288.63,P024
TXN001462,54,2025-10-30,Art & Craft,467,29639.15,P011
TXN001463,120,2025-12-18,Art & Craft,329,18475.84,P017
TXN001464,55,2026-03-07,Industrial Resins,429,212356.96,P004
TXN001465,29,2025-11-13,Sealants,227,57936.91,P022
TXN001466,64,2026-02-06,Sealants,374,93532.33,P023
TXN001467,119,2026-08-16,Industrial Resins,305,148442.59,P004
TXN001468,73,2025-11-11,Art & Craft,370,21616.49,P005
TXN001469,62,2025-12-09,Adhesives,82,10293.01,P024
TXN001470,110,2025-12-11,Construction Chemicals,248,44791.33,P022
TXN001471,114,2025-10-17,Industrial Resins,55,26098.77,P012
TXN001472,95,2025-07-23,Adhesives,360,44355.06,P024
TXN001473,75,2026-03-13,Construction Chemicals,323,52939.66,P012
TXN001474,69,2026-01-07,Adhesives,250,29724.21,P012
TXN001475,74,2025-07-23,Construction Chemicals,225,39308.61,P005
TXN001476,38,2025-11-03,Construction Chemicals,95,15510.82,P016
TXN001477,96,2026-04-24,Construction Chemicals,382,72679.62,P024
TXN001478,8,2026-08-09,Art & Craft,306,17144.86,P023
TXN001479,85,2026-08-22,Construction Chemicals,424,79943.37,P012
TXN001480,37,2026-07-27,Art & Craft,52,2887.14,P010
TXN001481,109,2026-04-14,Construction Chemicals,139,23181.22,P018
TXN001482,36,2025-10-30,Construction Chemicals,17,3207.75,P024
TXN001483,23,2026-01-19,Industrial Resins,388,180464.06,P018
TXN001484,48,2026-05-07,Sealants,143,37770.07,P016
TXN001485,63,2026-08-19,Sealants,419,105323.8,P016
TXN001486,44,2025-07-11,Adhesives,84,10272.62,P006
TXN001487,20,2025-08-06,Art & Craft,395,26039.6,P012
TXN001488,50,2025-10-13,Sealants,348,85959.22,P011
TXN001489,22,2026-03-12,Sealants,305,79824.01,P016
TXN001490,7,2026-08-09,Construction Chemicals,396,75835.23,P004
TXN001491,22,2026-01-04,Art & Craft,214,12778.96,P016
TXN001492,96,2025-09-08,Industrial Resins,129,62949.43,P024
TXN001493,50,2025-06-16,Art & Craft,144,8026.82,P011
TXN001494,56,2026-01-18,Adhesives,157,20449.77,P024
TXN001495,49,2026-08-14,Construction Chemicals,281,52429.98,P006
TXN001496,13,2025-06-29,Industrial Resins,336,163088.62,P006
TXN001497,56,2026-04-18,Industrial Resins,480,247299.16,P024
TXN001498,43,2026-04-27,Construction Chemicals,146,27868.97,P011
TXN001499,84,2025-09-24,Industrial Resins,210,104183.28,P018
TXN001500,96,2025-08-06,Sealants,385,99558.88,P024
TXN001501,25,2026-06-04,Industrial Resins,182,94234.47,P016
TXN001502,41,2025-07-06,Industrial Resins,15,7759.2,P024
TXN001503,9,2026-07-13,Adhesives,220,24275.85,P016
TXN001504,88,2026-04-12,Art & Craft,189,10703.64,P012
TXN001505,33,2026-07-19,Sealants,27,6107.0,P006
TXN001506,8,2026-05-16,Industrial Resins,346,186631.26,P023
TXN001507,77,2026-07-22,Adhesives,372,48727.2,P010
TXN001508,110,2025-08-09,Industrial Resins,76,37057.28,P022
TXN001509,116,2026-07-10,Industrial Resins,421,230167.67,P012
TXN001510,90,2025-10-01,Sealants,139,33322.25,P004
TXN001511,120,2026-04-16,Adhesives,337,40063.45,P017
TXN001512,99,2025-08-06,Art & Craft,364,23602.01,P005
TXN001513,99,2026-07-29,Construction Chemicals,141,23664.14,P005
TXN001514,36,2026-08-05,Adhesives,205,24051.86,P024
TXN001515,34,2025-12-27,Construction Chemicals,101,17963.93,P018
TXN001516,119,2025-10-09,Sealants,322,78771.41,P004
TXN001517,63,2026-01-27,Adhesives,83,10040.94,P016
TXN001518,28,2026-01-21,Industrial Resins,339,156151.87,P012
TXN001519,92,2026-07-30,Construction Chemicals,62,10121.81,P024
TXN001520,74,2025-12-24,Construction Chemicals,407,72467.06,P005
TXN001521,20,2026-02-17,Adhesives,487,53038.22,P012
TXN001522,35,2026-02-16,Sealants,368,88868.89,P024
TXN001523,74,2025-08-06,Adhesives,273,34120.23,P005
TXN001524,63,2025-08-28,Art & Craft,233,13711.34,P016
TXN001525,100,2026-02-20,Adhesives,286,32438.21,P024
TXN001526,89,2026-03-05,Art & Craft,72,4378.1,P006
TXN001527,43,2025-10-08,Construction Chemicals,215,35257.21,P011
TXN001528,12,2026-03-14,Construction Chemicals,283,54539.85,P006
TXN001529,11,2025-10-08,Art & Craft,399,25216.04,P010
TXN001530,26,2026-02-20,Sealants,293,66501.2,P006
TXN001531,85,2026-07-12,Sealants,163,42346.44,P012
TXN001532,81,2025-10-16,Construction Chemicals,259,42749.26,P018
TXN001533,57,2026-08-23,Sealants,81,18369.58,P018
TXN001534,93,2026-08-03,Industrial Resins,132,65857.87,P005
TXN001535,102,2025-12-05,Industrial Resins,339,162982.08,P006
TXN001536,107,2026-08-07,Art & Craft,18,980.0,P023
TXN001537,44,2025-07-18,Adhesives,217,24051.52,P006
TXN001538,84,2025-06-16,Industrial Resins,244,132738.19,P018
TXN001539,112,2026-05-08,Industrial Resins,86,45073.04,P006
TXN001540,119,2025-12-28,Adhesives,28,3518.23,P004
TXN001541,84,2025-10-23,Adhesives,251,32572.85,P018
TXN001542,6,2026-08-28,Sealants,369,94995.11,P012
TXN001543,23,2025-07-25,Adhesives,473,54572.89,P018
TXN001544,13,2025-11-06,Art & Craft,322,18047.54,P006
TXN001545,9,2025-07-22,Adhesives,68,8155.34,P016
TXN001546,79,2026-01-29,Sealants,42,11139.35,P023
TXN001547,44,2025-09-19,Art & Craft,176,9759.13,P006
TXN001548,74,2025-07-25,Industrial Resins,80,38572.72,P005
TXN001549,28,2026-08-03,Adhesives,313,35106.94,P012
TXN001550,16,2026-06-10,Construction Chemicals,82,15520.29,P022
TXN001551,90,2026-05-03,Construction Chemicals,293,49206.48,P004
TXN001552,119,2025-07-26,Industrial Resins,30,13900.11,P004
TXN001553,109,2026-08-27,Industrial Resins,202,106608.77,P018
TXN001554,113,2026-06-05,Art & Craft,51,2757.89,P006
TXN001555,119,2026-04-12,Adhesives,371,45871.23,P004
TXN001556,54,2026-06-23,Art & Craft,364,20210.27,P011
TXN001557,82,2026-05-05,Construction Chemicals,277,49365.58,P024
TXN001558,23,2026-06-04,Industrial Resins,364,165169.41,P018
TXN001559,92,2025-10-18,Art & Craft,323,21125.36,P024
TXN001560,106,2025-11-23,Construction Chemicals,188,33290.34,P005
TXN001561,31,2026-07-18,Sealants,70,19203.11,P005
TXN001562,80,2025-12-02,Construction Chemicals,451,85419.68,P006
TXN001563,65,2025-10-02,Sealants,247,65088.59,P012
TXN001564,27,2025-07-24,Construction Chemicals,37,6252.03,P011
TXN001565,20,2025-09-26,Art & Craft,264,14814.59,P012
TXN001566,119,2026-04-12,Adhesives,37,4568.64,P004
TXN001567,27,2025-07-19,Art & Craft,138,8005.59,P011
TXN001568,114,2026-08-09,Art & Craft,32,1768.1,P012
TXN001569,119,2026-08-21,Industrial Resins,100,46580.46,P004
TXN001570,63,2026-05-07,Industrial Resins,69,31538.93,P016
TXN001571,93,2026-02-02,Art & Craft,313,19079.59,P005
TXN001572,26,2026-03-22,Construction Chemicals,127,24135.47,P006
TXN001573,30,2025-06-16,Adhesives,131,16467.48,P012
TXN001574,26,2026-01-06,Art & Craft,466,26397.95,P006
TXN001575,75,2026-06-22,Art & Craft,37,2393.38,P012
TXN001576,28,2026-02-25,Industrial Resins,242,113209.07,P012
TXN001577,18,2026-03-05,Art & Craft,378,21292.69,P018
TXN001578,35,2025-09-15,Sealants,181,41876.27,P024
TXN001579,73,2025-06-25,Adhesives,153,17025.23,P005
TXN001580,60,2026-03-13,Art & Craft,224,12556.19,P024
TXN001581,29,2025-07-25,Construction Chemicals,319,53478.55,P022
TXN001582,82,2025-11-25,Industrial Resins,473,220887.95,P024
TXN001583,110,2025-12-11,Sealants,54,13261.58,P022
TXN001584,63,2026-01-11,Sealants,312,77586.43,P016
TXN001585,36,2025-06-15,Adhesives,383,45299.19,P024
TXN001586,32,2026-05-14,Sealants,177,43668.1,P018
TXN001587,115,2025-11-15,Industrial Resins,494,229659.1,P010
TXN001588,115,2026-08-15,Adhesives,223,29329.94,P010
TXN001589,61,2026-02-15,Industrial Resins,27,13299.38,P010
TXN001590,62,2026-07-24,Adhesives,241,28892.73,P024
TXN001591,72,2026-05-16,Adhesives,364,45704.88,P004
TXN001592,17,2026-07-20,Construction Chemicals,161,27467.61,P017
TXN001593,3,2025-09-09,Art & Craft,352,20295.63,P010
TXN001594,59,2026-01-15,Industrial Resins,392,199279.48,P006
TXN001595,60,2026-06-02,Sealants,457,118891.63,P024
TXN001596,102,2025-10-15,Construction Chemicals,330,58975.83,P006
TXN001597,1,2026-03-18,Adhesives,207,26794.58,P006
TXN001598,68,2026-04-19,Adhesives,161,19033.69,P024
TXN001599,90,2026-05-21,Industrial Resins,287,145659.08,P004
TXN001600,101,2025-08-24,Adhesives,327,42228.89,P011
TXN001601,120,2025-09-24,Adhesives,273,35677.75,P017
TXN001602,47,2026-01-09,Adhesives,66,7734.6,P006
TXN001603,80,2025-10-08,Adhesives,197,23008.5,P006
TXN001604,72,2026-05-23,Adhesives,297,37132.16,P004
TXN001605,18,2025-10-07,Construction Chemicals,132,23948.34,P018
TXN001606,62,2026-05-20,Industrial Resins,456,248935.13,P024
TXN001607,97,2026-04-21,Sealants,174,42218.59,P017
TXN001608,65,2026-02-26,Art & Craft,151,8252.68,P012
TXN001609,45,2025-07-07,Art & Craft,258,15484.49,P024
TXN001610,16,2025-07-09,Art & Craft,373,22522.8,P022
TXN001611,69,2025-07-22,Construction Chemicals,241,44429.37,P012
TXN001612,87,2026-01-13,Adhesives,106,13717.0,P011
TXN001613,12,2026-04-10,Adhesives,210,27205.65,P006
TXN001614,10,2025-09-13,Adhesives,94,10774.53,P023
TXN001615,19,2025-12-12,Art & Craft,87,5611.49,P006
TXN001616,81,2025-09-20,Adhesives,160,18879.5,P018
TXN001617,70,2026-01-20,Sealants,252,61068.42,P004
TXN001618,95,2026-08-24,Adhesives,159,17893.46,P024
TXN001619,112,2025-10-09,Sealants,437,119026.75,P006
TXN001620,43,2025-10-09,Art & Craft,306,17782.73,P011
TXN001621,101,2025-09-13,Construction Chemicals,258,47307.1,P011
TXN001622,68,2025-11-18,Industrial Resins,237,117504.77,P024
TXN001623,17,2026-05-11,Construction Chemicals,97,18470.12,P017
TXN001624,62,2026-08-11,Construction Chemicals,157,29784.63,P024
TXN001625,19,2026-06-11,Construction Chemicals,155,27654.07,P006
TXN001626,80,2026-06-03,Sealants,374,94160.42,P006
TXN001627,23,2026-08-14,Sealants,92,21794.36,P018
TXN001628,41,2026-02-27,Industrial Resins,74,36562.58,P024
TXN001629,24,2025-09-29,Sealants,297,77325.95,P018
TXN001630,41,2025-12-02,Construction Chemicals,85,14911.12,P024
TXN001631,21,2026-08-23,Industrial Resins,164,75792.44,P012
TXN001632,52,2026-01-13,Art & Craft,403,22465.08,P006
TXN001633,119,2025-08-22,Construction Chemicals,89,14431.76,P004
TXN001634,70,2026-04-06,Industrial Resins,179,92135.67,P004
TXN001635,61,2025-11-15,Construction Chemicals,493,93250.86,P010
TXN001636,86,2026-01-21,Sealants,419,106116.6,P024
TXN001637,44,2026-08-15,Adhesives,384,45886.29,P006
TXN001638,18,2026-02-11,Industrial Resins,69,33175.77,P018
TXN001639,80,2026-03-21,Sealants,238,57802.98,P006
TXN001640,8,2025-12-09,Industrial Resins,338,158696.06,P023
TXN001641,29,2025-12-03,Construction Chemicals,110,17909.29,P022
TXN001642,109,2026-07-22,Art & Craft,356,22092.89,P018
TXN001643,66,2025-10-31,Art & Craft,109,6527.53,P022
TXN001644,78,2025-09-28,Industrial Resins,493,224613.15,P024
TXN001645,47,2026-01-29,Art & Craft,85,5320.28,P006
TXN001646,48,2026-03-12,Art & Craft,200,10829.26,P016
TXN001647,45,2026-07-22,Construction Chemicals,238,46047.02,P024
TXN001648,28,2025-07-20,Art & Craft,389,25639.44,P012
TXN001649,57,2026-01-30,Construction Chemicals,93,17763.39,P018
TXN001650,94,2025-11-02,Art & Craft,81,5186.12,P004
TXN001651,12,2025-06-17,Sealants,116,27858.74,P006
TXN001652,68,2025-11-06,Construction Chemicals,43,8410.52,P024
TXN001653,97,2025-10-12,Art & Craft,55,2974.37,P017
TXN001654,118,2026-01-11,Construction Chemicals,222,37361.74,P017
TXN001655,91,2026-05-25,Industrial Resins,396,214428.94,P011
TXN001656,24,2026-08-14,Art & Craft,158,9582.13,P018
TXN001657,106,2025-12-26,Construction Chemicals,437,80000.5,P005
TXN001658,72,2026-09-03,Art & Craft,124,6735.94,P004
TXN001659,20,2025-07-04,Construction Chemicals,163,32015.96,P012
TXN001660,82,2026-04-10,Art & Craft,73,4514.74,P024
TXN001661,54,2025-10-09,Sealants,261,70558.65,P011
TXN001662,32,2025-12-26,Adhesives,71,8971.08,P018
TXN001663,9,2026-01-01,Industrial Resins,391,190094.8,P016
TXN001664,73,2025-09-18,Art & Craft,454,25921.1,P005
TXN001665,61,2025-11-14,Adhesives,201,24180.42,P010
TXN001666,3,2026-06-22,Construction Chemicals,93,17013.38,P010
TXN001667,41,2026-03-06,Art & Craft,459,28604.6,P024
TXN001668,21,2025-10-14,Adhesives,149,17383.52,P012
TXN001669,117,2025-12-07,Construction Chemicals,34,5862.78,P011
TXN001670,82,2025-10-18,Adhesives,273,30753.87,P024
TXN001671,24,2025-11-30,Adhesives,316,39835.93,P018
TXN001672,42,2025-07-22,Construction Chemicals,433,83317.78,P006
TXN001673,39,2026-03-03,Construction Chemicals,360,67365.66,P023
TXN001674,13,2026-06-23,Industrial Resins,306,148459.86,P006
TXN001675,2,2025-08-02,Sealants,275,65744.49,P016
TXN001676,63,2026-06-13,Art & Craft,184,11969.36,P016
TXN001677,14,2025-07-06,Sealants,89,22265.05,P016
TXN001678,25,2025-12-09,Industrial Resins,324,168144.75,P016
TXN001679,109,2025-08-13,Industrial Resins,374,188911.62,P018
TXN001680,103,2026-07-27,Adhesives,223,26548.55,P006
TXN001681,15,2026-03-10,Sealants,482,108868.84,P024
TXN001682,40,2025-11-03,Construction Chemicals,81,15504.48,P018
TXN001683,67,2026-08-21,Construction Chemicals,98,18380.51,P018
TXN001684,96,2025-09-14,Adhesives,123,13663.97,P024
TXN001685,19,2026-06-30,Sealants,167,38621.62,P006
TXN001686,11,2026-07-09,Art & Craft,363,22925.73,P010
TXN001687,10,2026-01-27,Adhesives,406,48566.58,P023
TXN001688,6,2025-10-02,Sealants,65,14731.58,P012
TXN001689,66,2026-04-28,Industrial Resins,40,19876.33,P022
TXN001690,6,2025-08-14,Adhesives,164,20339.62,P012
TXN001691,13,2025-11-08,Adhesives,481,58895.09,P006
TXN001692,116,2026-08-21,Sealants,104,26887.12,P012
TXN001693,12,2026-04-15,Sealants,443,116203.29,P006
TXN001694,75,2025-12-22,Construction Chemicals,190,31878.21,P012
TXN001695,100,2026-08-01,Industrial Resins,133,66565.29,P024
TXN001696,13,2026-05-16,Industrial Resins,400,180559.37,P006
TXN001697,92,2025-08-14,Sealants,154,35972.66,P024
TXN001698,69,2026-05-18,Adhesives,381,42050.38,P012
TXN001699,118,2026-03-01,Industrial Resins,445,231745.15,P017
TXN001700,90,2026-07-12,Industrial Resins,104,51372.52,P004
TXN001701,24,2025-12-15,Construction Chemicals,204,36162.53,P018
TXN001702,30,2026-03-28,Art & Craft,67,4230.17,P012
TXN001703,16,2025-12-25,Art & Craft,66,3975.62,P022
TXN001704,98,2025-08-31,Construction Chemicals,370,63779.77,P005
TXN001705,6,2026-02-19,Adhesives,177,21213.29,P012
TXN001706,37,2025-09-18,Art & Craft,317,19918.41,P010
TXN001707,108,2026-04-09,Art & Craft,125,7580.87,P018
TXN001708,110,2025-07-01,Art & Craft,106,6813.82,P022
TXN001709,103,2026-06-05,Art & Craft,490,30453.29,P006
TXN001710,2,2026-01-23,Art & Craft,354,19562.77,P016
TXN001711,67,2026-02-11,Adhesives,71,7912.3,P018
TXN001712,89,2026-06-10,Industrial Resins,62,32496.88,P006
TXN001713,9,2025-11-04,Construction Chemicals,111,19335.17,P016
TXN001714,109,2026-01-30,Art & Craft,72,4089.2,P018
TXN001715,93,2025-08-08,Art & Craft,152,9603.03,P005
TXN001716,75,2025-07-21,Industrial Resins,149,78318.91,P012
TXN001717,83,2025-10-31,Art & Craft,192,11464.3,P006
TXN001718,52,2025-08-07,Art & Craft,271,15540.95,P006
TXN001719,59,2025-12-24,Adhesives,72,8209.19,P006
TXN001720,30,2026-08-08,Sealants,25,5749.5,P012
TXN001721,107,2026-06-05,Adhesives,265,32932.76,P023
TXN001722,49,2026-04-02,Industrial Resins,357,172322.33,P006
TXN001723,80,2025-10-01,Industrial Resins,59,31035.01,P006
TXN001724,97,2026-01-09,Industrial Resins,402,200685.94,P017
TXN001725,26,2025-12-20,Construction Chemicals,348,62613.68,P006
TXN001726,34,2025-12-02,Industrial Resins,185,98225.41,P018
TXN001727,70,2026-01-27,Adhesives,497,62788.57,P004
TXN001728,113,2025-06-25,Adhesives,206,24473.37,P006
TXN001729,49,2026-06-06,Art & Craft,245,13335.78,P006
TXN001730,72,2025-12-27,Construction Chemicals,462,86587.18,P004
TXN001731,56,2025-12-29,Sealants,169,44072.86,P024
TXN001732,98,2025-10-02,Adhesives,301,37384.38,P005
TXN001733,71,2025-11-21,Industrial Resins,302,150088.52,P012
TXN001734,110,2026-04-23,Sealants,269,61274.66,P022
TXN001735,64,2026-03-08,Industrial Resins,203,103873.88,P023
TXN001736,99,2025-11-06,Construction Chemicals,174,28572.76,P005
TXN001737,6,2025-07-17,Sealants,438,106574.38,P012
TXN001738,95,2025-10-19,Industrial Resins,23,12109.95,P024
TXN001739,44,2026-03-06,Art & Craft,59,3489.13,P006
TXN001740,53,2026-05-01,Construction Chemicals,38,7060.58,P012
TXN001741,31,2025-09-17,Construction Chemicals,313,51663.12,P005
TXN001742,9,2026-08-25,Construction Chemicals,68,11842.43,P016
TXN001743,69,2025-06-19,Construction Chemicals,29,5179.19,P012
TXN001744,55,2026-04-21,Industrial Resins,273,147458.49,P004
TXN001745,3,2026-03-26,Art & Craft,311,16876.99,P010
TXN001746,49,2026-07-16,Industrial Resins,209,100788.61,P006
TXN001747,104,2026-05-22,Art & Craft,61,3799.71,P022
TXN001748,44,2025-09-28,Art & Craft,267,17017.91,P006
TXN001749,44,2026-01-24,Sealants,324,77752.24,P006
TXN001750,26,2025-07-28,Art & Craft,335,21496.28,P006
TXN001751,10,2026-08-11,Industrial Resins,119,56969.53,P023
TXN001752,39,2025-10-20,Industrial Resins,215,114048.96,P023
TXN001753,96,2026-07-18,Adhesives,377,48354.2,P024
TXN001754,76,2025-07-21,Construction Chemicals,149,24498.84,P024
TXN001755,68,2025-07-24,Art & Craft,228,12885.85,P024
TXN001756,10,2026-01-26,Construction Chemicals,268,51174.21,P023
TXN001757,85,2026-02-11,Industrial Resins,170,79901.31,P012
TXN001758,33,2025-08-10,Industrial Resins,273,135223.14,P006
TXN001759,71,2025-09-09,Sealants,461,104153.81,P012
TXN001760,67,2025-10-01,Sealants,305,76237.86,P018
TXN001761,106,2025-12-06,Art & Craft,147,9591.16,P005
TXN001762,104,2026-01-25,Industrial Resins,446,235002.71,P022
TXN001763,120,2025-12-11,Industrial Resins,382,195842.17,P017
TXN001764,26,2026-06-19,Construction Chemicals,246,41160.42,P006
TXN001765,96,2026-03-25,Construction Chemicals,442,78531.91,P024
TXN001766,111,2026-02-05,Adhesives,334,37703.72,P017
TXN001767,35,2025-09-18,Construction Chemicals,340,57045.55,P024
TXN001768,77,2026-06-20,Sealants,217,51412.55,P010
TXN001769,25,2026-03-30,Adhesives,135,17162.43,P016
TXN001770,60,2026-01-31,Art & Craft,296,19505.07,P024
TXN001771,83,2026-06-27,Adhesives,113,12636.18,P006
TXN001772,4,2025-10-02,Construction Chemicals,414,79043.93,P006
TXN001773,71,2025-08-31,Sealants,339,90725.23,P012
TXN001774,63,2026-07-24,Adhesives,38,4887.94,P016
TXN001775,41,2026-02-08,Industrial Resins,162,86948.18,P024
TXN001776,115,2026-07-20,Construction Chemicals,353,65540.63,P010
TXN001777,51,2025-08-24,Sealants,130,29977.56,P016
TXN001778,65,2025-11-11,Adhesives,277,34331.72,P012
TXN001779,100,2026-07-20,Industrial Resins,138,68951.03,P024
TXN001780,31,2026-03-28,Industrial Resins,72,37966.97,P005
TXN001781,43,2025-08-17,Industrial Resins,387,189241.09,P011
TXN001782,96,2026-06-23,Sealants,488,120118.0,P024
TXN001783,14,2026-01-22,Sealants,119,32546.04,P016
TXN001784,53,2025-12-27,Construction Chemicals,451,82632.81,P012
TXN001785,69,2026-03-26,Construction Chemicals,368,72184.52,P012
TXN001786,70,2026-04-15,Art & Craft,253,15734.79,P004
TXN001787,113,2026-02-28,Sealants,195,48508.41,P006
TXN001788,106,2025-10-29,Construction Chemicals,20,3704.69,P005
TXN001789,5,2025-09-26,Adhesives,363,47196.89,P005
TXN001790,31,2025-10-12,Construction Chemicals,292,51347.86,P005
TXN001791,90,2026-07-04,Construction Chemicals,472,90265.76,P004
TXN001792,69,2026-08-31,Sealants,449,110956.94,P012
TXN001793,117,2026-04-27,Art & Craft,484,31816.18,P011
TXN001794,39,2026-05-07,Adhesives,489,62467.3,P023
TXN001795,39,2026-01-23,Sealants,450,121280.55,P023
TXN001796,81,2025-10-10,Construction Chemicals,460,87970.82,P018
TXN001797,53,2025-07-10,Adhesives,150,19319.2,P012
TXN001798,100,2025-07-01,Art & Craft,251,15773.67,P024
TXN001799,43,2026-07-15,Art & Craft,458,29780.33,P011
TXN001800,106,2026-08-02,Sealants,367,87363.8,P005
TXN001801,46,2025-11-28,Art & Craft,318,19954.75,P004
TXN001802,95,2025-08-10,Construction Chemicals,242,45260.67,P024
TXN001803,7,2025-10-11,Sealants,332,82060.52,P004
TXN001804,18,2026-04-01,Adhesives,215,24252.39,P018
TXN001805,41,2026-04-30,Industrial Resins,52,23976.31,P024
TXN001806,67,2026-02-06,Sealants,443,112832.46,P018
TXN001807,102,2025-08-24,Construction Chemicals,241,43192.3,P006
TXN001808,18,2025-07-08,Construction Chemicals,98,18301.38,P018
TXN001809,42,2026-02-28,Construction Chemicals,111,18319.26,P006
TXN001810,24,2025-07-04,Art & Craft,458,26805.75,P018
TXN001811,114,2026-08-24,Industrial Resins,124,56057.11,P012
TXN001812,119,2026-05-10,Industrial Resins,341,174319.31,P004
TXN001813,117,2025-09-10,Adhesives,246,27738.56,P011
TXN001814,110,2026-01-28,Sealants,35,8576.81,P022
TXN001815,77,2026-02-28,Construction Chemicals,86,14207.73,P010
TXN001816,22,2025-12-09,Industrial Resins,70,31598.8,P016
TXN001817,56,2026-07-06,Art & Craft,433,26882.08,P024
TXN001818,29,2025-07-15,Sealants,107,29136.38,P022
TXN001819,101,2026-02-21,Construction Chemicals,157,29652.9,P011
TXN001820,17,2026-05-17,Art & Craft,448,25302.71,P017
TXN001821,106,2026-02-02,Construction Chemicals,382,71196.7,P005
TXN001822,24,2026-04-09,Art & Craft,415,23136.8,P018
TXN001823,34,2026-04-30,Sealants,326,80700.92,P018
TXN001824,48,2026-07-23,Industrial Resins,360,185300.48,P016
TXN001825,2,2025-09-15,Art & Craft,78,5027.67,P016
TXN001826,51,2026-01-31,Sealants,375,91565.54,P016
TXN001827,95,2025-11-23,Industrial Resins,141,64480.08,P024
TXN001828,8,2026-01-06,Adhesives,180,23462.2,P023
TXN001829,117,2025-07-21,Construction Chemicals,320,62660.99,P011
TXN001830,77,2025-10-22,Adhesives,12,1369.05,P010
TXN001831,49,2026-06-29,Construction Chemicals,212,39467.07,P006
TXN001832,115,2026-04-24,Industrial Resins,31,15749.51,P010
TXN001833,22,2025-06-12,Industrial Resins,262,142274.57,P016
TXN001834,60,2025-12-07,Sealants,55,13247.62,P024
TXN001835,56,2026-08-13,Sealants,143,33010.42,P024
TXN001836,17,2026-04-14,Art & Craft,456,29950.29,P017
TXN001837,96,2025-06-13,Construction Chemicals,484,85901.82,P024
TXN001838,34,2026-04-22,Industrial Resins,434,228351.87,P018
TXN001839,67,2026-03-27,Construction Chemicals,233,45233.73,P018
TXN001840,95,2025-11-24,Art & Craft,401,26225.64,P024
TXN001841,110,2026-08-08,Art & Craft,37,2081.88,P022
TXN001842,30,2026-06-13,Sealants,28,6958.35,P012
TXN001843,91,2025-12-25,Art & Craft,233,12906.4,P011
TXN001844,6,2025-11-21,Art & Craft,192,12646.24,P012
TXN001845,63,2025-09-01,Art & Craft,262,14501.67,P016
TXN001846,111,2026-05-23,Sealants,73,17701.06,P017
TXN001847,112,2025-08-17,Construction Chemicals,102,19589.95,P006
TXN001848,66,2025-11-09,Construction Chemicals,298,57833.52,P022
TXN001849,28,2025-11-16,Industrial Resins,12,6031.22,P012
TXN001850,24,2025-08-07,Art & Craft,481,26417.49,P018
TXN001851,64,2026-04-12,Adhesives,464,53771.93,P023
TXN001852,88,2026-07-12,Adhesives,211,24679.7,P012
TXN001853,108,2026-01-12,Construction Chemicals,88,14347.47,P018
TXN001854,107,2026-04-20,Art & Craft,242,14892.75,P023
TXN001855,77,2025-10-04,Adhesives,178,23366.86,P010
TXN001856,80,2025-08-25,Art & Craft,176,11504.95,P006
TXN001857,117,2026-08-11,Industrial Resins,76,35806.39,P011
TXN001858,103,2025-08-20,Construction Chemicals,175,33378.33,P006
TXN001859,10,2026-07-19,Industrial Resins,497,253583.89,P023
TXN001860,52,2025-08-06,Construction Chemicals,101,17234.93,P006
TXN001861,111,2026-05-21,Art & Craft,55,2983.54,P017
TXN001862,21,2025-10-08,Art & Craft,409,24060.96,P012
TXN001863,97,2025-07-21,Sealants,71,17034.84,P017
TXN001864,56,2026-06-29,Construction Chemicals,472,88102.87,P024
TXN001865,46,2026-05-25,Adhesives,436,50933.07,P004
TXN001866,63,2026-04-20,Art & Craft,463,27158.23,P016
TXN001867,73,2026-01-31,Industrial Resins,226,103739.03,P005
TXN001868,104,2025-10-17,Construction Chemicals,324,54661.65,P022
TXN001869,55,2026-01-10,Adhesives,30,3609.61,P004
TXN001870,87,2026-06-17,Sealants,341,88425.33,P011
TXN001871,120,2025-12-10,Art & Craft,279,17173.77,P017
TXN001872,11,2025-07-21,Construction Chemicals,249,44258.45,P010
TXN001873,62,2025-09-19,Construction Chemicals,86,16979.04,P024
TXN001874,116,2026-01-29,Construction Chemicals,440,75218.67,P012
TXN001875,38,2026-08-12,Industrial Resins,34,17173.38,P016
TXN001876,66,2026-07-18,Adhesives,271,32031.64,P022
TXN001877,60,2026-04-27,Industrial Resins,426,202494.0,P024
TXN001878,75,2026-07-08,Adhesives,403,48393.32,P012
TXN001879,95,2025-06-30,Art & Craft,101,6406.85,P024
TXN001880,51,2025-09-09,Adhesives,52,6135.48,P016
TXN001881,39,2025-08-13,Construction Chemicals,310,58300.9,P023
TXN001882,86,2026-03-14,Art & Craft,329,20955.33,P024
TXN001883,118,2025-08-18,Sealants,118,27642.02,P017
TXN001884,78,2026-01-25,Construction Chemicals,456,84926.68,P024
TXN001885,69,2026-08-29,Adhesives,12,1409.74,P012
TXN001886,22,2025-06-17,Art & Craft,245,15263.91,P016
TXN001887,85,2025-10-23,Industrial Resins,381,189994.13,P012
TXN001888,105,2025-09-16,Industrial Resins,194,100698.85,P012
TXN001889,87,2026-07-02,Art & Craft,421,24263.02,P011
TXN001890,18,2026-08-27,Adhesives,107,11843.39,P018
TXN001891,90,2026-01-01,Sealants,449,101627.0,P004
TXN001892,84,2025-06-30,Sealants,342,81084.44,P018
TXN001893,81,2025-08-06,Industrial Resins,107,49071.2,P018
TXN001894,60,2026-07-07,Sealants,252,62015.68,P024
TXN001895,22,2025-12-30,Sealants,388,100930.4,P016
TXN001896,61,2026-05-03,Adhesives,450,53454.78,P010
TXN001897,26,2026-02-16,Construction Chemicals,301,57749.93,P006
TXN001898,7,2025-06-28,Construction Chemicals,14,2319.74,P004
TXN001899,92,2025-08-23,Art & Craft,222,14248.71,P024
TXN001900,75,2026-04-09,Industrial Resins,384,194085.29,P012
TXN001901,5,2025-11-06,Art & Craft,214,12804.31,P005
TXN001902,93,2025-07-13,Industrial Resins,488,252718.99,P005
TXN001903,112,2025-12-08,Art & Craft,128,8009.15,P006
TXN001904,3,2026-08-03,Art & Craft,305,17626.01,P010
TXN001905,35,2025-12-25,Art & Craft,465,27751.23,P024
TXN001906,80,2026-08-25,Construction Chemicals,239,44719.41,P006
TXN001907,21,2026-03-12,Construction Chemicals,381,64358.23,P012
TXN001908,57,2025-09-19,Sealants,269,63480.0,P018
TXN001909,44,2025-10-03,Industrial Resins,446,238274.03,P006
TXN001910,60,2025-09-05,Sealants,462,110727.4,P024
TXN001911,50,2025-10-05,Art & Craft,436,28468.34,P011
TXN001912,95,2025-06-29,Construction Chemicals,417,74644.54,P024
TXN001913,21,2025-08-17,Industrial Resins,116,55476.5,P012
TXN001914,12,2026-06-16,Art & Craft,76,4262.04,P006
TXN001915,78,2025-12-26,Art & Craft,61,3874.83,P024
TXN001916,39,2026-08-26,Sealants,117,29582.46,P023
TXN001917,46,2026-06-07,Construction Chemicals,192,35782.93,P004
TXN001918,106,2026-03-16,Industrial Resins,26,13797.72,P005
TXN001919,56,2025-11-21,Adhesives,326,36981.62,P024
TXN001920,29,2025-07-30,Art & Craft,142,9361.2,P022
TXN001921,46,2026-04-21,Adhesives,404,52142.31,P004
TXN001922,115,2025-12-15,Sealants,446,115740.02,P010
TXN001923,78,2026-01-23,Adhesives,371,40516.96,P024
TXN001924,103,2026-07-12,Art & Craft,440,27750.44,P006
TXN001925,101,2026-07-14,Industrial Resins,322,170085.43,P011
TXN001926,106,2026-06-11,Industrial Resins,31,15522.65,P005
TXN001927,81,2026-03-03,Adhesives,455,51382.82,P018
TXN001928,21,2025-12-19,Construction Chemicals,372,66176.81,P012
TXN001929,64,2026-03-17,Adhesives,88,10870.66,P023
TXN001930,105,2026-01-23,Sealants,72,19254.94,P012
TXN001931,54,2026-01-05,Adhesives,135,17284.8,P011
TXN001932,44,2026-04-21,Construction Chemicals,268,45068.33,P006
TXN001933,48,2026-05-02,Art & Craft,194,11941.34,P016
TXN001934,20,2026-06-26,Industrial Resins,225,118962.35,P012
TXN001935,103,2026-01-13,Art & Craft,221,14368.59,P006
TXN001936,110,2026-08-20,Industrial Resins,416,215579.46,P022
TXN001937,57,2025-07-19,Sealants,404,91100.96,P018
TXN001938,67,2026-02-11,Adhesives,53,6154.32,P018
TXN001939,99,2025-08-12,Sealants,232,52913.03,P005
TXN001940,5,2025-10-16,Sealants,472,119759.55,P005
TXN001941,92,2025-09-21,Industrial Resins,161,79200.82,P024
TXN001942,90,2025-08-20,Industrial Resins,457,219557.56,P004
TXN001943,41,2025-12-08,Construction Chemicals,14,2684.81,P024
TXN001944,79,2025-10-10,Sealants,368,90232.46,P023
TXN001945,27,2025-10-06,Industrial Resins,329,173986.44,P011
TXN001946,57,2025-10-07,Construction Chemicals,464,88728.83,P018
TXN001947,52,2026-08-17,Sealants,461,110675.3,P006
TXN001948,69,2025-08-22,Construction Chemicals,209,39313.64,P012
TXN001949,113,2026-04-12,Sealants,276,75788.55,P006
TXN001950,28,2025-12-12,Adhesives,271,32856.82,P012
TXN001951,44,2025-07-24,Sealants,21,4754.29,P006
TXN001952,70,2025-08-04,Industrial Resins,142,67327.02,P004
TXN001953,39,2026-08-05,Art & Craft,268,14827.18,P023
TXN001954,108,2026-03-07,Construction Chemicals,142,26209.17,P018
TXN001955,16,2026-07-03,Adhesives,397,49078.37,P022
TXN001956,58,2026-01-15,Construction Chemicals,303,57123.65,P005
TXN001957,44,2025-11-11,Sealants,422,110685.5,P006
TXN001958,73,2026-03-09,Industrial Resins,442,225223.26,P005
TXN001959,39,2025-09-03,Construction Chemicals,351,66778.6,P023
TXN001960,74,2025-08-23,Sealants,375,91456.23,P005
TXN001961,32,2026-05-29,Adhesives,177,21309.89,P018
TXN001962,106,2025-09-05,Construction Chemicals,242,40057.67,P005
TXN001963,55,2026-01-30,Art & Craft,51,2810.46,P004
TXN001964,114,2026-07-27,Sealants,253,59642.02,P012
TXN001965,48,2025-12-13,Industrial Resins,216,109905.97,P016
TXN001966,100,2025-12-23,Art & Craft,456,26066.93,P024
TXN001967,82,2025-12-28,Art & Craft,235,14633.03,P024
TXN001968,94,2025-12-20,Art & Craft,431,24116.22,P004
TXN001969,17,2025-09-09,Art & Craft,374,22250.22,P017
TXN001970,66,2026-01-14,Industrial Resins,70,36361.29,P022
TXN001971,61,2025-11-22,Adhesives,392,43811.55,P010
TXN001972,48,2026-07-10,Adhesives,318,40848.89,P016
TXN001973,16,2025-12-11,Construction Chemicals,302,52072.43,P022
TXN001974,20,2026-02-25,Adhesives,200,23063.64,P012
TXN001975,39,2026-06-23,Construction Chemicals,258,42055.86,P023
TXN001976,19,2026-04-01,Industrial Resins,225,102344.65,P006
TXN001977,114,2025-08-22,Construction Chemicals,120,20230.89,P012
TXN001978,63,2026-08-01,Adhesives,72,8722.14,P016
TXN001979,112,2026-03-30,Adhesives,223,26659.26,P006
TXN001980,73,2026-02-23,Art & Craft,470,27285.32,P005
TXN001981,61,2025-12-20,Industrial Resins,77,40517.02,P010
TXN001982,82,2026-01-18,Art & Craft,399,23700.26,P024
TXN001983,20,2025-09-29,Construction Chemicals,55,10493.63,P012
TXN001984,80,2026-02-14,Art & Craft,208,11813.12,P006
TXN001985,44,2026-01-21,Industrial Resins,33,18011.66,P006
TXN001986,95,2026-06-12,Construction Chemicals,340,56163.61,P024
TXN001987,91,2025-08-05,Adhesives,302,37183.03,P011
TXN001988,91,2025-10-10,Construction Chemicals,297,55012.05,P011
TXN001989,72,2025-12-01,Adhesives,108,14139.8,P004
TXN001990,74,2026-05-31,Adhesives,500,60842.93,P005
TXN001991,97,2026-07-05,Art & Craft,267,17291.55,P017
TXN001992,85,2026-04-17,Industrial Resins,102,55716.24,P012
TXN001993,101,2025-07-02,Sealants,135,35975.41,P011
TXN001994,114,2025-12-05,Industrial Resins,237,108656.16,P012
TXN001995,78,2025-12-27,Construction Chemicals,215,39388.03,P024
TXN001996,111,2026-02-04,Adhesives,184,21801.87,P017
TXN001997,4,2026-07-20,Industrial Resins,172,83970.59,P006
TXN001998,15,2026-06-23,Adhesives,287,32154.26,P024
TXN001999,24,2026-03-31,Construction Chemicals,403,66586.33,P018
TXN002000,53,2026-03-22,Sealants,40,10228.95,P012
TXN002001,24,2026-02-17,Adhesives,375,41026.52,P018
TXN002002,13,2026-03-23,Construction Chemicals,82,14502.65,P006
TXN002003,34,2026-07-05,Art & Craft,492,31454.99,P018
TXN002004,7,2025-11-08,Sealants,132,34664.08,P004
TXN002005,31,2026-02-19,Art & Craft,270,17017.74,P005
TXN002006,15,2025-11-25,Construction Chemicals,41,7111.86,P024
TXN002007,53,2025-10-15,Adhesives,257,27934.29,P012
TXN002008,30,2025-11-08,Adhesives,147,17830.78,P012
TXN002009,87,2025-10-06,Adhesives,136,17178.36,P011
TXN002010,101,2026-01-19,Sealants,165,41813.03,P011
TXN002011,11,2026-06-24,Industrial Resins,114,60224.85,P010
TXN002012,48,2025-12-03,Industrial Resins,96,50707.43,P016
TXN002013,55,2025-07-15,Industrial Resins,241,109457.19,P004
TXN002014,60,2026-06-11,Industrial Resins,158,81418.33,P024
TXN002015,1,2026-04-18,Adhesives,487,63370.12,P006
TXN002016,77,2026-03-09,Construction Chemicals,439,81864.69,P010
TXN002017,108,2026-04-13,Sealants,309,82513.57,P018
TXN002018,6,2026-07-31,Sealants,388,97661.33,P012
TXN002019,39,2025-07-06,Adhesives,212,26449.61,P023
TXN002020,18,2026-05-20,Industrial Resins,153,82287.67,P018
TXN002021,79,2025-09-20,Industrial Resins,500,265102.83,P023
TXN002022,44,2026-04-18,Construction Chemicals,395,74054.26,P006
TXN002023,32,2025-11-02,Construction Chemicals,184,31203.17,P018
TXN002024,43,2025-10-09,Adhesives,477,59436.24,P011
TXN002025,119,2026-08-31,Adhesives,321,38339.18,P004
TXN002026,87,2025-09-13,Sealants,221,55866.49,P011
TXN002027,91,2026-07-25,Art & Craft,400,23485.4,P011
TXN002028,101,2025-07-05,Adhesives,285,30991.68,P011
TXN002029,105,2025-07-15,Art & Craft,354,19640.27,P012
TXN002030,49,2025-07-02,Industrial Resins,193,94314.29,P006
TXN002031,99,2026-05-29,Adhesives,73,8694.64,P005
TXN002032,57,2025-08-12,Adhesives,123,15477.76,P018
TXN002033,36,2025-10-25,Construction Chemicals,108,17845.79,P024
TXN002034,81,2026-05-08,Construction Chemicals,423,79456.8,P018
TXN002035,64,2025-09-09,Construction Chemicals,28,4819.0,P023
TXN002036,91,2025-07-11,Industrial Resins,117,52733.48,P011
TXN002037,82,2025-11-17,Art & Craft,66,4252.97,P024
TXN002038,65,2025-10-02,Art & Craft,97,5880.28,P012
TXN002039,95,2025-11-19,Industrial Resins,354,183456.38,P024
TXN002040,23,2026-08-02,Adhesives,311,34545.23,P018
TXN002041,17,2026-05-11,Construction Chemicals,487,88885.54,P017
TXN002042,113,2026-05-29,Industrial Resins,383,202310.28,P006
TXN002043,109,2025-10-25,Adhesives,364,45232.69,P018
TXN002044,33,2026-01-29,Industrial Resins,462,228871.39,P006
TXN002045,83,2026-01-26,Adhesives,447,58347.01,P006
TXN002046,109,2025-12-13,Art & Craft,150,8319.09,P018
TXN002047,60,2026-08-13,Art & Craft,195,11740.38,P024
TXN002048,114,2026-02-01,Sealants,34,8122.49,P012
TXN002049,69,2026-05-28,Art & Craft,171,9244.59,P012
TXN002050,43,2026-08-23,Adhesives,460,55992.89,P011
TXN002051,95,2026-07-28,Sealants,363,89367.34,P024
TXN002052,118,2026-03-29,Sealants,110,25654.65,P017
TXN002053,9,2025-07-18,Adhesives,24,2868.46,P016
TXN002054,4,2026-03-17,Industrial Resins,418,214279.22,P006
TXN002055,108,2026-05-05,Construction Chemicals,136,22559.99,P018
TXN002056,44,2025-07-25,Adhesives,430,49882.63,P006
TXN002057,31,2026-01-23,Adhesives,407,49816.46,P005
TXN002058,98,2026-07-03,Adhesives,330,39175.93,P005
TXN002059,11,2026-03-28,Adhesives,479,52115.32,P010
TXN002060,114,2025-07-21,Adhesives,410,45534.95,P012
TXN002061,57,2026-01-26,Adhesives,164,20115.87,P018
TXN002062,9,2026-08-09,Adhesives,356,38924.67,P016
TXN002063,38,2025-08-15,Art & Craft,215,11857.24,P016
TXN002064,53,2025-10-02,Sealants,452,115250.41,P012
TXN002065,80,2025-07-24,Adhesives,242,28365.81,P006
TXN002066,55,2025-10-06,Industrial Resins,327,150461.79,P004
TXN002067,87,2025-11-08,Adhesives,242,29139.97,P011
TXN002068,25,2025-09-04,Adhesives,62,6714.29,P016
TXN002069,9,2025-11-15,Industrial Resins,414,221108.27,P016
TXN002070,17,2026-01-01,Industrial Resins,141,68461.02,P017
TXN002071,93,2026-06-26,Industrial Resins,237,111056.38,P005
TXN002072,103,2025-11-09,Adhesives,40,4442.57,P006
TXN002073,56,2026-03-29,Industrial Resins,343,180225.02,P024
TXN002074,75,2026-01-07,Industrial Resins,407,189076.92,P012
TXN002075,40,2026-08-31,Industrial Resins,185,88634.68,P018
TXN002076,67,2026-08-06,Industrial Resins,346,179169.19,P018
TXN002077,31,2025-06-22,Industrial Resins,429,228879.0,P005
TXN002078,7,2026-05-25,Art & Craft,186,10480.15,P004
TXN002079,82,2026-05-31,Sealants,412,94109.12,P024
TXN002080,86,2026-01-08,Art & Craft,365,22740.26,P024
TXN002081,77,2026-03-17,Construction Chemicals,446,81538.96,P010
TXN002082,79,2026-07-13,Construction Chemicals,224,38937.98,P023
TXN002083,59,2026-09-03,Adhesives,263,29788.89,P006
TXN002084,82,2025-10-20,Sealants,364,86090.99,P024
TXN002085,28,2025-07-14,Sealants,256,67002.7,P012
TXN002086,43,2025-07-09,Art & Craft,115,6762.43,P011
TXN002087,1,2026-08-20,Construction Chemicals,15,2469.81,P006
TXN002088,72,2026-05-28,Adhesives,82,9427.85,P004
TXN002089,81,2026-08-13,Industrial Resins,477,251165.91,P018
TXN002090,4,2026-05-15,Sealants,111,26551.76,P006
TXN002091,114,2025-06-28,Construction Chemicals,378,63607.66,P012
TXN002092,71,2026-06-06,Sealants,101,23714.74,P012
TXN002093,108,2025-07-06,Construction Chemicals,476,78846.0,P018
TXN002094,87,2026-07-10,Sealants,204,52579.67,P011
TXN002095,44,2026-02-27,Sealants,166,41136.49,P006
TXN002096,104,2025-12-09,Construction Chemicals,348,58522.8,P022
TXN002097,103,2025-09-05,Industrial Resins,461,227444.4,P006
TXN002098,9,2026-06-30,Adhesives,83,10722.38,P016
TXN002099,102,2025-09-14,Sealants,108,27175.8,P006
TXN002100,48,2025-10-14,Construction Chemicals,316,56078.45,P016
TXN002101,32,2026-05-31,Adhesives,400,49113.87,P018
TXN002102,110,2026-03-21,Industrial Resins,160,84633.4,P022
TXN002103,32,2025-06-15,Adhesives,332,42195.44,P018
TXN002104,17,2026-05-20,Industrial Resins,309,166422.28,P017
TXN002105,94,2025-09-30,Adhesives,411,49030.66,P004
TXN002106,79,2025-08-16,Adhesives,95,11419.64,P023
TXN002107,113,2026-01-10,Industrial Resins,201,100471.61,P006
TXN002108,23,2025-09-14,Construction Chemicals,374,65621.9,P018
TXN002109,62,2026-02-11,Art & Craft,252,14419.45,P024
TXN002110,82,2026-05-15,Industrial Resins,342,155151.87,P024
TXN002111,115,2026-02-14,Sealants,241,64626.18,P010
TXN002112,28,2025-11-16,Construction Chemicals,227,44036.53,P012
TXN002113,21,2026-06-28,Construction Chemicals,140,25454.78,P012
TXN002114,97,2026-03-08,Adhesives,161,19105.57,P017
TXN002115,30,2025-10-21,Industrial Resins,31,15392.28,P012
TXN002116,44,2026-02-07,Art & Craft,240,14306.55,P006
TXN002117,48,2026-08-23,Art & Craft,172,9851.51,P016
TXN002118,23,2026-07-28,Art & Craft,129,7377.19,P018
TXN002119,46,2025-12-16,Adhesives,160,20515.6,P004
TXN002120,70,2026-05-11,Adhesives,412,47229.29,P004
TXN002121,13,2025-11-29,Adhesives,46,5365.7,P006
TXN002122,26,2026-04-29,Construction Chemicals,110,20493.43,P006
TXN002123,39,2026-06-26,Construction Chemicals,107,20052.14,P023
TXN002124,110,2025-08-06,Industrial Resins,477,227106.16,P022
TXN002125,39,2026-02-10,Construction Chemicals,431,75200.35,P023
TXN002126,52,2026-01-06,Industrial Resins,397,204665.75,P006
TXN002127,84,2025-06-18,Industrial Resins,399,217514.41,P018
TXN002128,51,2026-05-20,Sealants,126,32907.02,P016
TXN002129,61,2025-11-26,Sealants,274,69691.95,P010
TXN002130,97,2026-03-14,Art & Craft,379,24169.88,P017
TXN002131,102,2026-01-28,Adhesives,170,21810.87,P006
TXN002132,99,2025-06-25,Art & Craft,117,6933.91,P005
TXN002133,72,2025-06-14,Adhesives,201,22378.3,P004
TXN002134,17,2025-12-23,Construction Chemicals,492,92772.0,P017
TXN002135,104,2026-01-30,Construction Chemicals,183,31131.53,P022
TXN002136,88,2025-12-03,Art & Craft,400,25337.49,P012
TXN002137,39,2025-07-29,Construction Chemicals,310,50479.36,P023
TXN002138,5,2026-03-19,Sealants,88,24099.87,P005
TXN002139,73,2025-06-18,Industrial Resins,477,243643.84,P005
TXN002140,51,2026-08-03,Art & Craft,114,7453.81,P016
TXN002141,69,2026-03-20,Art & Craft,106,6327.92,P012
TXN002142,73,2026-07-19,Art & Craft,337,21816.34,P005
TXN002143,22,2026-08-19,Adhesives,355,43050.77,P016
TXN002144,106,2026-05-26,Industrial Resins,260,117697.8,P005
TXN002145,9,2026-04-08,Art & Craft,155,8752.96,P016
TXN002146,85,2026-02-28,Industrial Resins,45,22295.99,P012
TXN002147,67,2026-02-06,Adhesives,97,11236.73,P018
TXN002148,51,2026-02-02,Sealants,66,15276.15,P016
TXN002149,62,2025-06-18,Adhesives,209,27362.77,P024
TXN002150,27,2026-01-26,Sealants,455,107054.15,P011
TXN002151,105,2026-03-30,Art & Craft,91,5573.25,P012
TXN002152,76,2026-01-13,Sealants,267,69643.91,P024
TXN002153,36,2026-01-19,Sealants,13,3569.21,P024
TXN002154,9,2025-12-09,Art & Craft,319,20317.36,P016
TXN002155,43,2026-01-11,Industrial Resins,460,229584.1,P011
TXN002156,74,2025-10-09,Adhesives,387,42642.16,P005
TXN002157,113,2025-09-05,Art & Craft,187,11669.51,P006
TXN002158,102,2025-07-17,Construction Chemicals,210,38654.49,P006
TXN002159,109,2025-10-23,Sealants,222,52715.4,P018
TXN002160,94,2025-10-02,Art & Craft,244,14302.3,P004
TXN002161,24,2026-08-13,Industrial Resins,58,28382.6,P018
TXN002162,31,2025-12-03,Sealants,150,40369.17,P005
TXN002163,38,2026-05-16,Adhesives,367,46035.34,P016
TXN002164,117,2025-11-25,Art & Craft,220,14499.91,P011
TXN002165,16,2025-12-20,Construction Chemicals,49,9270.52,P022
TXN002166,99,2026-04-28,Construction Chemicals,219,39033.18,P005
TXN002167,27,2026-07-29,Industrial Resins,32,15878.94,P011
TXN002168,82,2026-02-12,Art & Craft,205,11915.4,P024
TXN002169,110,2026-04-29,Sealants,213,48327.3,P022
TXN002170,15,2026-01-10,Sealants,177,45757.12,P024
TXN002171,63,2025-10-03,Art & Craft,44,2419.59,P016
TXN002172,32,2026-04-15,Art & Craft,81,4831.61,P018
TXN002173,108,2025-10-29,Sealants,97,25891.7,P018
TXN002174,13,2025-08-21,Sealants,160,36993.21,P006
TXN002175,51,2026-08-30,Sealants,49,12669.91,P016
TXN002176,87,2026-06-05,Construction Chemicals,88,15652.0,P011
TXN002177,28,2026-05-17,Adhesives,467,58001.89,P012
TXN002178,57,2025-12-11,Adhesives,438,53976.92,P018
TXN002179,83,2026-01-20,Adhesives,209,26034.78,P006
TXN002180,7,2026-02-23,Industrial Resins,12,5458.4,P004
TXN002181,99,2026-05-05,Sealants,485,115180.22,P005
TXN002182,26,2026-08-28,Adhesives,18,2126.17,P006
TXN002183,44,2026-05-15,Sealants,358,92524.2,P006
TXN002184,113,2025-09-29,Adhesives,418,53524.58,P006
TXN002185,22,2026-07-11,Sealants,32,7865.09,P016
TXN002186,105,2026-05-30,Construction Chemicals,175,31890.94,P012
TXN002187,80,2026-01-28,Sealants,488,123017.54,P006
TXN002188,16,2026-03-23,Sealants,119,27405.02,P022
TXN002189,23,2026-08-29,Adhesives,215,26594.6,P018
TXN002190,50,2025-10-03,Sealants,244,57585.17,P011
TXN002191,105,2026-08-13,Construction Chemicals,342,63085.57,P012
TXN002192,9,2025-11-02,Sealants,220,52816.88,P016
TXN002193,64,2025-06-26,Adhesives,374,45204.77,P023
TXN002194,73,2025-11-01,Sealants,138,37667.34,P005
TXN002195,42,2025-08-06,Art & Craft,357,23238.79,P006
TXN002196,89,2025-08-11,Sealants,180,42077.98,P006
TXN002197,114,2026-08-01,Construction Chemicals,445,82765.26,P012
TXN002198,43,2026-01-18,Adhesives,321,41694.84,P011
TXN002199,49,2025-12-21,Industrial Resins,337,176649.13,P006
TXN002200,76,2025-08-12,Adhesives,129,13997.68,P024
TXN002201,115,2026-01-28,Adhesives,168,19097.15,P010
TXN002202,97,2026-06-26,Sealants,327,74873.02,P017
TXN002203,48,2026-02-24,Art & Craft,161,9084.29,P016
TXN002204,27,2025-11-02,Adhesives,131,17051.2,P011
TXN002205,57,2025-10-10,Construction Chemicals,78,13416.98,P018
TXN002206,101,2026-02-04,Adhesives,276,35052.75,P011
TXN002207,83,2025-06-28,Construction Chemicals,394,64164.07,P006
TXN002208,94,2025-12-02,Construction Chemicals,185,31583.38,P004
TXN002209,7,2025-09-01,Sealants,420,108934.35,P004
TXN002210,29,2026-03-24,Industrial Resins,456,222595.76,P022
TXN002211,24,2025-06-16,Art & Craft,332,17952.07,P018
TXN002212,63,2025-10-15,Adhesives,498,56084.35,P016
TXN002213,19,2025-11-05,Sealants,74,16989.51,P006
TXN002214,71,2026-01-29,Sealants,130,32548.26,P012
TXN002215,93,2026-05-26,Art & Craft,169,9458.91,P005
TXN002216,32,2026-04-02,Art & Craft,100,6127.02,P018
TXN002217,37,2026-05-24,Industrial Resins,239,130678.65,P010
TXN002218,35,2026-03-04,Art & Craft,50,3270.61,P024
TXN002219,51,2026-01-31,Art & Craft,95,5666.61,P016
TXN002220,65,2026-06-17,Industrial Resins,386,190430.42,P012
TXN002221,105,2026-01-29,Art & Craft,20,1262.86,P012
TXN002222,110,2026-04-04,Adhesives,398,51642.48,P022
TXN002223,77,2026-06-07,Industrial Resins,88,44465.1,P010
TXN002224,33,2026-04-12,Art & Craft,247,14244.53,P006
TXN002225,49,2026-03-18,Industrial Resins,320,159387.02,P006
TXN002226,18,2026-05-30,Art & Craft,110,6144.24,P018
TXN002227,1,2025-08-29,Adhesives,451,54127.57,P006
TXN002228,48,2026-02-14,Art & Craft,217,14128.5,P016
TXN002229,96,2025-10-11,Construction Chemicals,206,37002.51,P024
TXN002230,76,2026-07-03,Adhesives,219,28303.56,P024
TXN002231,50,2026-01-24,Industrial Resins,93,43656.32,P011
TXN002232,33,2025-10-14,Construction Chemicals,270,50632.73,P006
TXN002233,89,2026-02-19,Construction Chemicals,366,60052.32,P006
TXN002234,119,2026-01-03,Art & Craft,386,21987.14,P004
TXN002235,5,2026-08-21,Construction Chemicals,333,62416.23,P005
TXN002236,90,2025-09-21,Sealants,143,36503.86,P004
TXN002237,19,2025-09-30,Construction Chemicals,136,24980.12,P006
TXN002238,108,2026-07-19,Sealants,16,3693.38,P018
TXN002239,83,2026-07-25,Art & Craft,213,13306.71,P006
TXN002240,67,2025-07-07,Sealants,458,112735.44,P018
TXN002241,55,2025-12-06,Construction Chemicals,364,62928.29,P004
TXN002242,85,2026-02-06,Art & Craft,310,17885.68,P012
TXN002243,97,2025-08-03,Adhesives,65,8012.44,P017
TXN002244,103,2025-08-17,Construction Chemicals,426,71200.65,P006
TXN002245,27,2026-06-10,Art & Craft,367,21174.87,P011
TXN002246,105,2025-08-04,Art & Craft,10,551.62,P012
TXN002247,90,2026-04-10,Art & Craft,278,16402.59,P004
TXN002248,94,2026-06-01,Art & Craft,97,5443.33,P004
TXN002249,91,2025-12-21,Sealants,111,27674.92,P011
TXN002250,15,2026-06-01,Art & Craft,300,19131.73,P024
TXN002251,26,2025-08-12,Adhesives,393,44167.5,P006
TXN002252,25,2026-01-22,Construction Chemicals,471,91081.11,P016
TXN002253,81,2026-06-11,Industrial Resins,65,34894.35,P018
TXN002254,11,2026-04-16,Construction Chemicals,53,9306.71,P010
TXN002255,9,2026-01-03,Construction Chemicals,25,4577.08,P016
TXN002256,63,2025-08-16,Adhesives,14,1532.51,P016
TXN002257,1,2026-07-17,Industrial Resins,414,227187.42,P006
TXN002258,28,2025-10-31,Industrial Resins,415,187051.37,P012
TXN002259,67,2025-08-13,Construction Chemicals,487,87413.26,P018
TXN002260,44,2025-09-20,Industrial Resins,229,110757.0,P006
TXN002261,114,2026-03-04,Construction Chemicals,171,32730.51,P012
TXN002262,86,2026-03-06,Art & Craft,203,12449.93,P024
TXN002263,112,2026-01-14,Construction Chemicals,422,69885.89,P006
TXN002264,112,2026-06-25,Art & Craft,381,24393.55,P006
TXN002265,4,2026-04-14,Industrial Resins,72,38656.84,P006
TXN002266,90,2025-09-18,Sealants,198,49023.99,P004
TXN002267,85,2026-05-31,Art & Craft,273,16095.4,P012
TXN002268,1,2025-06-14,Construction Chemicals,18,3326.69,P006
TXN002269,6,2025-10-29,Construction Chemicals,357,63544.22,P012
TXN002270,63,2026-07-25,Art & Craft,388,23804.23,P016
TXN002271,45,2026-01-04,Art & Craft,490,31937.12,P024
TXN002272,85,2025-10-29,Adhesives,385,45136.09,P012
TXN002273,25,2025-11-16,Sealants,455,114206.24,P016
TXN002274,101,2025-07-24,Industrial Resins,26,12032.44,P011
TXN002275,12,2025-11-28,Construction Chemicals,436,81196.38,P006
TXN002276,112,2026-07-07,Art & Craft,96,6216.66,P006
TXN002277,62,2026-06-09,Industrial Resins,133,63086.63,P024
TXN002278,97,2025-09-03,Adhesives,64,7580.0,P017
TXN002279,4,2026-02-20,Sealants,485,131652.46,P006
TXN002280,99,2025-09-29,Construction Chemicals,122,22922.62,P005
TXN002281,61,2025-12-05,Adhesives,350,38940.35,P010
TXN002282,82,2026-03-18,Art & Craft,56,3558.6,P024
TXN002283,112,2025-11-01,Sealants,487,123599.92,P006
TXN002284,9,2025-08-20,Construction Chemicals,203,39537.5,P016
TXN002285,95,2025-11-21,Art & Craft,344,21226.6,P024
TXN002286,110,2026-04-25,Art & Craft,423,24026.57,P022
TXN002287,15,2026-03-14,Construction Chemicals,54,8964.53,P024
TXN002288,95,2026-07-07,Industrial Resins,489,229250.85,P024
TXN002289,74,2026-02-22,Construction Chemicals,75,14453.99,P005
TXN002290,74,2025-12-04,Adhesives,169,18503.01,P005
TXN002291,25,2026-03-02,Art & Craft,226,13070.87,P016
TXN002292,103,2025-11-06,Sealants,276,71259.65,P006
TXN002293,29,2025-06-25,Adhesives,212,22942.75,P022
TXN002294,59,2026-04-06,Construction Chemicals,84,16076.03,P006
TXN002295,108,2026-06-21,Sealants,265,68634.75,P018
TXN002296,77,2025-06-27,Construction Chemicals,84,15867.11,P010
TXN002297,103,2025-12-21,Adhesives,316,36555.94,P006
TXN002298,89,2025-09-08,Adhesives,150,19788.65,P006
TXN002299,74,2025-12-25,Art & Craft,333,21293.43,P005
TXN002300,38,2026-03-18,Art & Craft,40,2630.95,P016
TXN002301,20,2025-07-17,Sealants,444,116165.01,P012
TXN002302,29,2026-06-05,Adhesives,482,62067.32,P022
TXN002303,110,2025-07-14,Art & Craft,382,22424.05,P022
TXN002304,85,2026-03-16,Sealants,21,5300.34,P012
TXN002305,55,2026-02-16,Art & Craft,188,11861.4,P004
TXN002306,10,2025-09-13,Industrial Resins,382,182712.12,P023
TXN002307,119,2026-02-15,Sealants,368,98555.04,P004
TXN002308,13,2025-11-11,Sealants,175,45957.33,P006
TXN002309,111,2026-04-02,Adhesives,445,58041.27,P017
TXN002310,59,2025-09-13,Sealants,305,70722.8,P006
TXN002311,62,2026-05-16,Construction Chemicals,469,78423.19,P024
TXN002312,103,2026-03-03,Sealants,386,99418.89,P006
TXN002313,93,2025-06-22,Industrial Resins,62,32105.57,P005
TXN002314,19,2025-09-22,Art & Craft,496,32633.03,P006
TXN002315,108,2026-03-06,Sealants,484,110263.22,P018
TXN002316,61,2025-12-15,Sealants,493,112218.44,P010
TXN002317,84,2026-06-20,Construction Chemicals,313,55594.3,P018
TXN002318,81,2026-05-04,Art & Craft,135,7345.07,P018
TXN002319,51,2026-06-08,Art & Craft,164,10209.95,P016
TXN002320,84,2025-07-24,Art & Craft,407,25356.73,P018
TXN002321,86,2025-07-13,Adhesives,408,48604.29,P024
TXN002322,84,2026-01-20,Art & Craft,150,9238.2,P018
TXN002323,48,2026-07-04,Adhesives,71,7866.73,P016
TXN002324,63,2025-11-15,Industrial Resins,125,56537.83,P016
TXN002325,74,2026-07-18,Art & Craft,150,9348.71,P005
TXN002326,102,2025-10-09,Industrial Resins,102,49816.39,P006
TXN002327,90,2026-07-16,Art & Craft,162,9858.85,P004
TXN002328,42,2025-07-24,Adhesives,375,48679.92,P006
TXN002329,69,2026-08-25,Sealants,217,57644.62,P012
TXN002330,51,2025-07-16,Industrial Resins,428,215558.64,P016
TXN002331,68,2025-11-09,Art & Craft,42,2529.53,P024
TXN002332,69,2025-10-02,Adhesives,395,49798.33,P012
TXN002333,115,2025-09-14,Adhesives,102,13126.18,P010
TXN002334,24,2026-03-28,Adhesives,294,34907.68,P018
TXN002335,16,2025-10-05,Adhesives,75,9135.15,P022
TXN002336,21,2025-08-15,Adhesives,297,33906.19,P012
TXN002337,5,2026-03-02,Adhesives,73,8770.77,P005
TXN002338,70,2025-10-03,Sealants,226,61891.27,P004
TXN002339,1,2025-12-13,Sealants,163,37051.26,P006
TXN002340,116,2026-06-25,Construction Chemicals,347,62886.01,P012
TXN002341,74,2026-03-08,Art & Craft,365,21080.66,P005
TXN002342,78,2026-07-16,Industrial Resins,271,127636.65,P024
TXN002343,85,2026-06-24,Adhesives,131,14263.49,P012
TXN002344,39,2025-11-26,Sealants,500,115855.2,P023
TXN002345,28,2025-08-27,Industrial Resins,193,92203.74,P012
TXN002346,80,2026-04-24,Art & Craft,48,2908.71,P006
TXN002347,49,2026-04-27,Sealants,214,53029.92,P006
TXN002348,87,2025-12-04,Art & Craft,491,30606.08,P011
TXN002349,27,2025-10-15,Adhesives,332,41693.95,P011
TXN002350,90,2025-10-03,Sealants,375,91352.67,P004
TXN002351,83,2025-07-11,Industrial Resins,319,148782.97,P006
TXN002352,20,2026-08-22,Construction Chemicals,413,73353.17,P012
TXN002353,78,2025-12-06,Sealants,49,11686.81,P024
TXN002354,15,2025-10-12,Industrial Resins,218,99537.91,P024
TXN002355,12,2026-04-18,Construction Chemicals,475,82653.15,P006
TXN002356,19,2026-02-23,Sealants,150,33823.97,P006
TXN002357,29,2026-07-03,Art & Craft,497,27464.24,P022
TXN002358,23,2025-11-07,Industrial Resins,382,205344.56,P018
TXN002359,106,2025-09-11,Art & Craft,58,3500.16,P005
TXN002360,74,2026-07-16,Construction Chemicals,292,50153.32,P005
TXN002361,115,2025-08-16,Adhesives,97,11216.3,P010
TXN002362,50,2025-09-22,Sealants,186,49346.59,P011
TXN002363,101,2025-06-26,Industrial Resins,292,148762.82,P011
TXN002364,52,2026-08-31,Art & Craft,313,17381.16,P006
TXN002365,88,2026-07-02,Industrial Resins,375,174580.92,P012
TXN002366,19,2026-08-08,Art & Craft,300,18847.52,P006
TXN002367,118,2025-09-22,Construction Chemicals,372,70676.66,P017
TXN002368,78,2026-01-23,Art & Craft,371,22072.07,P024
TXN002369,46,2026-01-28,Art & Craft,267,15336.97,P004
TXN002370,67,2026-07-22,Sealants,166,42625.77,P018
TXN002371,40,2026-07-20,Art & Craft,404,23332.15,P018
TXN002372,82,2026-07-19,Adhesives,49,6150.42,P024
TXN002373,22,2026-04-11,Industrial Resins,39,17879.88,P016
TXN002374,71,2026-01-30,Art & Craft,423,27280.22,P012
TXN002375,87,2026-01-02,Industrial Resins,487,254739.83,P011
TXN002376,64,2025-12-06,Industrial Resins,360,197926.36,P023
TXN002377,90,2026-05-30,Adhesives,217,23508.39,P004
TXN002378,117,2025-12-05,Adhesives,375,44324.81,P011
TXN002379,96,2025-10-01,Construction Chemicals,135,26701.92,P024
TXN002380,118,2025-10-29,Industrial Resins,360,183930.97,P017
TXN002381,58,2025-08-09,Sealants,355,96385.79,P005
TXN002382,68,2025-07-02,Sealants,99,22646.86,P024
TXN002383,18,2026-01-31,Industrial Resins,190,103597.19,P018
TXN002384,64,2026-07-09,Art & Craft,97,5672.5,P023
TXN002385,44,2025-08-08,Sealants,435,109600.85,P006
TXN002386,110,2026-04-07,Adhesives,158,18198.48,P022
TXN002387,34,2025-11-17,Sealants,11,2880.91,P018
TXN002388,51,2025-10-10,Sealants,482,115796.16,P016
TXN002389,66,2025-10-23,Adhesives,488,58127.32,P022
TXN002390,109,2025-10-24,Art & Craft,39,2272.49,P018
TXN002391,59,2026-09-02,Construction Chemicals,162,28307.9,P006
TXN002392,45,2026-07-15,Sealants,215,52186.22,P024
TXN002393,56,2025-12-15,Art & Craft,111,6106.88,P024
TXN002394,116,2025-12-29,Sealants,220,50862.27,P012
TXN002395,1,2026-05-12,Sealants,403,103906.16,P006
TXN002396,61,2026-01-28,Art & Craft,201,11575.88,P010
TXN002397,115,2026-07-11,Sealants,284,75423.92,P010
TXN002398,57,2025-08-18,Art & Craft,92,5122.42,P018
TXN002399,56,2025-09-06,Adhesives,193,24936.73,P024
TXN002400,26,2026-06-28,Adhesives,107,12287.62,P006
TXN002401,51,2026-08-19,Art & Craft,390,22610.08,P016
TXN002402,21,2025-09-29,Sealants,495,123237.55,P012
TXN002403,35,2025-12-25,Adhesives,225,26940.97,P024
TXN002404,103,2025-08-01,Sealants,176,46209.59,P006
TXN002405,113,2025-08-21,Art & Craft,266,16681.37,P006
TXN002406,108,2026-07-11,Art & Craft,77,4259.39,P018
TXN002407,102,2025-12-22,Adhesives,74,8268.24,P006
TXN002408,2,2026-03-13,Sealants,36,9320.96,P016
TXN002409,55,2026-01-02,Industrial Resins,387,174460.72,P004
TXN002410,38,2026-01-28,Construction Chemicals,258,42563.33,P016
TXN002411,32,2026-06-01,Industrial Resins,88,46017.39,P018
TXN002412,32,2026-04-23,Construction Chemicals,402,66788.57,P018
TXN002413,90,2026-05-26,Sealants,351,93376.7,P004
TXN002414,61,2025-10-27,Adhesives,368,46195.39,P010
TXN002415,24,2025-10-15,Sealants,447,113788.24,P018
TXN002416,20,2026-08-16,Sealants,71,16444.65,P012
TXN002417,36,2026-08-26,Sealants,485,112670.57,P024
TXN002418,79,2026-02-22,Sealants,56,15020.18,P023
TXN002419,53,2026-05-09,Industrial Resins,166,86322.64,P012
TXN002420,29,2025-12-17,Construction Chemicals,228,40869.23,P022
TXN002421,55,2026-03-02,Adhesives,165,18255.82,P004
TXN002422,36,2026-03-25,Construction Chemicals,374,66216.95,P024
TXN002423,115,2026-08-09,Adhesives,103,11225.08,P010
TXN002424,85,2026-04-14,Construction Chemicals,118,20328.03,P012
TXN002425,117,2026-04-28,Industrial Resins,61,30078.54,P011
TXN002426,63,2026-07-17,Construction Chemicals,181,31305.19,P016
TXN002427,86,2025-06-20,Adhesives,359,43526.04,P024
TXN002428,17,2026-03-03,Construction Chemicals,194,36605.18,P017
TXN002429,96,2026-05-06,Industrial Resins,280,142931.99,P024
TXN002430,84,2026-07-22,Construction Chemicals,117,21415.19,P018
TXN002431,114,2025-10-31,Adhesives,76,9356.31,P012
TXN002432,16,2025-10-04,Adhesives,310,40684.38,P022
TXN002433,105,2026-07-16,Sealants,108,28105.16,P012
TXN002434,10,2025-08-29,Industrial Resins,326,157878.47,P023
TXN002435,61,2026-08-13,Sealants,283,73873.89,P010
TXN002436,17,2026-04-28,Sealants,224,56565.55,P017
TXN002437,115,2026-01-18,Industrial Resins,187,100884.87,P010
TXN002438,81,2025-12-31,Adhesives,476,56390.3,P018
TXN002439,54,2025-07-27,Industrial Resins,486,264988.79,P011
TXN002440,3,2026-06-30,Sealants,316,75431.55,P010
TXN002441,38,2025-07-25,Adhesives,499,60672.51,P016
TXN002442,89,2025-12-25,Sealants,389,103367.68,P006
TXN002443,88,2026-07-28,Industrial Resins,455,228113.69,P012
TXN002444,22,2025-11-21,Art & Craft,394,23683.87,P016
TXN002445,100,2026-05-22,Art & Craft,215,13176.62,P024
TXN002446,24,2025-11-05,Adhesives,91,11077.03,P018
TXN002447,90,2025-12-16,Adhesives,460,59932.05,P004
TXN002448,59,2026-04-25,Industrial Resins,372,194205.54,P006
TXN002449,39,2025-11-26,Sealants,161,41926.45,P023
TXN002450,16,2026-05-06,Sealants,124,28182.8,P022
TXN002451,38,2026-04-15,Adhesives,337,37594.15,P016
TXN002452,119,2026-08-09,Sealants,148,39763.03,P004
TXN002453,83,2026-07-07,Sealants,431,101499.9,P006
TXN002454,1,2026-02-28,Construction Chemicals,333,61200.65,P006
TXN002455,42,2025-11-27,Adhesives,494,61715.95,P006
TXN002456,34,2026-04-07,Sealants,219,59111.78,P018
TXN002457,42,2025-07-10,Adhesives,330,42102.1,P006
TXN002458,46,2026-06-06,Sealants,384,104932.37,P004
TXN002459,33,2025-06-17,Adhesives,285,35276.05,P006
TXN002460,100,2025-09-17,Industrial Resins,64,33424.65,P024
TXN002461,49,2025-10-30,Construction Chemicals,455,83967.64,P006
TXN002462,71,2026-03-22,Sealants,428,105762.76,P012
TXN002463,35,2025-06-22,Sealants,307,78742.44,P024
TXN002464,97,2025-08-27,Art & Craft,89,5282.39,P017
TXN002465,93,2026-01-02,Art & Craft,198,11044.44,P005
TXN002466,12,2025-07-14,Art & Craft,102,6070.29,P006
TXN002467,111,2025-08-27,Sealants,106,26869.19,P017
TXN002468,24,2026-06-06,Construction Chemicals,20,3463.32,P018
TXN002469,105,2026-07-31,Art & Craft,361,22127.09,P012
TXN002470,19,2025-10-09,Adhesives,228,25966.03,P006
TXN002471,52,2025-08-28,Adhesives,380,45844.22,P006
TXN002472,97,2026-02-20,Adhesives,318,35105.14,P017
TXN002473,3,2025-07-06,Adhesives,433,46904.83,P010
TXN002474,83,2026-07-24,Adhesives,77,8774.94,P006
TXN002475,35,2026-08-29,Sealants,490,125620.92,P024
TXN002476,102,2025-12-01,Adhesives,500,63499.93,P006
TXN002477,95,2026-05-24,Construction Chemicals,446,83610.91,P024
TXN002478,18,2026-01-20,Art & Craft,398,24180.18,P018
TXN002479,105,2026-06-17,Sealants,167,40345.17,P012
TXN002480,32,2025-10-18,Adhesives,288,35887.39,P018
TXN002481,70,2026-07-14,Adhesives,20,2555.96,P004
TXN002482,70,2025-07-03,Construction Chemicals,62,11185.76,P004
TXN002483,54,2026-08-23,Sealants,10,2706.08,P011
TXN002484,30,2025-10-04,Art & Craft,207,11544.08,P012
TXN002485,37,2026-02-20,Sealants,481,129364.71,P010
TXN002486,88,2026-07-10,Adhesives,261,29250.12,P012
TXN002487,29,2026-03-06,Adhesives,499,65339.25,P022
TXN002488,10,2026-07-23,Industrial Resins,180,83130.32,P023
TXN002489,115,2026-01-28,Adhesives,319,35608.84,P010
TXN002490,68,2026-01-30,Construction Chemicals,317,53423.74,P024
TXN002491,20,2026-03-10,Construction Chemicals,329,62981.21,P012
TXN002492,113,2025-10-01,Adhesives,148,19238.46,P006
TXN002493,48,2025-07-23,Construction Chemicals,425,82726.87,P016
TXN002494,10,2026-06-20,Adhesives,451,58807.82,P023
TXN002495,100,2026-01-19,Sealants,173,40203.3,P024
TXN002496,93,2025-11-13,Art & Craft,427,23402.92,P005
TXN002497,55,2026-07-01,Construction Chemicals,84,13881.51,P004
TXN002498,24,2026-01-30,Art & Craft,190,10988.04,P018
TXN002499,62,2026-03-18,Art & Craft,318,20200.0,P024
TXN002500,18,2025-12-24,Sealants,206,50662.19,P018
TXN002501,69,2025-07-11,Industrial Resins,262,131850.83,P012
TXN002502,30,2026-02-01,Art & Craft,52,3170.52,P012
TXN002503,68,2025-08-17,Industrial Resins,407,211375.41,P024
TXN002504,29,2026-05-23,Adhesives,130,15168.53,P022
TXN002505,109,2026-06-28,Adhesives,195,23673.19,P018
TXN002506,118,2026-03-04,Adhesives,40,5194.91,P017
TXN002507,109,2025-07-04,Sealants,160,39683.11,P018
TXN002508,110,2026-05-03,Industrial Resins,486,263069.56,P022
TXN002509,27,2026-07-06,Sealants,38,9969.29,P011
TXN002510,90,2025-09-13,Sealants,203,53115.78,P004
TXN002511,55,2025-09-30,Construction Chemicals,37,6928.27,P004
TXN002512,75,2025-06-16,Adhesives,254,32537.02,P012
TXN002513,21,2026-07-26,Adhesives,85,9925.1,P012
TXN002514,32,2025-07-15,Adhesives,16,1946.57,P018
TXN002515,54,2025-08-20,Sealants,401,93882.61,P011
TXN002516,18,2026-01-07,Industrial Resins,367,199969.7,P018
TXN002517,53,2025-09-14,Construction Chemicals,237,45060.88,P012
TXN002518,2,2025-10-11,Construction Chemicals,66,11062.39,P016
TXN002519,5,2026-06-14,Industrial Resins,394,184139.06,P005
TXN002520,2,2025-06-13,Art & Craft,436,25760.38,P016
TXN002521,59,2025-11-16,Industrial Resins,374,199323.98,P006
TXN002522,65,2026-06-16,Construction Chemicals,373,63478.38,P012
TXN002523,35,2026-07-02,Adhesives,277,32426.02,P024
TXN002524,96,2026-05-15,Sealants,215,55029.72,P024
TXN002525,51,2025-11-22,Sealants,431,113051.21,P016
TXN002526,78,2026-01-03,Adhesives,428,53336.61,P024
TXN002527,41,2026-08-08,Art & Craft,433,25358.92,P024
TXN002528,103,2026-04-19,Construction Chemicals,341,60449.75,P006
TXN002529,14,2025-08-02,Adhesives,49,5718.54,P016
TXN002530,109,2026-06-13,Construction Chemicals,24,4094.95,P018
TXN002531,70,2026-08-30,Adhesives,43,4862.69,P004
TXN002532,97,2025-10-13,Construction Chemicals,106,19277.25,P017
TXN002533,119,2025-11-17,Adhesives,133,15223.18,P004
TXN002534,73,2025-12-31,Adhesives,298,39239.4,P005
TXN002535,6,2026-03-30,Adhesives,171,18850.54,P012
TXN002536,2,2026-02-13,Construction Chemicals,394,67833.59,P016
TXN002537,65,2025-08-29,Sealants,171,44903.25,P012
TXN002538,46,2026-03-19,Sealants,369,95472.96,P004
TXN002539,53,2025-08-04,Industrial Resins,61,30513.28,P012
TXN002540,20,2026-01-03,Adhesives,310,39402.76,P012
TXN002541,76,2025-09-20,Adhesives,158,17675.36,P024
TXN002542,60,2025-09-02,Adhesives,463,56959.59,P024
TXN002543,30,2026-06-24,Sealants,423,109587.87,P012
TXN002544,99,2025-08-27,Sealants,266,66716.8,P005
TXN002545,78,2026-01-18,Industrial Resins,486,256055.72,P024
TXN002546,101,2025-10-20,Sealants,183,43836.2,P011
TXN002547,110,2025-08-04,Art & Craft,30,1940.64,P022
TXN002548,88,2025-10-27,Art & Craft,132,7458.77,P012
TXN002549,78,2025-10-18,Adhesives,500,55828.82,P024
TXN002550,64,2025-08-08,Adhesives,422,45727.33,P023
TXN002551,112,2025-07-23,Construction Chemicals,290,56037.05,P006
TXN002552,101,2026-03-28,Adhesives,265,29218.57,P011
TXN002553,22,2025-11-13,Construction Chemicals,92,15129.75,P016
TXN002554,47,2025-09-06,Construction Chemicals,55,9050.85,P006
TXN002555,99,2026-04-26,Art & Craft,142,9348.39,P005
TXN002556,98,2026-07-03,Art & Craft,342,22260.76,P005
TXN002557,73,2026-04-11,Art & Craft,30,1750.85,P005
TXN002558,52,2025-09-21,Art & Craft,448,27523.42,P006
TXN002559,17,2025-10-20,Art & Craft,197,11849.5,P017
TXN002560,41,2025-12-19,Construction Chemicals,52,9701.08,P024
TXN002561,58,2025-09-20,Construction Chemicals,459,88825.36,P005
TXN002562,6,2025-07-27,Industrial Resins,339,154484.29,P012
TXN002563,32,2026-07-13,Industrial Resins,14,6516.39,P018
TXN002564,38,2025-06-24,Art & Craft,91,5536.59,P016
TXN002565,10,2025-09-27,Sealants,208,55891.25,P023
TXN002566,12,2025-12-05,Construction Chemicals,248,44358.67,P006
TXN002567,116,2025-08-26,Art & Craft,65,3576.94,P012
TXN002568,14,2026-02-11,Art & Craft,403,23856.54,P016
TXN002569,43,2025-10-30,Adhesives,172,19989.52,P011
TXN002570,63,2026-07-08,Sealants,369,96701.7,P016
TXN002571,36,2026-01-07,Art & Craft,29,1755.69,P024
TXN002572,19,2025-11-01,Sealants,173,43839.99,P006
TXN002573,100,2026-03-03,Art & Craft,41,2674.74,P024
TXN002574,102,2026-05-19,Art & Craft,252,14253.38,P006
TXN002575,112,2026-01-31,Adhesives,497,62724.78,P006
TXN002576,35,2026-06-24,Construction Chemicals,335,56393.83,P024
TXN002577,9,2025-06-14,Construction Chemicals,217,35792.31,P016
TXN002578,92,2026-05-18,Art & Craft,456,26920.72,P024
TXN002579,86,2026-07-19,Construction Chemicals,104,19957.58,P024
TXN002580,115,2026-04-05,Art & Craft,185,12128.67,P010
TXN002581,22,2026-01-01,Sealants,188,51154.25,P016
TXN002582,61,2025-09-13,Industrial Resins,362,191275.64,P010
TXN002583,56,2026-02-17,Construction Chemicals,477,89172.5,P024
TXN002584,106,2025-11-03,Adhesives,297,37657.74,P005
TXN002585,26,2025-10-24,Adhesives,380,47131.82,P006
TXN002586,19,2025-08-25,Construction Chemicals,350,69128.24,P006
TXN002587,96,2026-01-13,Construction Chemicals,17,2846.11,P024
TXN002588,120,2026-07-08,Sealants,265,71076.99,P017
TXN002589,102,2026-09-03,Art & Craft,144,8675.76,P006
TXN002590,58,2025-11-12,Sealants,334,82653.79,P005
TXN002591,13,2026-05-31,Adhesives,121,15233.53,P006
TXN002592,54,2026-02-23,Industrial Resins,406,189443.7,P011
TXN002593,28,2025-09-22,Construction Chemicals,117,22965.41,P012
TXN002594,74,2026-08-27,Adhesives,199,25378.61,P005
TXN002595,39,2026-07-03,Construction Chemicals,267,51126.72,P023
TXN002596,90,2026-02-05,Art & Craft,342,22568.09,P004
TXN002597,53,2026-01-29,Construction Chemicals,190,36444.79,P012
TXN002598,67,2026-01-13,Construction Chemicals,68,13283.7,P018
TXN002599,55,2026-06-13,Construction Chemicals,100,18189.91,P004
TXN002600,70,2025-10-02,Art & Craft,205,11771.17,P004
TXN002601,89,2025-10-22,Art & Craft,334,19171.26,P006
TXN002602,119,2026-07-13,Adhesives,54,6876.5,P004
TXN002603,12,2026-07-13,Adhesives,325,42373.47,P006
TXN002604,64,2025-10-15,Industrial Resins,484,244165.11,P023
TXN002605,57,2025-09-28,Industrial Resins,307,162890.23,P018
TXN002606,38,2026-01-15,Art & Craft,118,6687.6,P016
TXN002607,71,2026-01-07,Art & Craft,68,3831.58,P012
TXN002608,16,2026-02-05,Construction Chemicals,416,81080.5,P022
TXN002609,117,2025-07-31,Art & Craft,13,848.58,P011
TXN002610,29,2025-10-02,Industrial Resins,155,73897.94,P022
TXN002611,34,2026-02-04,Construction Chemicals,439,85383.85,P018
TXN002612,87,2026-02-04,Sealants,12,3240.11,P011
TXN002613,5,2026-02-25,Adhesives,23,2568.66,P005
TXN002614,108,2026-03-26,Industrial Resins,429,224849.43,P018
TXN002615,43,2026-05-04,Sealants,302,82941.72,P011
TXN002616,72,2026-02-15,Art & Craft,108,6630.68,P004
TXN002617,107,2026-01-28,Adhesives,420,54753.96,P023
TXN002618,17,2026-03-26,Art & Craft,382,21424.32,P017
TXN002619,67,2025-09-06,Sealants,233,55115.79,P018
TXN002620,103,2025-11-13,Sealants,268,61886.19,P006
TXN002621,101,2026-04-24,Art & Craft,441,27847.41,P011
TXN002622,108,2026-05-23,Industrial Resins,91,49583.17,P018
TXN002623,12,2025-10-18,Adhesives,23,2725.46,P006
TXN002624,99,2025-09-07,Industrial Resins,88,39844.8,P005
TXN002625,70,2025-08-20,Adhesives,302,35387.67,P004
TXN002626,94,2025-08-02,Sealants,242,62127.0,P004
TXN002627,46,2026-05-14,Sealants,132,34006.65,P004
TXN002628,39,2025-08-29,Sealants,284,75834.49,P023
TXN002629,100,2026-08-09,Art & Craft,404,23078.81,P024
TXN002630,36,2026-08-24,Adhesives,488,54387.83,P024
TXN002631,82,2026-01-12,Industrial Resins,453,208534.89,P024
TXN002632,119,2026-04-13,Industrial Resins,72,33170.95,P004
TXN002633,34,2025-06-29,Sealants,57,13045.54,P018
TXN002634,47,2025-07-24,Sealants,210,48307.05,P006
TXN002635,3,2025-10-19,Art & Craft,47,2812.4,P010
TXN002636,10,2026-03-28,Sealants,361,88804.32,P023
TXN002637,82,2026-04-05,Art & Craft,423,23659.76,P024
TXN002638,2,2025-10-29,Sealants,347,87917.55,P016
TXN002639,110,2026-03-11,Adhesives,70,9199.54,P022
TXN002640,62,2026-06-15,Industrial Resins,317,159973.5,P024
TXN002641,67,2025-10-29,Construction Chemicals,484,80526.65,P018
TXN002642,4,2025-08-11,Industrial Resins,21,10537.79,P006
TXN002643,20,2026-05-16,Sealants,453,110189.77,P012
TXN002644,4,2025-08-28,Construction Chemicals,80,13592.91,P006
TXN002645,89,2026-05-25,Sealants,147,35086.45,P006
TXN002646,12,2026-04-07,Construction Chemicals,372,67649.65,P006
TXN002647,60,2026-02-12,Art & Craft,233,14015.39,P024
TXN002648,119,2025-09-18,Sealants,138,32243.42,P004
TXN002649,109,2025-07-25,Construction Chemicals,211,34963.59,P018
TXN002650,99,2026-05-22,Industrial Resins,169,78849.54,P005
TXN002651,93,2026-01-31,Art & Craft,231,14921.28,P005
TXN002652,77,2026-07-11,Construction Chemicals,427,74073.8,P010
TXN002653,78,2026-03-08,Art & Craft,229,12914.83,P024
TXN002654,48,2026-08-18,Adhesives,240,26883.35,P016
TXN002655,66,2025-10-30,Construction Chemicals,310,54793.46,P022
TXN002656,106,2026-07-08,Industrial Resins,190,93067.83,P005
TXN002657,24,2026-03-05,Construction Chemicals,229,43618.15,P018
TXN002658,32,2026-02-26,Adhesives,120,14852.03,P018
TXN002659,19,2025-09-17,Construction Chemicals,72,11688.97,P006
TXN002660,2,2025-07-24,Construction Chemicals,119,21271.67,P016
TXN002661,42,2026-04-12,Sealants,297,67808.59,P006
TXN002662,78,2025-11-21,Sealants,279,65808.61,P024
TXN002663,36,2025-06-21,Industrial Resins,494,265937.99,P024
TXN002664,86,2026-02-01,Adhesives,303,39215.45,P024
TXN002665,88,2026-05-26,Art & Craft,172,10966.85,P012
TXN002666,26,2026-08-12,Adhesives,420,50338.86,P006
TXN002667,36,2026-06-09,Art & Craft,71,3939.73,P024
TXN002668,77,2025-11-13,Construction Chemicals,312,54844.26,P010
TXN002669,3,2025-06-23,Construction Chemicals,19,3518.27,P010
TXN002670,74,2026-06-29,Adhesives,476,56683.28,P005
TXN002671,108,2025-12-08,Art & Craft,28,1813.0,P018
TXN002672,6,2026-01-07,Construction Chemicals,340,55279.17,P012
TXN002673,13,2026-03-26,Art & Craft,380,21892.55,P006
TXN002674,97,2025-08-04,Construction Chemicals,214,35282.53,P017
TXN002675,41,2026-04-05,Art & Craft,323,17624.45,P024
TXN002676,90,2026-07-04,Art & Craft,262,16816.23,P004
TXN002677,108,2026-08-21,Construction Chemicals,490,90281.11,P018
TXN002678,29,2026-07-13,Adhesives,432,46763.79,P022
TXN002679,42,2026-05-30,Art & Craft,125,7005.29,P006
TXN002680,93,2026-09-02,Construction Chemicals,427,83053.08,P005
TXN002681,120,2026-08-13,Adhesives,142,18346.35,P017
TXN002682,15,2026-04-22,Adhesives,494,56959.66,P024
TXN002683,43,2026-04-19,Industrial Resins,415,220468.15,P011
TXN002684,90,2026-01-12,Sealants,483,112001.98,P004
TXN002685,16,2025-08-15,Sealants,173,46380.39,P022
TXN002686,75,2026-07-04,Art & Craft,336,19945.42,P012
TXN002687,67,2025-10-01,Industrial Resins,133,67535.87,P018
TXN002688,63,2025-12-31,Construction Chemicals,174,33027.84,P016
TXN002689,29,2025-09-05,Adhesives,145,18326.38,P022
TXN002690,11,2026-05-03,Construction Chemicals,295,56663.46,P010
TXN002691,85,2025-12-25,Sealants,365,83548.81,P012
TXN002692,8,2026-01-08,Sealants,16,4136.4,P023
TXN002693,105,2026-03-14,Art & Craft,106,6344.29,P012
TXN002694,27,2025-06-22,Industrial Resins,399,200603.02,P011
TXN002695,41,2026-06-18,Construction Chemicals,372,66344.26,P024
TXN002696,109,2026-05-15,Industrial Resins,64,34650.4,P018
TXN002697,118,2025-06-17,Construction Chemicals,207,40800.18,P017
TXN002698,80,2026-05-31,Industrial Resins,113,59664.24,P006
TXN002699,9,2026-03-31,Construction Chemicals,226,37947.9,P016
TXN002700,112,2026-01-11,Industrial Resins,341,156930.39,P006
TXN002701,113,2026-08-27,Adhesives,391,43262.11,P006
TXN002702,115,2026-01-04,Art & Craft,105,6006.11,P010
TXN002703,85,2026-07-06,Industrial Resins,241,116932.16,P012
TXN002704,119,2026-05-19,Industrial Resins,53,25728.46,P004
TXN002705,20,2026-03-18,Art & Craft,267,15798.44,P012
TXN002706,7,2026-08-10,Art & Craft,149,8707.17,P004
TXN002707,84,2026-05-28,Art & Craft,384,25012.32,P018
TXN002708,38,2026-04-16,Sealants,216,50507.77,P016
TXN002709,68,2026-07-11,Industrial Resins,262,131487.8,P024
TXN002710,88,2026-07-10,Adhesives,340,38751.39,P012
TXN002711,29,2025-11-14,Adhesives,37,4790.81,P022
TXN002712,35,2026-04-16,Sealants,43,10819.08,P024
TXN002713,29,2026-02-16,Industrial Resins,368,191942.3,P022
TXN002714,51,2025-06-11,Adhesives,122,15324.93,P016
TXN002715,89,2025-07-29,Construction Chemicals,263,44553.62,P006
TXN002716,27,2025-11-03,Construction Chemicals,336,57915.56,P011
TXN002717,37,2025-09-11,Adhesives,58,6521.63,P010
TXN002718,80,2025-09-17,Art & Craft,388,22373.59,P006
TXN002719,31,2026-06-11,Sealants,171,44301.33,P005
TXN002720,24,2026-08-29,Construction Chemicals,470,83842.26,P018
TXN002721,86,2026-06-06,Art & Craft,229,13283.98,P024
TXN002722,34,2025-06-25,Adhesives,97,12057.18,P018
TXN002723,2,2025-11-10,Industrial Resins,190,103921.29,P016
TXN002724,1,2026-07-10,Art & Craft,457,26035.35,P006
TXN002725,6,2026-04-09,Adhesives,300,37296.33,P012
TXN002726,107,2025-08-14,Sealants,278,69543.74,P023
TXN002727,19,2025-08-24,Adhesives,61,7033.94,P006
TXN002728,43,2025-11-29,Art & Craft,261,16395.44,P011
TXN002729,33,2026-08-29,Art & Craft,139,8113.63,P006
TXN002730,106,2025-12-13,Construction Chemicals,164,30760.77,P005
TXN002731,100,2025-09-18,Industrial Resins,257,118547.96,P024
TXN002732,67,2025-06-23,Adhesives,85,11176.42,P018
TXN002733,29,2026-05-02,Sealants,192,47979.19,P022
TXN002734,74,2026-07-21,Art & Craft,194,10956.28,P005
TXN002735,25,2026-04-17,Art & Craft,337,18634.48,P016
TXN002736,113,2025-06-13,Industrial Resins,470,254382.35,P006
TXN002737,68,2026-03-10,Sealants,145,39224.87,P024
TXN002738,114,2026-04-16,Construction Chemicals,210,38473.96,P012
TXN002739,40,2025-09-10,Sealants,31,7873.25,P018
TXN002740,44,2026-01-15,Industrial Resins,72,35520.91,P006
TXN002741,73,2026-08-31,Construction Chemicals,157,26056.8,P005
TXN002742,64,2025-12-11,Sealants,248,64243.45,P023
TXN002743,38,2026-04-02,Industrial Resins,295,152347.45,P016
TXN002744,63,2026-08-28,Construction Chemicals,43,8204.07,P016
TXN002745,59,2025-11-05,Adhesives,121,13889.88,P006
TXN002746,16,2026-01-27,Adhesives,260,29988.33,P022
TXN002747,46,2026-03-09,Adhesives,35,3991.2,P004
TXN002748,113,2025-09-29,Construction Chemicals,412,79484.84,P006
TXN002749,99,2025-09-04,Industrial Resins,89,48537.8,P005
TXN002750,35,2025-11-09,Sealants,385,90412.0,P024
TXN002751,118,2026-01-05,Adhesives,158,17893.91,P017
TXN002752,120,2025-10-13,Construction Chemicals,137,26197.35,P017
TXN002753,50,2026-07-16,Art & Craft,214,14039.02,P011
TXN002754,115,2026-03-29,Construction Chemicals,481,83151.82,P010
TXN002755,23,2026-03-23,Industrial Resins,233,120668.91,P018
TXN002756,103,2026-05-25,Industrial Resins,81,41984.9,P006
TXN002757,33,2026-04-03,Sealants,223,56355.26,P006
TXN002758,40,2025-10-18,Adhesives,162,19699.19,P018
TXN002759,60,2025-06-13,Industrial Resins,103,50222.45,P024
TXN002760,107,2026-01-21,Art & Craft,59,3284.14,P023
TXN002761,89,2025-09-05,Construction Chemicals,267,52240.06,P006
TXN002762,46,2026-02-01,Art & Craft,191,11294.22,P004
TXN002763,53,2026-08-22,Art & Craft,24,1558.82,P012
TXN002764,99,2025-10-25,Art & Craft,55,3468.87,P005
TXN002765,117,2025-12-16,Construction Chemicals,412,70342.92,P011
TXN002766,48,2025-11-19,Sealants,327,82457.46,P016
TXN002767,113,2026-02-15,Construction Chemicals,37,7000.11,P006
TXN002768,17,2025-07-18,Art & Craft,353,19087.22,P017
TXN002769,98,2026-07-23,Industrial Resins,245,130810.35,P005
TXN002770,8,2026-07-12,Construction Chemicals,434,85715.98,P023
TXN002771,43,2025-11-19,Industrial Resins,59,31399.45,P011
TXN002772,62,2025-08-21,Construction Chemicals,452,74214.39,P024
TXN002773,75,2025-09-10,Industrial Resins,388,202417.71,P012
TXN002774,27,2025-12-25,Industrial Resins,83,42015.01,P011
TXN002775,18,2025-06-25,Sealants,468,121110.93,P018
TXN002776,20,2026-09-01,Construction Chemicals,331,57326.58,P012
TXN002777,104,2026-07-08,Art & Craft,329,20481.33,P022
TXN002778,9,2026-07-05,Adhesives,88,10779.21,P016
TXN002779,67,2026-01-05,Adhesives,136,15354.81,P018
TXN002780,4,2026-07-04,Industrial Resins,237,115909.92,P006
TXN002781,39,2025-07-12,Art & Craft,257,16908.64,P023
TXN002782,31,2025-09-21,Industrial Resins,143,76100.12,P005
TXN002783,57,2025-10-14,Industrial Resins,73,36006.18,P018
TXN002784,3,2025-10-03,Sealants,82,21806.06,P010
TXN002785,31,2025-11-29,Sealants,271,71024.56,P005
TXN002786,26,2025-09-28,Art & Craft,255,14657.51,P006
TXN002787,13,2026-04-17,Industrial Resins,262,127524.29,P006
TXN002788,51,2026-01-10,Art & Craft,367,23340.56,P016
TXN002789,54,2026-01-13,Art & Craft,85,4618.53,P011
TXN002790,16,2026-04-02,Industrial Resins,209,94280.31,P022
TXN002791,5,2026-03-07,Industrial Resins,237,107660.37,P005
TXN002792,18,2026-04-16,Art & Craft,461,28894.0,P018
TXN002793,2,2025-06-21,Sealants,193,48256.16,P016
TXN002794,65,2025-12-10,Sealants,188,50783.97,P012
TXN002795,50,2026-06-19,Industrial Resins,42,19632.89,P011
TXN002796,46,2025-06-22,Industrial Resins,183,90758.52,P004
TXN002797,101,2025-10-02,Sealants,152,40165.7,P011
TXN002798,39,2025-10-09,Art & Craft,44,2859.73,P023
TXN002799,62,2026-06-04,Art & Craft,251,15378.8,P024
TXN002800,74,2026-04-25,Industrial Resins,407,209967.44,P005
TXN002801,17,2026-03-10,Construction Chemicals,311,61076.36,P017
TXN002802,75,2026-08-12,Industrial Resins,434,212823.79,P012
TXN002803,4,2026-07-12,Sealants,128,29417.86,P006
TXN002804,64,2025-08-05,Art & Craft,175,11045.81,P023
TXN002805,104,2026-06-07,Sealants,63,17009.35,P022
TXN002806,94,2026-08-03,Art & Craft,396,26009.22,P004
TXN002807,8,2025-06-28,Industrial Resins,138,63679.74,P023
TXN002808,96,2025-10-29,Adhesives,236,29811.63,P024
TXN002809,81,2026-07-11,Adhesives,482,54069.61,P018
TXN002810,90,2025-10-13,Art & Craft,203,11286.52,P004
TXN002811,74,2025-12-27,Industrial Resins,112,52592.04,P005
TXN002812,57,2026-06-14,Construction Chemicals,125,21155.37,P018
TXN002813,56,2026-07-22,Industrial Resins,424,224296.18,P024
TXN002814,75,2026-07-17,Adhesives,332,43503.94,P012
TXN002815,27,2026-09-02,Adhesives,424,47222.36,P011
TXN002816,47,2026-07-30,Art & Craft,300,18167.69,P006
TXN002817,44,2025-08-28,Sealants,359,93878.09,P006
TXN002818,83,2026-05-21,Industrial Resins,264,123819.61,P006
TXN002819,74,2025-10-23,Art & Craft,266,15487.92,P005
TXN002820,116,2026-08-01,Industrial Resins,446,206849.16,P012
TXN002821,57,2026-07-30,Art & Craft,330,19309.43,P018
TXN002822,73,2026-04-05,Adhesives,75,9508.3,P005
TXN002823,13,2025-11-01,Adhesives,265,30086.45,P006
TXN002824,70,2026-04-09,Construction Chemicals,21,3571.36,P004
TXN002825,119,2026-08-01,Construction Chemicals,209,39149.43,P004
TXN002826,112,2025-11-14,Sealants,157,35912.0,P006
TXN002827,31,2026-03-29,Industrial Resins,487,248917.75,P005
TXN002828,52,2026-07-10,Industrial Resins,39,19679.17,P006
TXN002829,75,2026-04-23,Art & Craft,489,31789.25,P012
TXN002830,84,2026-04-24,Adhesives,26,3018.94,P018
TXN002831,26,2026-06-25,Construction Chemicals,464,87942.15,P006
TXN002832,27,2025-08-13,Industrial Resins,428,224009.75,P011
TXN002833,85,2025-07-19,Adhesives,130,15579.89,P012
TXN002834,73,2025-07-18,Industrial Resins,369,196861.63,P005
TXN002835,5,2025-11-02,Construction Chemicals,46,9025.05,P005
TXN002836,95,2025-11-26,Industrial Resins,485,222158.78,P024
TXN002837,62,2026-07-13,Sealants,148,38652.64,P024
TXN002838,5,2026-03-09,Art & Craft,269,15253.09,P005
TXN002839,56,2025-06-13,Art & Craft,165,10457.45,P024
TXN002840,30,2025-08-04,Adhesives,486,53133.68,P012
TXN002841,101,2026-02-22,Sealants,283,72280.17,P011
TXN002842,88,2026-02-18,Adhesives,292,34915.07,P012
TXN002843,99,2025-09-10,Art & Craft,366,20314.04,P005
TXN002844,55,2026-07-06,Industrial Resins,80,36924.67,P004
TXN002845,115,2026-05-28,Industrial Resins,472,229755.85,P010
TXN002846,44,2026-05-09,Art & Craft,480,26253.63,P006
TXN002847,12,2025-08-18,Industrial Resins,15,7090.69,P006
TXN002848,97,2025-07-21,Industrial Resins,300,136373.39,P017
TXN002849,2,2026-08-06,Sealants,426,97061.62,P016
TXN002850,17,2026-03-28,Art & Craft,102,5853.9,P017
TXN002851,45,2026-04-08,Industrial Resins,345,185969.65,P024
TXN002852,17,2026-07-04,Industrial Resins,213,106046.34,P017
TXN002853,85,2025-11-30,Adhesives,49,5586.23,P012
TXN002854,27,2026-03-06,Art & Craft,371,23307.19,P011
TXN002855,115,2026-03-01,Sealants,237,61775.64,P010
TXN002856,100,2026-05-02,Industrial Resins,159,85366.64,P024
TXN002857,68,2025-12-21,Construction Chemicals,173,32371.72,P024
TXN002858,14,2025-09-08,Adhesives,187,24237.11,P016
TXN002859,80,2026-06-26,Art & Craft,153,8406.03,P006
TXN002860,108,2025-11-25,Industrial Resins,128,61503.22,P018
TXN002861,27,2025-07-28,Adhesives,200,25079.57,P011
TXN002862,19,2025-10-07,Adhesives,130,16218.83,P006
TXN002863,98,2025-12-23,Art & Craft,497,27519.32,P005
TXN002864,108,2026-02-20,Adhesives,148,16971.34,P018
TXN002865,39,2025-10-27,Adhesives,40,4587.93,P023
TXN002866,50,2026-02-20,Art & Craft,19,1222.71,P011
TXN002867,57,2026-06-02,Adhesives,124,14004.25,P018
TXN002868,85,2026-04-01,Art & Craft,282,15404.85,P012
TXN002869,5,2026-08-22,Industrial Resins,400,193912.18,P005
TXN002870,117,2025-07-07,Industrial Resins,396,213569.51,P011
TXN002871,117,2026-05-17,Construction Chemicals,424,80186.65,P011
TXN002872,97,2025-10-21,Adhesives,184,23077.07,P017
TXN002873,56,2025-08-24,Art & Craft,410,25727.79,P024
TXN002874,97,2026-02-18,Adhesives,423,46792.7,P017
TXN002875,93,2025-12-05,Construction Chemicals,449,88754.76,P005
TXN002876,60,2025-08-07,Art & Craft,303,18977.08,P024
TXN002877,67,2026-01-08,Construction Chemicals,93,18281.1,P018
TXN002878,96,2026-04-14,Sealants,77,20819.69,P024
TXN002879,103,2025-08-06,Construction Chemicals,53,10491.72,P006
TXN002880,70,2026-08-16,Construction Chemicals,182,33225.73,P004
TXN002881,79,2026-04-29,Construction Chemicals,195,33476.61,P023
TXN002882,101,2025-11-17,Industrial Resins,16,7398.89,P011
TXN002883,85,2026-06-05,Construction Chemicals,438,75126.91,P012
TXN002884,57,2026-01-09,Art & Craft,18,1067.02,P018
TXN002885,5,2025-11-24,Construction Chemicals,255,47164.48,P005
TXN002886,28,2026-07-26,Art & Craft,39,2377.24,P012
TXN002887,36,2026-08-03,Industrial Resins,292,140569.57,P024
TXN002888,57,2026-04-16,Sealants,142,37388.44,P018
TXN002889,34,2026-06-07,Art & Craft,75,4254.68,P018
TXN002890,19,2026-07-08,Industrial Resins,345,156960.5,P006
TXN002891,84,2025-06-21,Adhesives,104,12940.37,P018
TXN002892,57,2025-09-02,Industrial Resins,172,78121.64,P018
TXN002893,30,2026-04-25,Adhesives,497,62199.15,P012
TXN002894,33,2025-06-27,Adhesives,357,45795.37,P006
TXN002895,46,2026-05-07,Industrial Resins,377,171336.44,P004
TXN002896,45,2026-07-09,Adhesives,49,5888.16,P024
TXN002897,66,2025-11-16,Adhesives,131,14789.51,P022
TXN002898,48,2025-06-13,Art & Craft,46,2838.32,P016
TXN002899,37,2025-07-28,Sealants,22,5309.19,P010
TXN002900,47,2026-02-25,Construction Chemicals,218,42358.73,P006
TXN002901,61,2026-02-28,Construction Chemicals,328,53503.91,P010
TXN002902,6,2025-11-06,Construction Chemicals,486,81357.51,P012
TXN002903,4,2026-03-28,Adhesives,321,36297.24,P006
TXN002904,66,2026-03-12,Industrial Resins,411,208849.1,P022
TXN002905,28,2025-10-03,Art & Craft,435,26531.62,P012
TXN002906,93,2025-10-07,Sealants,205,53941.77,P005
TXN002907,11,2026-05-13,Adhesives,500,65226.21,P010
TXN002908,73,2025-08-25,Industrial Resins,304,155961.86,P005
TXN002909,54,2025-06-12,Industrial Resins,385,177917.83,P011
TXN002910,68,2025-12-10,Adhesives,320,38187.49,P024
TXN002911,67,2025-07-03,Art & Craft,172,9843.59,P018
TXN002912,74,2026-05-03,Construction Chemicals,476,81293.68,P005
TXN002913,103,2025-08-17,Construction Chemicals,128,22836.42,P006
TXN002914,15,2025-06-11,Sealants,237,62008.66,P024
TXN002915,53,2025-12-20,Construction Chemicals,50,8733.57,P012
TXN002916,10,2026-05-10,Construction Chemicals,344,61723.77,P023
TXN002917,58,2025-07-08,Art & Craft,127,7725.68,P005
TXN002918,17,2026-02-08,Industrial Resins,135,71232.05,P017
TXN002919,87,2026-04-24,Industrial Resins,350,162334.91,P011
TXN002920,102,2026-07-25,Construction Chemicals,184,31886.9,P006
TXN002921,53,2025-11-14,Art & Craft,268,17634.12,P012
TXN002922,64,2026-01-15,Sealants,470,109978.02,P023
TXN002923,2,2025-08-09,Sealants,71,17461.12,P016
TXN002924,71,2025-06-16,Art & Craft,390,21532.66,P012
TXN002925,5,2026-07-29,Art & Craft,22,1370.17,P005
TXN002926,17,2026-02-18,Industrial Resins,453,227827.73,P017
TXN002927,116,2025-09-13,Art & Craft,191,10606.12,P012
TXN002928,72,2026-03-16,Sealants,374,89636.43,P004
TXN002929,115,2026-07-11,Construction Chemicals,312,57381.56,P010
TXN002930,93,2026-03-07,Adhesives,47,5909.31,P005
TXN002931,58,2025-07-04,Art & Craft,332,19719.82,P005
TXN002932,56,2026-06-28,Construction Chemicals,397,71132.8,P024
TXN002933,94,2025-07-12,Sealants,380,100053.16,P004
TXN002934,120,2026-09-01,Industrial Resins,52,24191.73,P017
TXN002935,76,2026-01-15,Industrial Resins,199,102960.75,P024
TXN002936,49,2025-08-31,Construction Chemicals,234,39396.71,P006
TXN002937,76,2026-05-09,Construction Chemicals,493,93585.32,P024
TXN002938,39,2025-12-13,Art & Craft,184,10042.62,P023
TXN002939,115,2026-01-29,Industrial Resins,306,153251.77,P010
TXN002940,37,2026-06-05,Construction Chemicals,206,35734.58,P010
TXN002941,19,2025-08-26,Adhesives,426,55670.22,P006
TXN002942,27,2025-06-11,Art & Craft,275,15768.25,P011
TXN002943,79,2026-06-12,Construction Chemicals,60,10470.27,P023
TXN002944,16,2026-05-13,Construction Chemicals,150,26927.83,P022
TXN002945,114,2026-04-25,Sealants,157,42697.76,P012
TXN002946,78,2026-04-15,Adhesives,483,54849.57,P024
TXN002947,19,2025-12-18,Adhesives,115,13943.97,P006
TXN002948,97,2026-08-15,Sealants,24,6118.07,P017
TXN002949,115,2026-09-01,Industrial Resins,285,151021.27,P010
TXN002950,63,2025-11-16,Adhesives,199,22462.2,P016
TXN002951,55,2026-01-15,Art & Craft,276,15321.9,P004
TXN002952,38,2025-06-29,Adhesives,376,46981.85,P016
TXN002953,16,2026-04-23,Art & Craft,465,27522.04,P022
TXN002954,12,2026-07-07,Sealants,152,39760.42,P006
TXN002955,46,2025-08-28,Adhesives,391,49672.52,P004
TXN002956,10,2026-04-16,Construction Chemicals,90,16222.87,P023
TXN002957,59,2025-09-08,Industrial Resins,354,186807.41,P006
TXN002958,89,2026-01-26,Construction Chemicals,466,91005.27,P006
TXN002959,13,2025-11-23,Industrial Resins,172,80674.86,P006
TXN002960,85,2026-08-31,Adhesives,495,60997.83,P012
TXN002961,32,2026-05-15,Sealants,310,75581.24,P018
TXN002962,87,2025-12-30,Sealants,145,36033.34,P011
TXN002963,105,2026-06-29,Sealants,385,96186.98,P012
TXN002964,26,2025-08-30,Adhesives,496,59714.11,P006
TXN002965,96,2025-12-27,Sealants,11,2713.88,P024
TXN002966,72,2026-08-16,Industrial Resins,116,60435.89,P004
TXN002967,54,2025-11-10,Construction Chemicals,324,56923.71,P011
TXN002968,31,2026-06-04,Construction Chemicals,257,46541.83,P005
TXN002969,113,2026-04-08,Construction Chemicals,440,74953.19,P006
TXN002970,86,2026-02-16,Art & Craft,260,16525.85,P024
TXN002971,77,2026-07-17,Construction Chemicals,288,51642.58,P010
TXN002972,29,2025-08-09,Adhesives,461,59710.4,P022
TXN002973,37,2025-09-30,Art & Craft,238,13781.33,P010
TXN002974,55,2026-03-25,Adhesives,100,11915.37,P004
TXN002975,85,2025-09-09,Adhesives,187,23323.99,P012
TXN002976,17,2025-12-28,Art & Craft,440,28008.93,P017
TXN002977,77,2026-04-09,Art & Craft,361,20511.41,P010
TXN002978,35,2025-07-31,Industrial Resins,120,64677.73,P024
TXN002979,53,2026-04-24,Adhesives,297,37577.38,P012
TXN002980,87,2026-01-21,Construction Chemicals,220,38739.72,P011
TXN002981,55,2026-04-20,Art & Craft,143,9287.62,P004
TXN002982,63,2026-08-12,Sealants,183,46996.84,P016
TXN002983,40,2025-06-13,Art & Craft,219,12407.6,P018
TXN002984,22,2026-07-10,Industrial Resins,115,60714.85,P016
TXN002985,79,2025-12-02,Industrial Resins,178,82400.03,P023
TXN002986,3,2025-08-01,Adhesives,420,49182.22,P010
TXN002987,91,2025-08-08,Construction Chemicals,477,83330.58,P011
TXN002988,71,2026-05-20,Adhesives,345,37667.5,P012
TXN002989,47,2025-07-02,Industrial Resins,111,60885.91,P006
TXN002990,69,2026-04-09,Art & Craft,450,28176.23,P012
TXN002991,103,2026-02-05,Sealants,476,115998.34,P006
TXN002992,28,2026-08-29,Industrial Resins,385,182825.09,P012
TXN002993,5,2026-07-14,Adhesives,396,51705.14,P005
TXN002994,65,2026-06-16,Art & Craft,415,24824.8,P012
TXN002995,37,2025-08-05,Construction Chemicals,22,3746.16,P010
TXN002996,89,2026-07-03,Sealants,27,6442.82,P006
TXN002997,105,2025-07-13,Art & Craft,345,20289.11,P012
TXN002998,95,2026-07-29,Construction Chemicals,451,74440.71,P024
TXN002999,65,2025-07-06,Art & Craft,20,1083.54,P012
TXN003000,70,2025-08-24,Industrial Resins,480,223288.68,P004
TXN003001,76,2025-06-22,Art & Craft,109,6973.57,P024
TXN003002,40,2026-08-24,Construction Chemicals,227,40960.97,P018
TXN003003,39,2026-04-22,Construction Chemicals,244,41308.22,P023
TXN003004,84,2026-01-28,Industrial Resins,251,122402.18,P018
TXN003005,12,2025-12-31,Sealants,218,55164.86,P006
TXN003006,37,2026-08-27,Industrial Resins,269,127630.12,P010
TXN003007,64,2025-11-29,Art & Craft,497,29061.01,P023
TXN003008,92,2026-08-23,Adhesives,241,27323.97,P024
TXN003009,51,2025-11-20,Sealants,238,57950.88,P016
TXN003010,14,2025-10-17,Construction Chemicals,180,30091.64,P016
TXN003011,11,2025-06-19,Adhesives,297,33282.45,P010
TXN003012,63,2026-02-10,Industrial Resins,137,62799.28,P016
TXN003013,79,2025-11-18,Art & Craft,277,17361.36,P023
TXN003014,98,2026-04-28,Sealants,40,10534.82,P005
TXN003015,53,2026-06-19,Construction Chemicals,389,67749.51,P012
TXN003016,5,2026-02-08,Construction Chemicals,362,66011.15,P005
TXN003017,112,2025-08-14,Adhesives,147,18311.72,P006
TXN003018,72,2025-10-06,Art & Craft,289,17339.36,P004
TXN003019,31,2025-12-15,Construction Chemicals,246,46129.74,P005
TXN003020,72,2025-09-11,Adhesives,481,53160.63,P004
TXN003021,10,2026-06-14,Art & Craft,75,4731.2,P023
TXN003022,67,2025-06-16,Adhesives,95,10710.0,P018
TXN003023,15,2026-06-09,Adhesives,463,54717.51,P024
TXN003024,81,2025-06-14,Industrial Resins,259,120172.51,P018
TXN003025,71,2026-07-06,Art & Craft,214,11579.78,P012
TXN003026,56,2025-09-23,Construction Chemicals,378,73782.17,P024
TXN003027,35,2026-02-26,Industrial Resins,175,89514.26,P024
TXN003028,73,2025-09-19,Sealants,82,19639.81,P005
TXN003029,27,2025-12-13,Industrial Resins,497,259159.4,P011
TXN003030,78,2026-03-19,Construction Chemicals,251,44844.59,P024
TXN003031,119,2025-07-07,Sealants,94,23614.58,P004
TXN003032,61,2026-06-20,Adhesives,172,20294.5,P010
TXN003033,61,2026-05-31,Adhesives,12,1385.81,P010
TXN003034,26,2026-07-18,Adhesives,285,33916.78,P006
TXN003035,8,2026-08-01,Industrial Resins,249,126851.92,P023
TXN003036,45,2025-10-18,Industrial Resins,462,218342.56,P024
TXN003037,2,2025-06-17,Sealants,150,35881.41,P016
TXN003038,55,2025-10-20,Industrial Resins,383,184060.24,P004
TXN003039,99,2025-12-01,Art & Craft,488,27843.81,P005
TXN003040,83,2026-07-14,Sealants,49,12476.97,P006
TXN003041,94,2025-11-20,Sealants,153,35789.19,P004
TXN003042,14,2025-10-09,Sealants,418,104966.44,P016
TXN003043,99,2025-06-25,Art & Craft,179,10902.51,P005
TXN003044,76,2025-08-23,Industrial Resins,151,82546.55,P024
TXN003045,112,2026-05-20,Industrial Resins,352,190404.89,P006
TXN003046,22,2026-05-17,Adhesives,411,46674.78,P016
TXN003047,12,2026-01-04,Industrial Resins,85,39468.33,P006
TXN003048,112,2026-08-09,Adhesives,175,19226.71,P006
TXN003049,18,2025-09-29,Industrial Resins,423,208948.85,P018
TXN003050,61,2026-07-06,Construction Chemicals,164,29522.21,P010
TXN003051,31,2026-02-19,Industrial Resins,211,102911.23,P005
TXN003052,91,2025-12-11,Art & Craft,191,11028.56,P011
TXN003053,41,2025-06-30,Industrial Resins,50,26916.43,P024
TXN003054,28,2026-04-15,Sealants,494,126804.12,P012
TXN003055,92,2026-01-21,Sealants,440,108619.35,P024
TXN003056,63,2026-01-25,Construction Chemicals,360,59878.31,P016
TXN003057,84,2026-03-01,Construction Chemicals,101,16453.97,P018
TXN003058,110,2025-08-28,Art & Craft,404,25064.35,P022
TXN003059,55,2026-05-30,Sealants,325,82221.65,P004
TXN003060,49,2026-08-30,Construction Chemicals,101,19755.09,P006
TXN003061,26,2026-09-02,Art & Craft,194,11700.53,P006
TXN003062,76,2026-02-28,Construction Chemicals,178,29439.05,P024
TXN003063,118,2025-10-29,Construction Chemicals,267,52112.07,P017
TXN003064,35,2026-01-02,Adhesives,341,39078.2,P024
TXN003065,51,2026-04-17,Adhesives,366,45714.26,P016
TXN003066,81,2025-06-20,Adhesives,302,38583.46,P018
TXN003067,92,2025-12-27,Art & Craft,321,19769.39,P024
TXN003068,23,2025-08-16,Art & Craft,393,25348.2,P018
TXN003069,70,2025-10-26,Adhesives,29,3389.2,P004
TXN003070,115,2025-06-16,Sealants,371,97131.44,P010
TXN003071,109,2025-06-28,Sealants,52,12790.89,P018
TXN003072,16,2026-08-04,Adhesives,237,29221.98,P022
TXN003073,41,2025-06-25,Adhesives,449,54355.04,P024
TXN003074,25,2025-07-03,Industrial Resins,387,174795.3,P016
TXN003075,87,2025-11-08,Construction Chemicals,469,87953.97,P011
TXN003076,93,2025-09-29,Construction Chemicals,274,44527.78,P005
TXN003077,52,2026-08-04,Art & Craft,438,27161.55,P006
TXN003078,9,2026-06-21,Sealants,432,113643.93,P016
TXN003079,94,2026-08-13,Construction Chemicals,52,8747.08,P004
TXN003080,36,2026-02-07,Industrial Resins,111,57594.76,P024
TXN003081,23,2026-03-09,Adhesives,169,19362.38,P018
TXN003082,16,2025-09-13,Construction Chemicals,248,45248.65,P022
TXN003083,12,2026-07-07,Industrial Resins,486,241202.06,P006
TXN003084,118,2026-06-01,Adhesives,103,12927.45,P017
TXN003085,41,2025-08-08,Industrial Resins,330,180370.26,P024
TXN003086,22,2026-01-12,Adhesives,121,14920.59,P016
TXN003087,11,2025-10-11,Sealants,167,44566.52,P010
TXN003088,116,2026-06-29,Sealants,392,103014.32,P012
TXN003089,40,2026-06-05,Adhesives,204,25488.15,P018
TXN003090,36,2026-05-12,Sealants,299,71992.34,P024
TXN003091,107,2026-06-06,Sealants,149,40107.59,P023
TXN003092,38,2026-07-19,Construction Chemicals,367,65261.97,P016
TXN003093,63,2025-08-05,Construction Chemicals,306,53577.56,P016
TXN003094,83,2025-09-18,Industrial Resins,240,127908.0,P006
TXN003095,107,2025-11-09,Sealants,28,7629.53,P023
TXN003096,50,2025-09-10,Sealants,285,72229.14,P011
TXN003097,56,2025-07-24,Construction Chemicals,340,65005.52,P024
TXN003098,37,2025-12-21,Sealants,185,48096.8,P010
TXN003099,71,2026-05-20,Construction Chemicals,56,10106.76,P012
TXN003100,34,2026-07-07,Sealants,249,59272.53,P018
TXN003101,67,2025-11-08,Sealants,253,58693.66,P018
TXN003102,42,2025-11-07,Construction Chemicals,298,52330.22,P006
TXN003103,116,2025-10-17,Adhesives,175,21845.41,P012
TXN003104,46,2026-03-17,Adhesives,91,10748.35,P004
TXN003105,44,2026-04-01,Adhesives,105,13641.14,P006
TXN003106,21,2026-08-24,Art & Craft,289,16251.61,P012
TXN003107,57,2025-09-14,Industrial Resins,243,123773.87,P018
TXN003108,56,2026-04-28,Art & Craft,252,16130.31,P024
TXN003109,93,2025-09-22,Construction Chemicals,317,55209.87,P005
TXN003110,52,2025-06-12,Construction Chemicals,30,5908.43,P006
TXN003111,30,2025-08-04,Industrial Resins,65,31986.41,P012
TXN003112,35,2026-06-13,Industrial Resins,215,109501.14,P024
TXN003113,66,2025-11-03,Sealants,482,115694.04,P022
TXN003114,90,2025-11-18,Industrial Resins,111,60511.58,P004
TXN003115,97,2025-07-28,Sealants,76,19620.94,P017
TXN003116,7,2026-06-24,Adhesives,168,21340.83,P004
TXN003117,103,2026-01-12,Construction Chemicals,244,43006.41,P006
TXN003118,1,2026-04-03,Sealants,112,30144.55,P006
TXN003119,40,2026-05-23,Adhesives,104,11821.51,P018
TXN003120,56,2025-09-19,Adhesives,380,43271.96,P024
TXN003121,72,2026-03-12,Construction Chemicals,12,2150.21,P004
TXN003122,13,2025-09-12,Art & Craft,291,18112.26,P006
TXN003123,28,2026-01-10,Art & Craft,352,20597.46,P012
TXN003124,91,2026-02-18,Sealants,400,108338.99,P011
TXN003125,17,2026-02-12,Construction Chemicals,400,78267.78,P017
TXN003126,99,2025-09-24,Construction Chemicals,469,80759.46,P005
TXN003127,94,2026-07-30,Art & Craft,315,18498.75,P004
TXN003128,45,2025-11-08,Art & Craft,352,22135.57,P024
TXN003129,4,2025-08-07,Sealants,463,118262.29,P006
TXN003130,31,2025-07-10,Construction Chemicals,195,33975.75,P005
TXN003131,1,2026-07-27,Industrial Resins,316,165953.23,P006
TXN003132,83,2026-08-13,Sealants,80,19999.8,P006
TXN003133,28,2026-02-20,Construction Chemicals,232,38359.49,P012
TXN003134,84,2026-03-29,Sealants,227,52785.98,P018
TXN003135,50,2026-02-01,Art & Craft,27,1542.57,P011
TXN003136,23,2025-07-04,Sealants,213,55191.92,P018
TXN003137,14,2025-09-18,Art & Craft,422,23206.49,P016
TXN003138,94,2025-07-20,Adhesives,345,44401.22,P004
TXN003139,104,2025-11-14,Adhesives,92,10640.41,P022
TXN003140,65,2025-12-30,Art & Craft,361,21463.73,P012
TXN003141,84,2026-04-02,Art & Craft,226,14295.93,P018
TXN003142,55,2025-10-30,Construction Chemicals,389,71898.18,P004
TXN003143,104,2026-01-05,Art & Craft,267,15612.53,P022
TXN003144,92,2026-03-02,Construction Chemicals,442,80117.3,P024
TXN003145,15,2026-02-20,Sealants,227,57109.93,P024
TXN003146,112,2025-09-07,Adhesives,86,9302.36,P006
TXN003147,76,2025-10-25,Construction Chemicals,111,20039.53,P024
TXN003148,94,2026-04-13,Art & Craft,232,12663.15,P004
TXN003149,6,2026-03-01,Adhesives,454,54366.91,P012
TXN003150,7,2026-01-30,Industrial Resins,361,175781.6,P004
TXN003151,44,2025-12-01,Construction Chemicals,402,76979.02,P006
TXN003152,35,2026-08-27,Sealants,160,38855.08,P024
TXN003153,58,2025-11-03,Construction Chemicals,162,29953.05,P005
TXN003154,15,2025-08-22,Construction Chemicals,384,62714.13,P024
TXN003155,51,2026-07-18,Sealants,99,22691.03,P016
TXN003156,17,2026-04-17,Sealants,334,83390.62,P017
TXN003157,45,2025-07-09,Art & Craft,362,22229.3,P024
TXN003158,116,2026-07-27,Industrial Resins,301,149248.43,P012
TXN003159,42,2025-08-30,Construction Chemicals,29,4851.21,P006
TXN003160,82,2025-08-29,Adhesives,205,24662.15,P024
TXN003161,11,2026-04-03,Construction Chemicals,484,89502.58,P010
TXN003162,55,2025-08-18,Art & Craft,21,1180.35,P004
TXN003163,33,2026-07-07,Adhesives,438,56894.59,P006
TXN003164,102,2026-04-02,Sealants,302,71890.73,P006
TXN003165,79,2026-05-03,Industrial Resins,286,153131.37,P023
TXN003166,89,2026-05-17,Adhesives,201,24473.77,P006
TXN003167,98,2025-08-02,Art & Craft,150,9444.37,P005
TXN003168,24,2025-10-30,Construction Chemicals,266,49521.71,P018
TXN003169,52,2026-09-02,Sealants,357,85410.69,P006
TXN003170,53,2025-10-03,Sealants,19,5017.95,P012
TXN003171,17,2025-07-27,Construction Chemicals,146,26082.59,P017
TXN003172,82,2026-08-26,Construction Chemicals,59,10028.09,P024
TXN003173,91,2026-04-10,Construction Chemicals,123,20208.16,P011
TXN003174,94,2026-02-01,Industrial Resins,433,214795.89,P004
TXN003175,82,2026-01-04,Industrial Resins,178,89737.95,P024
TXN003176,120,2026-03-25,Industrial Resins,16,7748.72,P017
TXN003177,45,2025-08-20,Art & Craft,87,5180.27,P024
TXN003178,64,2025-09-25,Sealants,282,73287.93,P023
TXN003179,50,2025-06-25,Construction Chemicals,216,35242.9,P011
TXN003180,74,2026-03-12,Adhesives,333,39852.42,P005
TXN003181,11,2026-02-27,Sealants,392,107503.42,P010
TXN003182,39,2025-09-24,Construction Chemicals,394,68300.76,P023
TXN003183,60,2026-06-11,Adhesives,89,10946.71,P024
TXN003184,80,2025-08-09,Construction Chemicals,299,53083.0,P006
TXN003185,3,2026-05-07,Construction Chemicals,294,55503.05,P010
TXN003186,49,2025-06-26,Industrial Resins,77,37563.9,P006
TXN003187,16,2026-07-10,Adhesives,212,24006.74,P022
TXN003188,74,2025-08-08,Construction Chemicals,101,19506.75,P005
TXN003189,100,2025-08-16,Art & Craft,291,17140.54,P024
TXN003190,28,2026-03-25,Art & Craft,471,28820.95,P012
TXN003191,99,2025-09-18,Construction Chemicals,332,55046.59,P005
TXN003192,82,2026-02-16,Construction Chemicals,267,48402.45,P024
TXN003193,29,2026-04-11,Art & Craft,263,16590.55,P022
TXN003194,106,2026-06-06,Art & Craft,90,5857.82,P005
TXN003195,52,2026-03-17,Construction Chemicals,11,1992.94,P006
TXN003196,98,2026-07-16,Art & Craft,345,19343.2,P005
TXN003197,50,2026-02-02,Industrial Resins,344,169182.64,P011
TXN003198,53,2026-05-13,Sealants,335,75861.44,P012
TXN003199,18,2026-07-25,Industrial Resins,327,163609.91,P018
TXN003200,77,2026-08-24,Industrial Resins,384,188496.97,P010
TXN003201,42,2025-10-19,Industrial Resins,137,63930.49,P006
TXN003202,61,2025-08-20,Adhesives,497,58092.89,P010
TXN003203,77,2026-05-29,Art & Craft,292,17559.72,P010
TXN003204,109,2025-06-14,Sealants,244,59402.58,P018
TXN003205,31,2026-05-25,Sealants,251,68236.12,P005
TXN003206,42,2026-08-20,Sealants,160,36518.5,P006
TXN003207,27,2025-09-19,Industrial Resins,246,121996.15,P011
TXN003208,78,2026-01-11,Art & Craft,133,8453.62,P024
TXN003209,65,2026-03-19,Adhesives,421,51570.88,P012
TXN003210,112,2026-07-31,Sealants,135,33494.93,P006
TXN003211,1,2025-06-18,Adhesives,359,44603.93,P006
TXN003212,67,2025-07-31,Art & Craft,451,26439.33,P018
TXN003213,54,2026-07-05,Construction Chemicals,462,86752.12,P011
TXN003214,92,2025-09-04,Industrial Resins,341,187182.02,P024
TXN003215,4,2026-08-05,Art & Craft,256,16366.86,P006
TXN003216,38,2025-08-07,Art & Craft,434,27718.62,P016
TXN003217,6,2025-12-17,Construction Chemicals,214,40188.88,P012
TXN003218,81,2026-07-13,Art & Craft,229,14529.84,P018
TXN003219,19,2025-08-15,Construction Chemicals,398,76299.88,P006
TXN003220,102,2026-02-05,Adhesives,379,42468.8,P006
TXN003221,85,2025-07-24,Construction Chemicals,82,15979.1,P012
TXN003222,62,2025-10-11,Sealants,145,33329.16,P024
TXN003223,89,2025-12-27,Adhesives,244,31617.69,P006
TXN003224,97,2026-04-06,Sealants,397,94485.99,P017
TXN003225,89,2025-09-11,Art & Craft,179,11357.28,P006
TXN003226,34,2025-08-11,Industrial Resins,150,76416.42,P018
TXN003227,18,2026-05-14,Sealants,277,66319.76,P018
TXN003228,113,2026-04-08,Construction Chemicals,298,52167.31,P006
TXN003229,40,2026-01-04,Sealants,300,77008.42,P018
TXN003230,92,2025-08-20,Art & Craft,354,20368.65,P024
TXN003231,104,2025-06-22,Sealants,85,21706.66,P022
TXN003232,50,2025-06-26,Construction Chemicals,336,57188.9,P011
TXN003233,28,2026-08-29,Industrial Resins,165,76698.0,P012
TXN003234,34,2025-06-16,Construction Chemicals,379,68337.22,P018
TXN003235,67,2026-06-09,Art & Craft,254,15601.07,P018
TXN003236,45,2026-03-28,Sealants,310,82965.46,P024
TXN003237,67,2025-12-30,Construction Chemicals,203,39210.41,P018
TXN003238,83,2026-06-07,Sealants,455,114324.14,P006
TXN003239,62,2026-08-02,Art & Craft,17,1054.42,P024
TXN003240,44,2026-06-20,Sealants,168,39534.01,P006
TXN003241,36,2026-07-05,Industrial Resins,408,213333.48,P024
TXN003242,84,2025-11-17,Sealants,192,47988.39,P018
TXN003243,117,2025-07-12,Adhesives,440,55400.47,P011
TXN003244,101,2026-05-24,Industrial Resins,469,221760.61,P011
TXN003245,47,2026-03-20,Adhesives,214,26329.2,P006
TXN003246,65,2025-12-05,Adhesives,148,17949.27,P012
TXN003247,109,2025-07-23,Industrial Resins,456,208822.8,P018
TXN003248,8,2026-05-02,Art & Craft,300,18082.62,P023
TXN003249,33,2025-06-22,Sealants,363,98669.45,P006
TXN003250,32,2026-06-06,Sealants,363,94695.45,P018
TXN003251,6,2026-07-20,Industrial Resins,146,73758.84,P012
TXN003252,96,2026-08-03,Sealants,385,102615.83,P024
TXN003253,116,2026-05-21,Sealants,277,66518.24,P012
TXN003254,30,2026-01-03,Sealants,309,81292.96,P012
TXN003255,60,2026-08-09,Adhesives,284,36681.26,P024
TXN003256,41,2026-01-21,Adhesives,110,13142.71,P024
TXN003257,11,2025-11-07,Art & Craft,111,6127.03,P010
TXN003258,28,2026-08-31,Industrial Resins,259,124318.99,P012
TXN003259,75,2025-09-01,Art & Craft,450,29186.94,P012
TXN003260,114,2025-11-07,Art & Craft,408,25178.3,P012
TXN003261,104,2026-09-04,Industrial Resins,396,196267.68,P022
TXN003262,33,2025-10-16,Art & Craft,317,18147.91,P006
TXN003263,23,2026-04-12,Construction Chemicals,269,48258.08,P018
TXN003264,83,2026-04-30,Construction Chemicals,145,28017.1,P006
TXN003265,44,2026-03-30,Construction Chemicals,357,65047.37,P006
TXN003266,81,2026-06-03,Art & Craft,67,4403.69,P018
TXN003267,63,2025-12-18,Adhesives,173,22393.26,P016
TXN003268,61,2025-08-11,Art & Craft,93,5221.54,P010
TXN003269,56,2026-01-21,Construction Chemicals,58,11328.02,P024
TXN003270,44,2025-08-02,Industrial Resins,431,201822.46,P006
TXN003271,14,2026-04-01,Sealants,119,28602.84,P016
TXN003272,41,2026-04-04,Industrial Resins,251,115533.22,P024
TXN003273,119,2026-06-17,Industrial Resins,117,59330.8,P004
TXN003274,42,2025-07-29,Sealants,108,28438.55,P006
TXN003275,22,2026-03-22,Sealants,322,83117.71,P016
TXN003276,67,2026-02-03,Art & Craft,344,21033.11,P018
TXN003277,100,2026-01-06,Construction Chemicals,127,24838.96,P024
TXN003278,120,2026-03-18,Construction Chemicals,199,33276.68,P017
TXN003279,94,2026-01-17,Construction Chemicals,434,81951.22,P004
TXN003280,40,2026-02-03,Art & Craft,298,17499.31,P018
TXN003281,1,2026-03-07,Art & Craft,38,2493.72,P006
TXN003282,83,2026-08-26,Sealants,243,63994.64,P006
TXN003283,105,2026-04-26,Sealants,116,29939.92,P012
TXN003284,38,2025-07-27,Construction Chemicals,22,3818.9,P016
TXN003285,49,2026-05-25,Construction Chemicals,295,53736.91,P006
TXN003286,103,2025-06-23,Sealants,326,81547.98,P006
TXN003287,36,2026-03-22,Adhesives,48,5464.09,P024
TXN003288,93,2026-01-07,Art & Craft,492,30826.34,P005
TXN003289,6,2025-09-08,Art & Craft,362,23717.07,P012
TXN003290,63,2025-11-08,Sealants,153,41975.01,P016
TXN003291,49,2026-03-13,Adhesives,61,6670.15,P006
TXN003292,36,2026-04-12,Industrial Resins,199,98268.68,P024
TXN003293,15,2026-07-29,Art & Craft,78,5036.48,P024
TXN003294,42,2026-06-19,Art & Craft,432,24114.79,P006
TXN003295,76,2026-07-21,Construction Chemicals,303,51267.54,P024
TXN003296,57,2025-08-10,Sealants,177,44893.69,P018
TXN003297,85,2026-04-08,Construction Chemicals,295,53429.51,P012
TXN003298,89,2026-08-01,Adhesives,81,10248.96,P006
TXN003299,112,2025-08-05,Construction Chemicals,500,96361.8,P006
TXN003300,58,2026-05-11,Sealants,104,25070.59,P005
TXN003301,59,2025-09-09,Construction Chemicals,180,30449.42,P006
TXN003302,34,2026-08-24,Construction Chemicals,319,60264.02,P018
TXN003303,18,2026-02-14,Adhesives,338,39836.24,P018
TXN003304,104,2025-12-08,Art & Craft,418,22812.92,P022
TXN003305,8,2026-01-24,Industrial Resins,201,90775.65,P023
TXN003306,5,2025-07-27,Industrial Resins,457,242131.32,P005
TXN003307,69,2025-10-15,Art & Craft,154,9378.26,P012
TXN003308,9,2025-11-23,Adhesives,299,32953.22,P016
TXN003309,100,2025-12-16,Adhesives,282,31526.86,P024
TXN003310,109,2025-10-27,Adhesives,303,39432.4,P018
TXN003311,84,2025-09-19,Sealants,394,90089.75,P018
TXN003312,56,2025-06-11,Construction Chemicals,248,44205.1,P024
TXN003313,95,2026-06-03,Sealants,343,82841.86,P024
TXN003314,83,2025-08-01,Industrial Resins,183,90659.06,P006
TXN003315,89,2025-11-14,Art & Craft,465,25229.88,P006
TXN003316,38,2026-08-26,Adhesives,329,42071.65,P016
TXN003317,2,2026-04-25,Sealants,175,43112.56,P016
TXN003318,110,2026-03-21,Sealants,309,79946.62,P022
TXN003319,69,2025-08-06,Art & Craft,344,21322.78,P012
TXN003320,106,2025-06-11,Industrial Resins,483,234479.37,P005
TXN003321,92,2026-06-21,Industrial Resins,88,41261.86,P024
TXN003322,27,2025-12-05,Construction Chemicals,102,16894.49,P011
TXN003323,78,2026-03-10,Adhesives,409,45421.81,P024
TXN003324,9,2026-05-10,Construction Chemicals,455,78875.21,P016
TXN003325,85,2026-01-30,Sealants,113,27136.55,P012
TXN003326,35,2025-08-05,Sealants,489,132516.02,P024
TXN003327,46,2026-01-22,Adhesives,80,10325.06,P004
TXN003328,16,2025-08-20,Art & Craft,23,1364.53,P022
TXN003329,110,2026-01-23,Sealants,204,46401.99,P022
TXN003330,52,2025-11-06,Sealants,115,30308.16,P006
TXN003331,105,2025-12-19,Adhesives,57,7481.93,P012
TXN003332,117,2026-06-13,Industrial Resins,380,190626.85,P011
TXN003333,97,2025-08-21,Sealants,71,19314.47,P017
TXN003334,78,2026-02-04,Construction Chemicals,393,77748.32,P024
TXN003335,25,2026-03-04,Sealants,56,14839.42,P016
TXN003336,62,2026-01-14,Construction Chemicals,270,44828.57,P024
TXN003337,3,2026-02-12,Adhesives,204,25965.5,P010
TXN003338,110,2026-03-30,Adhesives,191,22280.04,P022
TXN003339,108,2025-10-06,Adhesives,232,30323.0,P018
TXN003340,39,2025-10-10,Sealants,369,84583.13,P023
TXN003341,104,2026-04-17,Art & Craft,458,27322.6,P022
TXN003342,94,2026-04-30,Construction Chemicals,33,5513.19,P004
TXN003343,23,2026-06-17,Industrial Resins,14,6479.13,P018
TXN003344,18,2025-11-03,Art & Craft,400,21787.16,P018
TXN003345,103,2026-04-07,Sealants,453,118682.58,P006
TXN003346,48,2026-02-02,Industrial Resins,222,118176.17,P016
TXN003347,23,2026-06-19,Sealants,489,122704.76,P018
TXN003348,95,2026-07-10,Sealants,196,52714.96,P024
TXN003349,101,2026-04-01,Sealants,25,6246.94,P011
TXN003350,52,2025-10-21,Construction Chemicals,475,91338.37,P006
TXN003351,42,2026-08-21,Adhesives,411,44642.79,P006
TXN003352,114,2026-06-23,Art & Craft,27,1696.12,P012
TXN003353,117,2025-08-10,Art & Craft,33,1995.63,P011
TXN003354,77,2026-08-28,Industrial Resins,96,44718.46,P010
TXN003355,45,2026-08-02,Sealants,57,14021.67,P024
TXN003356,15,2025-06-23,Art & Craft,247,16252.71,P024
TXN003357,115,2025-10-31,Industrial Resins,235,108908.53,P010
TXN003358,104,2026-04-26,Adhesives,169,20183.64,P022
TXN003359,17,2025-10-25,Construction Chemicals,346,62778.07,P017
TXN003360,86,2025-07-06,Adhesives,254,30436.12,P024
TXN003361,110,2025-12-15,Industrial Resins,110,50884.16,P022
TXN003362,17,2025-08-20,Sealants,125,32245.06,P017
TXN003363,13,2026-07-13,Art & Craft,154,9955.02,P006
TXN003364,32,2025-10-02,Sealants,138,32323.92,P018
TXN003365,39,2025-09-27,Construction Chemicals,373,73504.29,P023
TXN003366,76,2026-04-21,Industrial Resins,274,139114.38,P024
TXN003367,98,2025-10-01,Sealants,177,43559.89,P005
TXN003368,19,2026-08-18,Industrial Resins,387,210319.96,P006
TXN003369,96,2026-05-26,Art & Craft,333,18173.88,P024
TXN003370,24,2025-07-04,Adhesives,83,10228.18,P018
TXN003371,102,2026-08-30,Sealants,92,22525.11,P006
TXN003372,74,2026-05-31,Art & Craft,257,16523.09,P005
TXN003373,81,2026-05-18,Industrial Resins,217,107460.66,P018
TXN003374,59,2026-07-06,Industrial Resins,144,72660.66,P006
TXN003375,96,2026-03-16,Construction Chemicals,345,65434.91,P024
TXN003376,44,2025-06-15,Sealants,140,33886.88,P006
TXN003377,63,2025-09-27,Industrial Resins,243,125466.93,P016
TXN003378,110,2026-08-03,Construction Chemicals,400,72274.65,P022
TXN003379,101,2025-11-30,Construction Chemicals,228,42207.94,P011
TXN003380,17,2025-07-07,Adhesives,126,16556.67,P017
TXN003381,15,2026-07-02,Adhesives,291,36405.46,P024
TXN003382,112,2025-11-25,Construction Chemicals,167,29774.82,P006
TXN003383,11,2025-12-17,Industrial Resins,103,50444.85,P010
TXN003384,25,2025-08-03,Sealants,440,113972.64,P016
TXN003385,3,2025-12-09,Sealants,385,100958.47,P010
TXN003386,77,2025-12-10,Sealants,298,79862.9,P010
TXN003387,7,2025-09-14,Industrial Resins,195,98269.42,P004
TXN003388,68,2025-09-21,Sealants,201,46820.44,P024
TXN003389,22,2025-08-16,Industrial Resins,125,66790.48,P016
TXN003390,92,2025-10-27,Sealants,286,77823.35,P024
TXN003391,55,2026-02-11,Sealants,152,34571.73,P004
TXN003392,38,2026-02-01,Art & Craft,471,28382.92,P016
TXN003393,115,2025-08-31,Art & Craft,249,14407.9,P010
TXN003394,39,2025-11-24,Adhesives,48,5473.53,P023
TXN003395,86,2025-10-26,Construction Chemicals,116,22646.67,P024
TXN003396,77,2026-06-25,Adhesives,40,5044.96,P010
TXN003397,19,2025-07-18,Art & Craft,431,24102.83,P006
TXN003398,32,2026-02-02,Art & Craft,412,23036.29,P018
TXN003399,51,2026-03-09,Industrial Resins,109,51759.45,P016
TXN003400,10,2026-02-11,Sealants,495,118211.39,P023
TXN003401,16,2026-05-22,Industrial Resins,493,254995.24,P022
TXN003402,57,2026-03-21,Sealants,354,84525.82,P018
TXN003403,2,2026-07-14,Adhesives,276,31869.13,P016
TXN003404,99,2026-01-23,Industrial Resins,251,118777.75,P005
TXN003405,39,2026-01-15,Adhesives,287,36113.18,P023
TXN003406,20,2025-09-01,Adhesives,460,60488.08,P012
TXN003407,44,2026-02-21,Construction Chemicals,496,97993.0,P006
TXN003408,108,2026-01-29,Construction Chemicals,67,12366.08,P018
TXN003409,75,2025-06-18,Sealants,458,119303.52,P012
TXN003410,102,2025-12-11,Art & Craft,398,22882.33,P006
TXN003411,14,2025-11-02,Adhesives,384,47032.16,P016
TXN003412,111,2025-09-29,Construction Chemicals,133,25708.5,P017
TXN003413,64,2026-07-13,Art & Craft,225,12302.96,P023
TXN003414,111,2026-04-16,Construction Chemicals,441,82937.06,P017
TXN003415,116,2026-02-02,Construction Chemicals,337,60754.92,P012
TXN003416,86,2026-07-15,Construction Chemicals,192,31678.34,P024
TXN003417,92,2026-05-14,Art & Craft,134,8177.94,P024
TXN003418,76,2025-08-01,Art & Craft,350,20016.17,P024
TXN003419,106,2025-11-19,Art & Craft,297,18200.07,P005
TXN003420,49,2025-09-28,Industrial Resins,275,147685.82,P006
TXN003421,49,2025-07-02,Adhesives,318,35166.71,P006
TXN003422,102,2025-08-09,Adhesives,304,33524.49,P006
TXN003423,31,2025-10-30,Construction Chemicals,307,57167.68,P005
TXN003424,54,2026-03-11,Art & Craft,377,23725.26,P011
TXN003425,83,2025-06-19,Art & Craft,446,26549.9,P006
TXN003426,67,2025-07-19,Adhesives,491,57726.2,P018
TXN003427,81,2026-05-17,Art & Craft,352,22843.74,P018
TXN003428,73,2026-03-20,Sealants,22,5643.57,P005
TXN003429,13,2026-08-21,Construction Chemicals,481,85058.68,P006
TXN003430,94,2026-03-05,Art & Craft,444,28722.95,P004
TXN003431,105,2026-04-30,Construction Chemicals,190,37439.28,P012
TXN003432,36,2026-01-13,Art & Craft,411,22429.75,P024
TXN003433,90,2026-05-20,Construction Chemicals,403,76800.14,P004
TXN003434,72,2026-02-11,Industrial Resins,341,164426.15,P004
TXN003435,97,2025-06-29,Construction Chemicals,409,78264.97,P017
TXN003436,64,2025-12-03,Adhesives,180,20959.8,P023
TXN003437,95,2026-07-15,Sealants,172,45826.67,P024
TXN003438,118,2025-10-21,Adhesives,337,39680.26,P017
TXN003439,64,2026-04-22,Sealants,397,96921.52,P023
TXN003440,110,2026-01-23,Art & Craft,189,10970.32,P022
TXN003441,115,2026-06-10,Construction Chemicals,396,66421.8,P010
TXN003442,42,2026-03-30,Adhesives,67,7541.18,P006
TXN003443,117,2026-04-06,Industrial Resins,368,189236.92,P011
TXN003444,97,2025-10-23,Industrial Resins,285,133320.38,P017
TXN003445,90,2025-09-05,Adhesives,111,12236.72,P004
TXN003446,77,2025-09-03,Art & Craft,446,25493.56,P010
TXN003447,44,2026-02-19,Industrial Resins,191,93528.05,P006
TXN003448,14,2026-07-24,Construction Chemicals,324,59137.73,P016
TXN003449,42,2026-05-02,Sealants,236,62848.38,P006
TXN003450,71,2026-08-22,Sealants,351,96396.49,P012
TXN003451,64,2026-05-15,Sealants,436,113252.72,P023
TXN003452,32,2026-05-17,Sealants,235,60487.77,P018
TXN003453,19,2026-08-25,Adhesives,161,18329.58,P006
TXN003454,110,2026-02-04,Industrial Resins,257,137184.82,P022
TXN003455,72,2026-06-01,Industrial Resins,300,140767.17,P004
TXN003456,109,2025-11-14,Industrial Resins,307,150418.24,P018
TXN003457,114,2025-07-24,Art & Craft,392,22398.06,P012
TXN003458,47,2026-05-07,Construction Chemicals,230,40325.49,P006
TXN003459,41,2025-09-15,Industrial Resins,192,87879.18,P024
TXN003460,18,2025-09-10,Construction Chemicals,450,86304.66,P018
TXN003461,32,2025-07-30,Industrial Resins,306,141640.2,P018
TXN003462,65,2025-07-18,Art & Craft,284,16404.36,P012
TXN003463,106,2025-09-02,Industrial Resins,126,65773.34,P005
TXN003464,90,2026-01-09,Industrial Resins,430,235858.31,P004
TXN003465,35,2025-10-23,Industrial Resins,438,199430.22,P024
TXN003466,57,2026-06-09,Art & Craft,312,18481.07,P018
TXN003467,3,2026-08-06,Industrial Resins,239,120910.01,P010
TXN003468,115,2026-06-21,Construction Chemicals,254,49081.13,P010
TXN003469,9,2026-04-16,Construction Chemicals,43,8443.93,P016
TXN003470,73,2026-08-21,Construction Chemicals,495,96166.15,P005
TXN003471,92,2025-08-09,Industrial Resins,261,128694.66,P024
TXN003472,18,2026-03-30,Art & Craft,120,7432.99,P018
TXN003473,69,2025-07-23,Construction Chemicals,179,30496.64,P012
TXN003474,113,2025-08-08,Industrial Resins,494,242412.81,P006
TXN003475,70,2025-10-27,Industrial Resins,171,91702.75,P004
TXN003476,7,2026-07-30,Construction Chemicals,310,51555.67,P004
TXN003477,79,2026-06-14,Adhesives,281,33138.07,P023
TXN003478,94,2025-08-04,Sealants,137,37536.51,P004
TXN003479,98,2025-10-07,Sealants,437,102285.05,P005
TXN003480,119,2026-07-21,Art & Craft,383,21231.22,P004
TXN003481,13,2025-09-19,Art & Craft,303,18910.58,P006
TXN003482,50,2026-06-26,Art & Craft,205,12783.18,P011
TXN003483,109,2026-03-07,Construction Chemicals,103,17041.46,P018
TXN003484,23,2026-07-20,Art & Craft,460,26231.12,P018
TXN003485,24,2026-03-09,Construction Chemicals,215,36382.7,P018
TXN003486,83,2026-07-18,Adhesives,183,21747.99,P006
TXN003487,68,2026-08-04,Construction Chemicals,20,3873.1,P024
TXN003488,72,2026-06-10,Adhesives,359,41987.03,P004
TXN003489,1,2026-02-20,Industrial Resins,16,7207.46,P006
TXN003490,40,2025-11-20,Adhesives,419,54354.14,P018
TXN003491,48,2025-10-14,Adhesives,499,55956.58,P016
TXN003492,80,2026-03-12,Art & Craft,103,6223.52,P006
TXN003493,13,2026-06-06,Sealants,317,77255.57,P006
TXN003494,115,2025-08-05,Art & Craft,371,23800.27,P010
TXN003495,23,2026-01-20,Industrial Resins,86,45703.51,P018
TXN003496,4,2025-07-25,Industrial Resins,29,15762.35,P006
TXN003497,16,2026-03-10,Construction Chemicals,488,84175.86,P022
TXN003498,88,2026-07-15,Sealants,312,78288.43,P012
TXN003499,64,2025-10-26,Sealants,318,74018.52,P023
TXN003500,118,2025-10-02,Construction Chemicals,490,87400.33,P017
TXN003501,71,2026-07-07,Art & Craft,411,24403.22,P012
TXN003502,86,2026-03-01,Industrial Resins,43,20804.88,P024
TXN003503,19,2025-07-25,Sealants,428,106802.44,P006
TXN003504,52,2026-01-02,Adhesives,193,21115.55,P006
TXN003505,104,2026-07-20,Industrial Resins,60,32086.64,P022
TXN003506,85,2025-11-14,Construction Chemicals,476,86148.46,P012
TXN003507,90,2025-11-29,Industrial Resins,277,135568.92,P004
TXN003508,83,2026-01-18,Sealants,154,37116.44,P006
TXN003509,98,2026-01-29,Sealants,159,43281.77,P005
TXN003510,52,2026-08-23,Art & Craft,203,11162.7,P006
TXN003511,63,2025-10-27,Adhesives,174,21135.79,P016
TXN003512,50,2025-08-06,Construction Chemicals,264,52198.7,P011
TXN003513,37,2026-05-31,Adhesives,280,35826.05,P010
TXN003514,12,2025-11-16,Construction Chemicals,466,85347.39,P006
TXN003515,70,2026-08-11,Sealants,338,81350.75,P004
TXN003516,69,2026-02-19,Adhesives,34,4460.88,P012
TXN003517,25,2025-07-09,Construction Chemicals,285,46707.99,P016
TXN003518,88,2025-06-27,Art & Craft,388,23318.99,P012
TXN003519,23,2026-08-13,Industrial Resins,199,103104.55,P018
TXN003520,117,2026-06-01,Sealants,60,14871.7,P011
TXN003521,115,2025-09-04,Sealants,374,90139.81,P010
TXN003522,27,2025-10-26,Art & Craft,115,6998.18,P011
TXN003523,2,2025-09-17,Adhesives,482,56469.06,P016
TXN003524,15,2025-10-02,Construction Chemicals,12,2334.7,P024
TXN003525,105,2025-07-08,Construction Chemicals,100,19753.51,P012
TXN003526,30,2026-08-13,Construction Chemicals,479,92044.8,P012
TXN003527,20,2025-09-27,Sealants,316,74989.54,P012
TXN003528,34,2025-06-19,Art & Craft,358,21783.04,P018
TXN003529,116,2025-10-05,Construction Chemicals,114,22326.88,P012
TXN003530,95,2026-02-04,Construction Chemicals,219,40920.18,P024
TXN003531,106,2026-05-30,Art & Craft,203,11639.42,P005
TXN003532,105,2025-10-19,Art & Craft,139,8507.02,P012
TXN003533,89,2026-01-18,Art & Craft,31,1932.91,P006
TXN003534,17,2026-07-07,Sealants,46,11816.47,P017
TXN003535,21,2026-03-21,Art & Craft,44,2472.81,P012
TXN003536,22,2025-09-14,Construction Chemicals,499,93069.79,P016
TXN003537,51,2025-06-23,Construction Chemicals,284,48936.55,P016
TXN003538,73,2026-02-14,Construction Chemicals,65,12310.71,P005
TXN003539,106,2025-06-28,Sealants,496,113745.28,P005
TXN003540,64,2026-08-17,Sealants,75,18818.35,P023
TXN003541,61,2026-08-16,Art & Craft,65,3596.9,P010
TXN003542,107,2025-09-14,Art & Craft,104,5720.34,P023
TXN003543,104,2026-02-27,Adhesives,133,15755.55,P022
TXN003544,57,2026-08-14,Sealants,236,60144.62,P018
TXN003545,85,2025-08-07,Industrial Resins,402,220075.21,P012
TXN003546,27,2026-06-18,Construction Chemicals,32,5839.26,P011
TXN003547,44,2026-01-11,Construction Chemicals,481,80961.46,P006
TXN003548,26,2026-04-08,Adhesives,210,24595.37,P006
TXN003549,65,2026-05-28,Adhesives,125,14051.89,P012
TXN003550,43,2026-07-31,Art & Craft,22,1418.03,P011
TXN003551,108,2025-11-23,Sealants,318,79954.05,P018
TXN003552,21,2026-08-06,Sealants,290,79230.56,P012
TXN003553,15,2026-08-27,Adhesives,219,26374.86,P024
TXN003554,80,2026-02-27,Sealants,380,103223.21,P006
TXN003555,5,2026-05-08,Sealants,471,108419.32,P005
TXN003556,1,2025-07-15,Art & Craft,11,668.28,P006
TXN003557,50,2025-08-10,Industrial Resins,71,38034.72,P011
TXN003558,81,2026-08-25,Adhesives,298,36086.01,P018
TXN003559,84,2026-02-19,Art & Craft,489,29759.51,P018
TXN003560,37,2025-08-17,Industrial Resins,208,102953.16,P010
TXN003561,31,2025-10-14,Art & Craft,323,18411.16,P005
TXN003562,59,2026-01-15,Art & Craft,480,31095.8,P006
TXN003563,69,2025-10-13,Construction Chemicals,124,20732.63,P012
TXN003564,94,2026-06-14,Sealants,208,57191.06,P004
TXN003565,48,2026-06-23,Adhesives,231,29413.42,P016
TXN003566,6,2025-12-01,Art & Craft,220,13756.21,P012
TXN003567,110,2025-10-19,Sealants,215,49719.01,P022
TXN003568,46,2026-02-03,Sealants,492,120682.49,P004
TXN003569,59,2026-01-10,Art & Craft,237,15506.55,P006
TXN003570,47,2026-06-28,Construction Chemicals,176,32727.81,P006
TXN003571,93,2025-09-05,Industrial Resins,115,54579.08,P005
TXN003572,25,2025-08-27,Industrial Resins,109,59383.25,P016
TXN003573,85,2025-11-28,Industrial Resins,196,105846.94,P012
TXN003574,111,2026-05-18,Art & Craft,201,12407.33,P017
TXN003575,51,2025-10-06,Sealants,250,57608.13,P016
TXN003576,58,2025-08-04,Construction Chemicals,473,90808.42,P005
TXN003577,112,2026-05-16,Industrial Resins,221,100574.57,P006
TXN003578,44,2026-02-20,Industrial Resins,465,216537.45,P006
TXN003579,120,2026-01-21,Industrial Resins,231,108115.28,P017
TXN003580,4,2026-06-08,Sealants,207,52447.52,P006
TXN003581,35,2026-02-11,Industrial Resins,403,187630.98,P024
TXN003582,74,2026-01-08,Sealants,87,21364.11,P005
TXN003583,32,2026-03-27,Sealants,400,108625.05,P018
TXN003584,79,2025-06-13,Industrial Resins,281,147112.43,P023
TXN003585,5,2026-08-25,Adhesives,412,45142.27,P005
TXN003586,2,2026-03-28,Adhesives,179,22994.77,P016
TXN003587,120,2026-05-18,Construction Chemicals,113,21330.9,P017
TXN003588,40,2026-03-27,Adhesives,195,23976.72,P018
TXN003589,75,2026-06-07,Art & Craft,253,14690.05,P012
TXN003590,38,2026-06-15,Construction Chemicals,61,11643.93,P016
TXN003591,116,2025-12-06,Sealants,93,22855.61,P012
TXN003592,117,2025-11-26,Industrial Resins,219,102016.34,P011
TXN003593,81,2025-09-16,Art & Craft,368,24214.27,P018
TXN003594,109,2026-06-21,Sealants,68,17557.15,P018
TXN003595,117,2026-06-27,Art & Craft,59,3721.02,P011
TXN003596,113,2026-06-09,Art & Craft,252,14755.21,P006
TXN003597,99,2025-07-13,Adhesives,310,38599.62,P005
TXN003598,47,2026-01-18,Art & Craft,309,18806.64,P006
TXN003599,115,2025-11-18,Adhesives,261,34117.53,P010
TXN003600,45,2026-07-31,Construction Chemicals,53,10277.42,P024
TXN003601,23,2026-02-15,Sealants,329,78961.72,P018
TXN003602,118,2025-07-27,Sealants,66,18126.56,P017
TXN003603,86,2025-09-05,Sealants,334,80505.67,P024
TXN003604,102,2025-07-22,Adhesives,191,23391.29,P006
TXN003605,64,2026-02-03,Adhesives,328,42438.33,P023
TXN003606,22,2025-12-16,Construction Chemicals,445,76138.51,P016
TXN003607,36,2025-12-28,Industrial Resins,472,255631.66,P024
TXN003608,41,2025-09-11,Sealants,36,9268.93,P024
TXN003609,40,2026-03-16,Construction Chemicals,239,47288.91,P018
TXN003610,6,2025-10-03,Construction Chemicals,393,77744.63,P012
TXN003611,59,2026-06-30,Adhesives,180,21821.5,P006
TXN003612,112,2026-08-26,Industrial Resins,15,7851.96,P006
TXN003613,39,2026-02-22,Art & Craft,112,7263.69,P023
TXN003614,50,2025-09-13,Adhesives,365,45305.88,P011
TXN003615,49,2025-06-24,Construction Chemicals,197,37609.91,P006
TXN003616,101,2026-06-29,Art & Craft,218,13622.25,P011
TXN003617,45,2026-04-13,Construction Chemicals,292,49331.8,P024
TXN003618,35,2025-09-26,Adhesives,477,56666.16,P024
TXN003619,11,2026-07-08,Construction Chemicals,451,81322.74,P010
TXN003620,3,2026-05-03,Sealants,422,111029.54,P010
TXN003621,10,2025-11-16,Sealants,201,45877.84,P023
TXN003622,103,2026-07-28,Sealants,408,93582.7,P006
TXN003623,2,2025-06-16,Adhesives,387,49291.29,P016
TXN003624,117,2025-10-19,Industrial Resins,46,21418.72,P011
TXN003625,112,2025-07-29,Art & Craft,333,21472.11,P006
TXN003626,86,2025-09-09,Adhesives,323,35829.58,P024
TXN003627,18,2026-07-25,Sealants,480,125905.54,P018
TXN003628,24,2026-09-03,Adhesives,377,49324.19,P018
TXN003629,56,2026-07-26,Sealants,117,26617.49,P024
TXN003630,50,2026-01-04,Construction Chemicals,330,59748.48,P011
TXN003631,105,2025-10-30,Sealants,372,102075.49,P012
TXN003632,91,2025-09-23,Sealants,250,59850.79,P011
TXN003633,76,2026-09-01,Adhesives,236,26535.43,P024
TXN003634,11,2025-06-12,Sealants,111,26436.1,P010
TXN003635,70,2025-09-10,Industrial Resins,106,55119.65,P004
TXN003636,98,2026-03-24,Adhesives,106,11923.85,P005
TXN003637,97,2025-07-03,Sealants,93,22760.21,P017
TXN003638,76,2025-10-12,Construction Chemicals,317,56058.96,P024
TXN003639,37,2026-03-12,Sealants,228,54160.83,P010
TXN003640,95,2025-09-20,Sealants,281,63323.11,P024
TXN003641,33,2026-08-04,Construction Chemicals,396,66450.98,P006
TXN003642,9,2026-08-05,Art & Craft,186,12058.81,P016
TXN003643,80,2025-09-03,Art & Craft,50,3104.42,P006
TXN003644,58,2026-03-25,Adhesives,391,48557.52,P005
TXN003645,76,2025-09-22,Construction Chemicals,367,68452.44,P024
TXN003646,9,2026-03-25,Industrial Resins,144,75270.94,P016
TXN003647,58,2026-02-27,Construction Chemicals,390,74565.95,P005
TXN003648,64,2025-11-29,Construction Chemicals,400,71842.86,P023
TXN003649,96,2026-08-14,Sealants,126,32049.54,P024
TXN003650,89,2026-01-11,Construction Chemicals,219,39143.62,P006
TXN003651,42,2026-01-10,Art & Craft,247,15912.77,P006
TXN003652,58,2026-02-19,Sealants,82,21475.22,P005
TXN003653,54,2026-03-26,Adhesives,457,50885.29,P011
TXN003654,49,2026-01-25,Sealants,214,52063.1,P006
TXN003655,102,2026-06-02,Sealants,87,22154.28,P006
TXN003656,28,2026-06-20,Adhesives,18,2113.04,P012
TXN003657,35,2026-02-16,Construction Chemicals,111,18068.64,P024
TXN003658,21,2025-11-27,Construction Chemicals,434,85231.98,P012
TXN003659,36,2025-08-30,Sealants,107,26677.96,P024
TXN003660,64,2026-06-15,Art & Craft,232,15165.37,P023
TXN003661,63,2026-08-01,Adhesives,190,24904.16,P016
TXN003662,42,2026-05-07,Art & Craft,321,18448.47,P006
TXN003663,67,2025-12-27,Art & Craft,421,23827.27,P018
TXN003664,2,2025-10-17,Construction Chemicals,333,55847.33,P016
TXN003665,40,2025-11-02,Industrial Resins,229,117056.25,P018
TXN003666,17,2026-02-25,Industrial Resins,154,74552.9,P017
TXN003667,104,2026-01-05,Sealants,199,50400.01,P022
TXN003668,9,2026-05-01,Adhesives,238,27817.49,P016
TXN003669,27,2025-06-15,Construction Chemicals,362,61686.17,P011
TXN003670,116,2026-01-04,Construction Chemicals,334,65118.83,P012
TXN003671,101,2025-07-25,Construction Chemicals,294,51234.58,P011
TXN003672,43,2026-03-24,Sealants,471,108968.98,P011
TXN003673,101,2025-11-05,Industrial Resins,476,225096.91,P011
TXN003674,79,2025-12-28,Sealants,426,113308.69,P023
TXN003675,73,2025-12-17,Art & Craft,465,25218.24,P005
TXN003676,113,2025-10-20,Adhesives,206,25956.95,P006
TXN003677,42,2025-10-31,Adhesives,280,33539.12,P006
TXN003678,116,2025-08-02,Construction Chemicals,44,7839.98,P012
TXN003679,25,2025-06-27,Construction Chemicals,374,62514.47,P016
TXN003680,100,2025-10-15,Adhesives,252,28707.35,P024
TXN003681,1,2025-12-31,Construction Chemicals,192,36805.27,P006
TXN003682,72,2026-03-25,Sealants,411,98080.17,P004
TXN003683,63,2026-05-25,Construction Chemicals,319,61820.82,P016
TXN003684,106,2025-10-30,Sealants,500,135592.73,P005
TXN003685,16,2026-05-28,Construction Chemicals,385,63209.4,P022
TXN003686,68,2026-02-24,Industrial Resins,154,73122.69,P024
TXN003687,55,2026-06-23,Adhesives,162,18510.72,P004
TXN003688,38,2025-08-10,Adhesives,24,2967.34,P016
TXN003689,54,2026-06-21,Adhesives,198,23593.39,P011
TXN003690,58,2026-01-20,Art & Craft,294,16429.82,P005
TXN003691,98,2026-01-14,Construction Chemicals,65,12722.35,P005
TXN003692,36,2026-04-12,Sealants,371,94726.36,P024
TXN003693,21,2026-08-27,Industrial Resins,75,36171.03,P012
TXN003694,16,2026-01-03,Adhesives,454,52589.96,P022
TXN003695,48,2026-02-24,Sealants,171,45586.93,P016
TXN003696,71,2026-03-23,Adhesives,331,39197.76,P012
TXN003697,51,2025-08-11,Sealants,177,45250.78,P016
TXN003698,5,2025-11-17,Construction Chemicals,175,31913.39,P005
TXN003699,6,2025-09-04,Industrial Resins,38,19846.55,P012
TXN003700,17,2026-06-25,Art & Craft,42,2735.18,P017
TXN003701,20,2025-09-04,Adhesives,277,31002.16,P012
TXN003702,31,2026-03-06,Adhesives,396,46192.45,P005
TXN003703,44,2026-07-31,Adhesives,221,25690.31,P006
TXN003704,64,2026-02-03,Art & Craft,289,15821.54,P023
TXN003705,83,2025-07-10,Art & Craft,365,20388.83,P006
TXN003706,12,2025-08-10,Sealants,239,55675.77,P006
TXN003707,117,2025-10-09,Construction Chemicals,126,21497.31,P011
TXN003708,88,2025-06-30,Industrial Resins,22,10015.46,P012
TXN003709,90,2026-05-15,Sealants,255,57915.53,P004
TXN003710,98,2025-06-16,Sealants,496,115385.24,P005
TXN003711,18,2025-08-13,Industrial Resins,173,83437.04,P018
TXN003712,82,2026-04-09,Art & Craft,19,1142.34,P024
TXN003713,64,2026-02-04,Adhesives,352,44054.14,P023
TXN003714,71,2026-08-17,Adhesives,30,3384.09,P012
TXN003715,27,2026-03-10,Sealants,308,76868.56,P011
TXN003716,90,2025-12-18,Adhesives,307,39651.97,P004
TXN003717,116,2025-12-04,Sealants,213,50191.09,P012
TXN003718,1,2026-02-25,Industrial Resins,154,73390.96,P006
TXN003719,66,2025-08-14,Art & Craft,91,5825.63,P022
TXN003720,78,2026-04-24,Construction Chemicals,181,30597.65,P024
TXN003721,51,2026-08-21,Adhesives,343,39393.26,P016
TXN003722,58,2025-08-06,Industrial Resins,343,177394.33,P005
TXN003723,52,2026-02-18,Sealants,104,23986.01,P006
TXN003724,103,2026-05-22,Adhesives,390,50853.66,P006
TXN003725,26,2025-07-05,Industrial Resins,386,202544.74,P006
TXN003726,89,2026-04-02,Sealants,463,117908.93,P006
TXN003727,47,2026-05-10,Art & Craft,37,2285.64,P006
TXN003728,73,2026-03-30,Construction Chemicals,121,21828.35,P005
TXN003729,2,2026-03-18,Sealants,434,101575.95,P016
TXN003730,27,2025-09-01,Art & Craft,494,30943.82,P011
TXN003731,42,2026-06-12,Art & Craft,210,12856.57,P006
TXN003732,118,2026-04-11,Art & Craft,255,15486.14,P017
TXN003733,102,2026-09-04,Sealants,49,12535.11,P006
TXN003734,110,2026-08-30,Adhesives,327,35708.62,P022
TXN003735,36,2025-08-27,Adhesives,165,19582.44,P024
TXN003736,73,2026-05-17,Sealants,59,13432.94,P005
TXN003737,83,2026-02-26,Sealants,226,59232.87,P006
TXN003738,10,2026-04-05,Construction Chemicals,223,41373.31,P023
TXN003739,99,2026-06-24,Adhesives,470,52114.46,P005
TXN003740,34,2025-07-22,Art & Craft,486,31680.86,P018
TXN003741,118,2025-08-19,Sealants,71,19238.89,P017
TXN003742,88,2026-01-04,Adhesives,460,59958.72,P012
TXN003743,23,2026-05-07,Adhesives,67,7374.44,P018
TXN003744,59,2026-04-19,Industrial Resins,365,184596.74,P006
TXN003745,3,2025-09-15,Industrial Resins,255,116363.74,P010
TXN003746,20,2026-02-23,Sealants,43,10529.71,P012
TXN003747,4,2026-01-09,Adhesives,264,31252.24,P006
TXN003748,53,2026-08-13,Sealants,16,4061.41,P012
TXN003749,85,2025-09-06,Adhesives,404,52129.34,P012
TXN003750,37,2026-08-23,Art & Craft,113,7189.43,P010
TXN003751,86,2025-09-16,Construction Chemicals,456,76959.35,P024
TXN003752,58,2025-11-20,Adhesives,342,37298.16,P005
TXN003753,107,2025-12-28,Art & Craft,296,19366.02,P023
TXN003754,102,2026-08-11,Sealants,376,100550.98,P006
TXN003755,37,2026-01-14,Construction Chemicals,55,10094.14,P010
TXN003756,106,2025-10-02,Art & Craft,288,16118.42,P005
TXN003757,116,2026-06-22,Construction Chemicals,381,69279.85,P012
TXN003758,42,2026-02-11,Construction Chemicals,218,36681.26,P006
TXN003759,48,2026-06-21,Art & Craft,187,11819.85,P016
TXN003760,105,2026-03-04,Art & Craft,355,21480.06,P012
TXN003761,56,2026-06-26,Adhesives,318,36276.42,P024
TXN003762,43,2025-08-15,Construction Chemicals,340,60790.64,P011
TXN003763,70,2025-12-19,Sealants,465,105619.07,P004
TXN003764,118,2025-10-16,Sealants,316,76498.07,P017
TXN003765,107,2026-06-25,Sealants,445,117896.87,P023
TXN003766,105,2026-07-25,Sealants,432,112173.44,P012
TXN003767,106,2025-12-22,Art & Craft,460,25457.58,P005
TXN003768,70,2026-09-02,Adhesives,276,30495.67,P004
TXN003769,33,2025-08-22,Industrial Resins,350,190480.15,P006
TXN003770,30,2025-08-26,Construction Chemicals,260,43214.38,P012
TXN003771,108,2025-12-11,Construction Chemicals,290,56761.53,P018
TXN003772,85,2025-08-17,Art & Craft,122,7432.76,P012
TXN003773,53,2026-01-15,Adhesives,125,15421.41,P012
TXN003774,20,2025-07-25,Sealants,376,84611.21,P012
TXN003775,65,2026-07-30,Adhesives,263,29315.17,P012
TXN003776,89,2026-04-02,Construction Chemicals,133,25164.77,P006
TXN003777,106,2025-07-14,Sealants,287,73733.87,P005
TXN003778,25,2026-07-05,Adhesives,18,1957.43,P016
TXN003779,27,2026-07-30,Sealants,433,114226.87,P011
TXN003780,9,2026-01-31,Construction Chemicals,241,47292.99,P016
TXN003781,46,2026-04-04,Art & Craft,15,935.61,P004
TXN003782,44,2026-01-28,Art & Craft,201,11356.78,P006
TXN003783,80,2025-10-25,Industrial Resins,480,238965.1,P006
TXN003784,76,2026-08-19,Adhesives,357,42765.75,P024
TXN003785,64,2025-09-11,Construction Chemicals,189,30829.2,P023
TXN003786,61,2026-07-16,Art & Craft,395,23884.94,P010
TXN003787,55,2025-09-19,Industrial Resins,327,175946.79,P004
TXN003788,63,2025-12-29,Adhesives,204,22221.34,P016
TXN003789,98,2026-07-19,Adhesives,253,28855.09,P005
TXN003790,11,2025-10-16,Sealants,380,101281.97,P010
TXN003791,119,2026-03-16,Adhesives,242,28342.18,P004
TXN003792,31,2026-03-30,Industrial Resins,250,113358.55,P005
TXN003793,71,2026-07-18,Art & Craft,120,7363.75,P012
TXN003794,2,2025-08-01,Sealants,313,83926.52,P016
TXN003795,4,2026-06-04,Industrial Resins,237,108287.66,P006
TXN003796,60,2025-07-21,Construction Chemicals,366,66737.1,P024
TXN003797,119,2026-04-28,Industrial Resins,344,179716.98,P004
TXN003798,75,2026-06-07,Adhesives,367,44187.41,P012
TXN003799,116,2026-08-15,Art & Craft,160,10278.83,P012
TXN003800,38,2025-09-18,Industrial Resins,179,88188.5,P016
TXN003801,20,2026-04-30,Adhesives,111,13272.44,P012
TXN003802,1,2025-10-05,Art & Craft,407,25614.29,P006
TXN003803,116,2026-04-03,Sealants,405,98753.57,P012
TXN003804,24,2025-11-10,Sealants,184,49363.2,P018
TXN003805,109,2025-07-18,Art & Craft,127,7945.87,P018
TXN003806,90,2026-06-29,Adhesives,61,6828.73,P004
TXN003807,95,2025-12-24,Industrial Resins,298,134805.61,P024
TXN003808,47,2025-09-14,Art & Craft,20,1250.02,P006
TXN003809,48,2026-08-18,Industrial Resins,64,31479.2,P016
TXN003810,36,2026-08-01,Art & Craft,295,18415.25,P024
TXN003811,9,2025-09-29,Adhesives,144,18585.61,P016
TXN003812,46,2026-05-03,Art & Craft,215,12918.35,P004
TXN003813,117,2026-07-22,Sealants,71,16060.59,P011
TXN003814,74,2025-10-02,Sealants,350,82189.05,P005
TXN003815,70,2026-08-01,Construction Chemicals,295,50583.13,P004
TXN003816,102,2025-11-22,Sealants,308,75664.14,P006
TXN003817,6,2026-06-28,Sealants,113,26257.74,P012
TXN003818,96,2025-12-17,Art & Craft,15,876.93,P024
TXN003819,101,2026-04-21,Adhesives,67,8079.5,P011
TXN003820,75,2025-07-16,Industrial Resins,14,6724.68,P012
TXN003821,18,2026-01-02,Construction Chemicals,481,82141.5,P018
TXN003822,103,2026-01-03,Sealants,106,27369.39,P006
TXN003823,62,2025-11-25,Sealants,60,14017.25,P024
TXN003824,82,2026-06-22,Industrial Resins,449,238143.76,P024
TXN003825,86,2025-06-21,Sealants,449,112471.53,P024
TXN003826,98,2026-07-29,Adhesives,254,30561.59,P005
TXN003827,73,2026-02-05,Sealants,136,34863.2,P005
TXN003828,108,2026-04-23,Construction Chemicals,490,83355.03,P018
TXN003829,53,2025-06-16,Adhesives,395,46754.14,P012
TXN003830,42,2025-08-29,Art & Craft,24,1351.47,P006
TXN003831,120,2025-07-03,Construction Chemicals,210,37420.7,P017
TXN003832,111,2026-01-02,Sealants,393,106257.53,P017
TXN003833,79,2025-06-15,Industrial Resins,465,228153.73,P023
TXN003834,97,2026-04-10,Sealants,133,33908.21,P017
TXN003835,64,2026-02-03,Adhesives,231,28273.41,P023
TXN003836,9,2025-08-03,Industrial Resins,53,27583.71,P016
TXN003837,19,2026-04-14,Adhesives,199,22816.81,P006
TXN003838,60,2025-10-30,Construction Chemicals,165,31697.77,P024
TXN003839,42,2025-12-17,Construction Chemicals,447,87677.2,P006
TXN003840,63,2025-09-17,Art & Craft,397,25588.2,P016
TXN003841,76,2025-11-02,Industrial Resins,482,249781.26,P024
TXN003842,85,2026-07-20,Industrial Resins,80,39754.62,P012
TXN003843,89,2025-10-24,Art & Craft,185,11172.68,P006
TXN003844,81,2026-04-19,Adhesives,138,16987.65,P018
TXN003845,112,2026-03-28,Construction Chemicals,314,56672.81,P006
TXN003846,119,2026-05-30,Construction Chemicals,474,80873.37,P004
TXN003847,45,2025-12-13,Construction Chemicals,108,20706.46,P024
TXN003848,87,2026-01-30,Art & Craft,152,8689.37,P011
TXN003849,86,2025-07-29,Sealants,403,103028.03,P024
TXN003850,18,2026-03-03,Construction Chemicals,107,19980.72,P018
TXN003851,92,2025-07-23,Industrial Resins,293,141259.47,P024
TXN003852,60,2025-08-30,Industrial Resins,276,128986.27,P024
TXN003853,93,2025-11-02,Construction Chemicals,336,57420.04,P005
TXN003854,102,2025-07-17,Construction Chemicals,103,19976.01,P006
TXN003855,64,2025-09-02,Construction Chemicals,135,23773.32,P023
TXN003856,35,2026-06-22,Industrial Resins,245,123416.51,P024
TXN003857,33,2026-02-24,Industrial Resins,46,21861.66,P006
TXN003858,105,2026-05-31,Industrial Resins,211,95018.94,P012
TXN003859,104,2025-11-27,Construction Chemicals,485,87213.67,P022
TXN003860,75,2026-05-26,Construction Chemicals,271,49438.08,P012
TXN003861,35,2025-12-28,Adhesives,228,28061.03,P024
TXN003862,77,2026-03-28,Adhesives,253,29978.51,P010
TXN003863,16,2025-08-11,Sealants,102,23576.87,P022
TXN003864,103,2026-04-15,Adhesives,31,3978.3,P006
TXN003865,14,2025-07-30,Industrial Resins,284,135422.97,P016
TXN003866,13,2025-10-01,Art & Craft,114,6210.63,P006
TXN003867,73,2025-10-20,Adhesives,15,1660.12,P005
TXN003868,93,2026-05-09,Construction Chemicals,155,27508.3,P005
TXN003869,29,2026-04-21,Industrial Resins,319,161752.69,P022
TXN003870,119,2026-06-19,Industrial Resins,191,102008.67,P004
TXN003871,3,2026-05-15,Industrial Resins,309,148836.58,P010
TXN003872,22,2026-08-27,Art & Craft,114,6897.06,P016
TXN003873,21,2026-04-19,Adhesives,302,37982.83,P012
TXN003874,104,2025-06-29,Art & Craft,73,4025.82,P022
TXN003875,53,2026-06-12,Sealants,133,32980.72,P012
TXN003876,115,2026-07-12,Sealants,479,113052.18,P010
TXN003877,1,2025-11-12,Sealants,353,84869.92,P006
TXN003878,111,2026-05-18,Industrial Resins,444,216969.63,P017
TXN003879,30,2025-09-05,Adhesives,443,48715.79,P012
TXN003880,57,2026-02-20,Art & Craft,86,5406.82,P018
TXN003881,109,2025-12-01,Industrial Resins,394,192278.41,P018
TXN003882,98,2025-12-27,Construction Chemicals,115,22280.68,P005
TXN003883,56,2025-12-23,Industrial Resins,185,89208.48,P024
TXN003884,65,2025-10-29,Industrial Resins,208,111034.95,P012
TXN003885,27,2025-11-01,Construction Chemicals,83,15547.93,P011
TXN003886,108,2026-05-21,Art & Craft,96,6091.86,P018
TXN003887,28,2026-04-30,Construction Chemicals,190,33550.9,P012
TXN003888,92,2025-11-01,Construction Chemicals,470,80046.75,P024
TXN003889,113,2025-11-20,Art & Craft,22,1369.23,P006
TXN003890,32,2026-08-24,Adhesives,241,30152.39,P018
TXN003891,50,2026-08-25,Industrial Resins,186,90387.08,P011
TXN003892,63,2026-01-30,Art & Craft,380,22550.69,P016
TXN003893,12,2026-04-20,Art & Craft,140,8145.03,P006
TXN003894,47,2026-05-15,Construction Chemicals,255,42761.34,P006
TXN003895,110,2025-12-07,Industrial Resins,340,170583.77,P022
TXN003896,104,2026-02-21,Sealants,443,100478.9,P022
TXN003897,47,2025-09-07,Adhesives,399,45280.88,P006
TXN003898,118,2025-11-25,Sealants,57,14579.03,P017
TXN003899,7,2026-04-27,Construction Chemicals,50,9045.46,P004
TXN003900,58,2026-01-24,Sealants,160,37133.07,P005
TXN003901,36,2026-06-11,Sealants,127,31175.1,P024
TXN003902,67,2025-10-22,Adhesives,128,16502.2,P018
TXN003903,7,2025-06-15,Industrial Resins,345,182266.98,P004
TXN003904,111,2026-01-31,Sealants,157,39626.32,P017
TXN003905,115,2026-05-27,Sealants,130,29361.68,P010
TXN003906,78,2026-04-20,Adhesives,44,5568.12,P024
TXN003907,105,2026-01-11,Sealants,283,65431.54,P012
TXN003908,71,2025-12-05,Construction Chemicals,380,64007.68,P012
TXN003909,120,2026-03-22,Sealants,135,35686.63,P017
TXN003910,110,2025-07-15,Sealants,402,95923.98,P022
TXN003911,3,2026-02-15,Industrial Resins,268,144581.66,P010
TXN003912,18,2025-06-28,Sealants,34,8447.41,P018
TXN003913,17,2026-02-28,Sealants,451,115207.25,P017
TXN003914,74,2026-06-07,Construction Chemicals,246,42028.71,P005
TXN003915,91,2025-10-12,Adhesives,375,42733.93,P011
TXN003916,78,2026-06-27,Adhesives,44,5789.9,P024
TXN003917,1,2025-12-28,Construction Chemicals,245,44354.84,P006
TXN003918,87,2026-02-10,Art & Craft,291,17604.81,P011
TXN003919,114,2025-12-12,Industrial Resins,248,135460.2,P012
TXN003920,46,2025-08-17,Industrial Resins,305,159159.85,P004
TXN003921,52,2026-06-11,Construction Chemicals,278,54412.2,P006
TXN003922,65,2026-05-22,Art & Craft,74,4710.7,P012
TXN003923,10,2026-07-07,Industrial Resins,198,105770.53,P023
TXN003924,78,2026-02-25,Art & Craft,205,11994.82,P024
TXN003925,4,2026-08-27,Construction Chemicals,259,43810.71,P006
TXN003926,28,2026-06-21,Art & Craft,406,25034.55,P012
TXN003927,58,2026-06-25,Industrial Resins,414,217712.51,P005
TXN003928,84,2026-08-27,Construction Chemicals,212,36209.96,P018
TXN003929,116,2025-12-29,Sealants,472,116561.01,P012
TXN003930,52,2026-05-23,Art & Craft,374,22283.84,P006
TXN003931,60,2026-05-02,Sealants,222,60601.76,P024
TXN003932,19,2026-03-09,Adhesives,161,18833.27,P006
TXN003933,60,2026-01-26,Art & Craft,464,28694.31,P024
TXN003934,10,2025-12-16,Industrial Resins,160,77676.39,P023
TXN003935,71,2025-06-17,Art & Craft,30,1956.23,P012
TXN003936,109,2026-05-28,Art & Craft,44,2562.11,P018
TXN003937,40,2026-07-15,Industrial Resins,94,42403.93,P018
TXN003938,19,2025-12-18,Industrial Resins,148,67486.33,P006
TXN003939,28,2026-02-10,Industrial Resins,200,90482.8,P012
TXN003940,43,2026-03-21,Industrial Resins,245,118749.68,P011
TXN003941,37,2025-11-09,Construction Chemicals,36,6870.39,P010
TXN003942,16,2025-08-10,Art & Craft,398,23820.38,P022
TXN003943,66,2025-08-27,Adhesives,351,44472.89,P022
TXN003944,96,2026-06-18,Industrial Resins,269,122860.08,P024
TXN003945,120,2026-01-22,Art & Craft,179,11085.0,P017
TXN003946,94,2026-05-27,Construction Chemicals,83,13870.93,P004
TXN003947,12,2026-05-15,Industrial Resins,206,98380.65,P006
TXN003948,6,2026-06-28,Adhesives,165,17867.97,P012
TXN003949,25,2025-07-22,Art & Craft,301,16953.52,P016
TXN003950,106,2026-04-27,Sealants,228,57536.44,P005
TXN003951,118,2026-06-13,Sealants,10,2745.51,P017
TXN003952,110,2025-07-29,Adhesives,145,18190.79,P022
TXN003953,9,2026-06-12,Sealants,249,67418.42,P016
TXN003954,119,2026-01-12,Art & Craft,68,3737.26,P004
TXN003955,104,2026-02-26,Construction Chemicals,325,61166.69,P022
TXN003956,109,2025-11-13,Art & Craft,499,32673.66,P018
TXN003957,72,2025-08-21,Industrial Resins,465,251161.66,P004
TXN003958,43,2025-09-20,Construction Chemicals,279,46760.83,P011
TXN003959,107,2025-07-19,Industrial Resins,276,143039.8,P023
TXN003960,77,2026-01-25,Sealants,125,33218.32,P010
TXN003961,62,2026-04-04,Construction Chemicals,178,34859.14,P024
TXN003962,64,2026-04-04,Art & Craft,36,2355.31,P023
TXN003963,103,2025-11-24,Construction Chemicals,64,12266.65,P006
TXN003964,29,2026-01-10,Sealants,460,125492.07,P022
TXN003965,116,2025-12-01,Sealants,484,111286.05,P012
TXN003966,65,2026-02-02,Construction Chemicals,221,41709.52,P012
TXN003967,73,2026-06-13,Construction Chemicals,163,26882.07,P005
TXN003968,80,2026-08-02,Art & Craft,495,32244.75,P006
TXN003969,100,2026-01-24,Construction Chemicals,484,93903.28,P024
TXN003970,52,2026-08-20,Art & Craft,88,5189.42,P006
TXN003971,43,2025-12-29,Construction Chemicals,70,12116.18,P011
TXN003972,113,2025-11-07,Art & Craft,485,31767.16,P006
TXN003973,28,2026-04-11,Art & Craft,230,14764.48,P012
TXN003974,32,2026-06-15,Industrial Resins,421,196392.06,P018
TXN003975,77,2026-07-24,Construction Chemicals,313,54952.32,P010
TXN003976,13,2026-08-31,Adhesives,52,6609.65,P006
TXN003977,20,2026-07-19,Industrial Resins,229,114331.65,P012
TXN003978,120,2026-06-06,Sealants,36,8103.76,P017
TXN003979,5,2026-03-01,Sealants,159,43595.42,P005
TXN003980,87,2026-08-15,Construction Chemicals,351,64089.76,P011
TXN003981,22,2025-11-10,Construction Chemicals,179,29642.22,P016
TXN003982,11,2026-05-29,Adhesives,324,34993.66,P010
TXN003983,102,2025-12-27,Sealants,469,114690.76,P006
TXN003984,14,2025-07-03,Construction Chemicals,313,53989.82,P016
TXN003985,68,2026-06-26,Adhesives,435,53376.97,P024
TXN003986,9,2026-06-16,Art & Craft,320,20553.2,P016
TXN003987,83,2026-05-13,Industrial Resins,59,29478.85,P006
TXN003988,89,2026-03-15,Construction Chemicals,26,4580.22,P006
TXN003989,86,2026-01-16,Sealants,365,90751.05,P024
TXN003990,46,2025-09-08,Industrial Resins,166,79574.64,P004
TXN003991,105,2026-05-07,Art & Craft,224,14265.12,P012
TXN003992,102,2026-05-04,Construction Chemicals,351,60989.04,P006
TXN003993,60,2026-07-26,Sealants,370,86121.55,P024
TXN003994,8,2026-07-11,Industrial Resins,458,211491.49,P023
TXN003995,58,2026-04-13,Sealants,86,22457.91,P005
TXN003996,99,2026-05-05,Construction Chemicals,362,62813.59,P005
TXN003997,92,2025-10-10,Art & Craft,232,13669.11,P024
TXN003998,86,2025-09-06,Industrial Resins,383,194857.79,P024
TXN003999,27,2026-06-16,Art & Craft,345,18770.08,P011
TXN004000,51,2026-08-19,Sealants,186,42464.31,P016
