transaction_id,customer_code,transaction_date,product_category,quantity,revenue,salesperson_id
TXN000001,101,2025-03-01,Construction Chemicals,17,23834.95,P018
TXN000002,23,2025-03-01,Construction Chemicals,70,93183.46,P017
TXN000003,23,2025-03-01,Sealants,71,45820.57,P017
TXN000004,13,2025-03-01,Adhesives,35,11156.94,P010
TXN000005,77,2025-03-01,Sealants,25,16637.16,P020
TXN000006,90,2025-03-01,Sealants,37,24602.74,P020
TXN000007,10,2025-03-02,Adhesives,44,16936.66,P014
TXN000008,39,2025-03-02,Adhesives,10,3407.1,P011
TXN000009,101,2025-03-02,Construction Chemicals,59,87368.75,P018
TXN000010,5,2025-03-02,Sealants,52,31841.38,P023
TXN000011,37,2025-03-02,Sealants,47,27161.5,P026
TXN000012,94,2025-03-02,Adhesives,28,10660.7,P004
TXN000013,39,2025-03-03,Adhesives,56,20026.59,P011
TXN000014,5,2025-03-03,Sealants,61,41839.93,P023
TXN000015,23,2025-03-03,Sealants,48,29305.01,P017
TXN000016,110,2025-03-03,Sealants,101,66389.42,P024
TXN000017,116,2025-03-03,Sealants,34,20235.96,P004
TXN000018,45,2025-03-03,Industrial Resins,18,36238.27,P011
TXN000019,8,2025-03-03,Construction Chemicals,34,44973.5,P026
TXN000020,12,2025-03-04,Construction Chemicals,134,198107.61,P024
TXN000021,39,2025-03-04,Industrial Resins,46,87845.81,P011
TXN000022,5,2025-03-04,Sealants,69,37755.11,P023
TXN000023,5,2025-03-04,Sealants,67,45193.85,P023
TXN000024,23,2025-03-04,Construction Chemicals,78,125504.93,P017
TXN000025,3,2025-03-04,Construction Chemicals,56,79124.09,P017
TXN000026,38,2025-03-04,Industrial Resins,62,145047.08,P010
TXN000027,38,2025-03-04,Adhesives,112,34721.32,P010
TXN000028,110,2025-03-04,Sealants,93,61877.33,P024
TXN000029,77,2025-03-04,Construction Chemicals,25,36245.94,P020
TXN000030,14,2025-03-04,Adhesives,33,11818.08,P005
TXN000031,27,2025-03-04,Adhesives,43,15233.87,P006
TXN000032,63,2025-03-04,Adhesives,18,6318.63,P008
TXN000033,115,2025-03-05,Sealants,18,11653.33,P004
TXN000034,115,2025-03-05,Sealants,75,42052.52,P004
TXN000035,103,2025-03-05,Industrial Resins,26,48821.59,P010
TXN000036,10,2025-03-05,Adhesives,48,15017.74,P014
TXN000037,10,2025-03-05,Adhesives,50,19270.03,P014
TXN000038,39,2025-03-05,Adhesives,41,12922.58,P011
TXN000039,5,2025-03-05,Construction Chemicals,77,104513.7,P023
TXN000040,38,2025-03-05,Industrial Resins,32,63236.19,P010
TXN000041,38,2025-03-05,Adhesives,64,24356.62,P010
TXN000042,84,2025-03-05,Sealants,47,26486.63,P018
TXN000043,99,2025-03-05,Adhesives,30,9949.0,P012
TXN000044,2,2025-03-05,Construction Chemicals,12,18429.13,P018
TXN000045,93,2025-03-05,Adhesives,7,2169.55,P012
TXN000046,118,2025-03-05,Industrial Resins,37,79349.58,P010
TXN000047,103,2025-03-06,Industrial Resins,74,141893.5,P010
TXN000048,103,2025-03-06,Industrial Resins,4,8146.45,P010
TXN000049,103,2025-03-06,Adhesives,51,17066.08,P010
TXN000050,23,2025-03-06,Sealants,33,22572.6,P017
TXN000051,53,2025-03-06,Sealants,1,604.47,P023
TXN000052,35,2025-03-06,Adhesives,23,7990.23,P008
TXN000053,100,2025-03-06,Adhesives,24,9023.25,P004
TXN000054,103,2025-03-07,Adhesives,58,20750.03,P010
TXN000055,10,2025-03-07,Industrial Resins,52,96407.93,P014
TXN000056,12,2025-03-07,Construction Chemicals,58,90603.49,P024
TXN000057,23,2025-03-07,Sealants,40,22556.04,P017
TXN000058,71,2025-03-07,Construction Chemicals,18,29037.94,P024
TXN000059,98,2025-03-07,Adhesives,30,9888.68,P010
TXN000060,103,2025-03-08,Adhesives,76,28403.88,P010
TXN000061,12,2025-03-08,Construction Chemicals,101,150611.76,P024
TXN000062,39,2025-03-08,Adhesives,54,20557.47,P011
TXN000063,3,2025-03-08,Sealants,91,49957.64,P017
TXN000064,110,2025-03-08,Construction Chemicals,85,130808.6,P024
TXN000065,104,2025-03-08,Adhesives,15,4746.45,P014
TXN000066,26,2025-03-08,Construction Chemicals,29,45485.86,P022
TXN000067,90,2025-03-08,Construction Chemicals,5,6794.36,P020
TXN000068,103,2025-03-09,Industrial Resins,16,31233.46,P010
TXN000069,12,2025-03-09,Construction Chemicals,28,43384.11,P024
TXN000070,23,2025-03-09,Construction Chemicals,37,48759.6,P017
TXN000071,3,2025-03-09,Construction Chemicals,35,55086.37,P017
TXN000072,38,2025-03-09,Industrial Resins,59,136581.29,P010
TXN000073,95,2025-03-09,Art & Craft,8,1481.34,P008
TXN000074,15,2025-03-09,Adhesives,23,7103.67,P004
TXN000075,101,2025-03-10,Sealants,28,17743.12,P018
TXN000076,5,2025-03-10,Construction Chemicals,70,108861.76,P023
TXN000077,13,2025-03-10,Industrial Resins,70,133969.77,P010
TXN000078,13,2025-03-10,Adhesives,37,12583.08,P010
TXN000079,3,2025-03-10,Sealants,60,38765.42,P017
TXN000080,5,2025-03-11,Construction Chemicals,104,159103.13,P023
TXN000081,5,2025-03-11,Construction Chemicals,59,88031.59,P023
TXN000082,5,2025-03-11,Sealants,23,15062.03,P023
TXN000083,38,2025-03-11,Industrial Resins,68,133808.98,P010
TXN000084,110,2025-03-11,Sealants,77,42828.81,P024
TXN000085,110,2025-03-11,Sealants,1,673.1,P024
TXN000086,106,2025-03-11,Sealants,30,18460.48,P016
TXN000087,99,2025-03-11,Industrial Resins,22,47358.01,P012
TXN000088,115,2025-03-12,Art & Craft,61,10199.63,P004
TXN000089,10,2025-03-12,Adhesives,41,15861.09,P014
TXN000090,39,2025-03-12,Industrial Resins,47,102182.09,P011
TXN000091,3,2025-03-12,Construction Chemicals,13,20389.43,P017
TXN000092,3,2025-03-12,Construction Chemicals,94,131225.27,P017
TXN000093,110,2025-03-12,Construction Chemicals,55,73898.83,P024
TXN000094,106,2025-03-12,Construction Chemicals,10,14621.79,P016
TXN000095,102,2025-03-12,Construction Chemicals,33,50533.97,P024
TXN000096,24,2025-03-12,Sealants,27,17011.0,P026
TXN000097,12,2025-03-13,Sealants,65,36225.33,P024
TXN000098,5,2025-03-13,Construction Chemicals,29,44142.65,P023
TXN000099,13,2025-03-13,Industrial Resins,24,56292.75,P010
TXN000100,83,2025-03-13,Industrial Resins,39,82981.69,P011
TXN000101,76,2025-03-13,Sealants,33,19475.35,P026
TXN000102,15,2025-03-13,Sealants,34,23442.52,P004
TXN000103,12,2025-03-14,Sealants,35,21241.99,P024
TXN000104,39,2025-03-14,Adhesives,106,34465.49,P011
TXN000105,78,2025-03-14,Industrial Resins,29,63084.27,P010
TXN000106,108,2025-03-14,Art & Craft,21,4080.86,P005
TXN000107,53,2025-03-14,Construction Chemicals,31,41155.16,P023
TXN000108,68,2025-03-14,Sealants,29,18974.52,P024
TXN000109,85,2025-03-14,Art & Craft,15,2382.17,P005
TXN000110,115,2025-03-15,Adhesives,25,7970.78,P004
TXN000111,115,2025-03-15,Art & Craft,31,6240.33,P004
TXN000112,10,2025-03-15,Industrial Resins,28,56357.83,P014
TXN000113,13,2025-03-15,Industrial Resins,72,142944.02,P010
TXN000114,110,2025-03-15,Sealants,61,33570.36,P024
TXN000115,37,2025-03-15,Construction Chemicals,16,20866.94,P026
TXN000116,8,2025-03-15,Sealants,22,15153.85,P026
TXN000117,103,2025-03-16,Adhesives,41,15835.46,P010
TXN000118,12,2025-03-16,Construction Chemicals,80,126327.94,P024
TXN000119,12,2025-03-16,Construction Chemicals,36,46240.07,P024
TXN000120,12,2025-03-16,Sealants,33,20004.84,P024
TXN000121,101,2025-03-16,Sealants,71,41629.51,P018
TXN000122,34,2025-03-16,Construction Chemicals,39,62293.94,P020
TXN000123,39,2025-03-17,Industrial Resins,31,67687.6,P011
TXN000124,39,2025-03-17,Industrial Resins,27,58138.28,P011
TXN000125,23,2025-03-17,Construction Chemicals,44,63835.19,P017
TXN000126,110,2025-03-17,Sealants,31,21428.34,P024
TXN000127,71,2025-03-17,Sealants,20,13518.98,P024
TXN000128,83,2025-03-17,Adhesives,23,7854.82,P011
TXN000129,103,2025-03-18,Adhesives,47,16484.56,P010
TXN000130,39,2025-03-18,Industrial Resins,106,204482.08,P011
TXN000131,13,2025-03-18,Industrial Resins,28,56226.09,P010
TXN000132,13,2025-03-18,Adhesives,20,7838.0,P010
TXN000133,2,2025-03-18,Sealants,42,26678.67,P018
TXN000134,34,2025-03-18,Sealants,25,14517.78,P020
TXN000135,10,2025-03-19,Industrial Resins,84,189365.98,P014
TXN000136,12,2025-03-19,Sealants,70,46930.83,P024
TXN000137,3,2025-03-19,Sealants,99,57098.66,P017
TXN000138,56,2025-03-19,Sealants,20,10984.13,P016
TXN000139,39,2025-03-20,Industrial Resins,69,158319.97,P011
TXN000140,101,2025-03-20,Sealants,77,44016.66,P018
TXN000141,3,2025-03-20,Construction Chemicals,111,177331.19,P017
TXN000142,84,2025-03-20,Construction Chemicals,15,22999.1,P018
TXN000143,102,2025-03-20,Sealants,40,24215.33,P024
TXN000144,56,2025-03-20,Construction Chemicals,20,30606.25,P016
TXN000145,13,2025-03-21,Adhesives,63,24126.95,P010
TXN000146,60,2025-03-21,Adhesives,12,4100.71,P004
TXN000147,60,2025-03-21,Sealants,24,13384.9,P004
TXN000148,70,2025-03-21,Construction Chemicals,13,18475.25,P017
TXN000149,95,2025-03-21,Sealants,2,1105.32,P008
TXN000150,68,2025-03-21,Construction Chemicals,19,26534.29,P024
TXN000151,89,2025-03-21,Sealants,30,18488.2,P026
TXN000152,115,2025-03-22,Adhesives,43,15748.83,P004
TXN000153,39,2025-03-22,Adhesives,62,20608.07,P011
TXN000154,101,2025-03-22,Sealants,90,61270.45,P018
TXN000155,101,2025-03-22,Sealants,51,33054.47,P018
TXN000156,26,2025-03-22,Sealants,25,15338.59,P022
TXN000157,3,2025-03-23,Sealants,94,55664.15,P017
TXN000158,103,2025-03-24,Industrial Resins,55,103261.34,P010
TXN000159,23,2025-03-24,Construction Chemicals,56,80091.15,P017
TXN000160,110,2025-03-24,Construction Chemicals,35,54862.65,P024
TXN000161,120,2025-03-24,Industrial Resins,20,44834.76,P014
TXN000162,80,2025-03-24,Adhesives,30,10421.65,P010
TXN000163,104,2025-03-24,Industrial Resins,26,51115.44,P014
TXN000164,75,2025-03-24,Construction Chemicals,25,37437.63,P020
TXN000165,118,2025-03-24,Adhesives,1,362.01,P010
TXN000166,103,2025-03-25,Adhesives,67,21197.63,P010
TXN000167,12,2025-03-25,Sealants,48,26756.33,P024
TXN000168,13,2025-03-25,Industrial Resins,33,66042.29,P010
TXN000169,38,2025-03-25,Adhesives,19,6268.08,P010
TXN000170,88,2025-03-25,Sealants,3,1970.53,P024
TXN000171,86,2025-03-25,Construction Chemicals,32,46461.99,P018
TXN000172,103,2025-03-26,Industrial Resins,69,147981.19,P010
TXN000173,10,2025-03-26,Adhesives,64,21048.68,P014
TXN000174,101,2025-03-26,Construction Chemicals,49,70496.51,P018
TXN000175,101,2025-03-26,Sealants,103,57274.4,P018
TXN000176,3,2025-03-26,Sealants,54,30362.59,P017
TXN000177,38,2025-03-26,Industrial Resins,56,103583.56,P010
TXN000178,38,2025-03-26,Industrial Resins,69,150989.14,P010
TXN000179,38,2025-03-26,Adhesives,69,24268.25,P010
TXN000180,110,2025-03-26,Construction Chemicals,1,1585.68,P024
TXN000181,110,2025-03-26,Construction Chemicals,48,70264.69,P024
TXN000182,9,2025-03-26,Construction Chemicals,19,28513.18,P020
TXN000183,115,2025-03-27,Sealants,33,20844.55,P004
TXN000184,101,2025-03-27,Construction Chemicals,32,44747.82,P018
TXN000185,9,2025-03-27,Sealants,12,7048.96,P020
TXN000186,76,2025-03-27,Construction Chemicals,31,41548.16,P026
TXN000187,47,2025-03-27,Sealants,34,18947.85,P018
TXN000188,1,2025-03-27,Adhesives,9,2811.87,P004
TXN000189,115,2025-03-28,Adhesives,83,25735.8,P004
TXN000190,12,2025-03-28,Sealants,60,35349.84,P024
TXN000191,101,2025-03-28,Construction Chemicals,28,39203.42,P018
TXN000192,101,2025-03-28,Construction Chemicals,38,56555.44,P018
TXN000193,23,2025-03-28,Sealants,55,33722.44,P017
TXN000194,23,2025-03-28,Sealants,30,17311.34,P017
TXN000195,13,2025-03-28,Adhesives,70,22457.07,P010
TXN000196,3,2025-03-28,Sealants,56,37936.55,P017
TXN000197,80,2025-03-28,Industrial Resins,31,66031.38,P010
TXN000198,115,2025-03-29,Adhesives,96,29967.47,P004
TXN000199,10,2025-03-29,Industrial Resins,37,80156.91,P014
TXN000200,5,2025-03-29,Construction Chemicals,27,35859.21,P023
TXN000201,3,2025-03-29,Construction Chemicals,59,89789.3,P017
TXN000202,38,2025-03-29,Adhesives,74,24282.38,P010
TXN000203,78,2025-03-29,Adhesives,25,8962.22,P010
TXN000204,93,2025-03-29,Industrial Resins,34,65837.76,P012
TXN000205,115,2025-03-30,Art & Craft,10,2011.78,P004
TXN000206,10,2025-03-30,Industrial Resins,39,88164.17,P014
TXN000207,5,2025-03-30,Sealants,75,42112.43,P023
TXN000208,23,2025-03-30,Construction Chemicals,1,1383.9,P017
TXN000209,38,2025-03-30,Adhesives,53,19803.71,P010
TXN000210,110,2025-03-30,Construction Chemicals,85,122508.02,P024
TXN000211,120,2025-03-30,Adhesives,28,10236.27,P014
TXN000212,70,2025-03-30,Sealants,1,683.71,P017
TXN000213,115,2025-03-31,Sealants,14,8371.96,P004
TXN000214,10,2025-03-31,Industrial Resins,82,159057.74,P014
TXN000215,13,2025-03-31,Industrial Resins,46,85133.47,P010
TXN000216,38,2025-03-31,Industrial Resins,29,60115.52,P010
TXN000217,75,2025-03-31,Sealants,38,21844.48,P020
TXN000218,98,2025-03-31,Industrial Resins,38,78921.96,P010
TXN000219,103,2025-04-01,Industrial Resins,34,63390.37,P010
TXN000220,12,2025-04-01,Construction Chemicals,49,74771.91,P024
TXN000221,101,2025-04-01,Sealants,26,15703.98,P018
TXN000222,5,2025-04-01,Sealants,62,39705.2,P023
TXN000223,23,2025-04-01,Construction Chemicals,42,58948.84,P017
TXN000224,13,2025-04-01,Industrial Resins,112,246185.81,P010
TXN000225,110,2025-04-01,Construction Chemicals,25,35661.29,P024
TXN000226,110,2025-04-01,Construction Chemicals,65,89191.55,P024
TXN000227,2,2025-04-01,Sealants,34,23567.67,P018
TXN000228,14,2025-04-01,Art & Craft,19,3128.18,P005
TXN000229,115,2025-04-02,Sealants,86,51170.42,P004
TXN000230,3,2025-04-02,Construction Chemicals,58,80056.28,P017
TXN000231,84,2025-04-02,Sealants,20,11604.83,P018
TXN000232,104,2025-04-02,Industrial Resins,17,35774.05,P014
TXN000233,27,2025-04-02,Sealants,10,6170.19,P006
TXN000234,97,2025-04-02,Sealants,15,9041.04,P016
TXN000235,5,2025-04-03,Construction Chemicals,112,169468.59,P023
TXN000236,23,2025-04-03,Sealants,131,90524.15,P017
TXN000237,3,2025-04-03,Construction Chemicals,36,51802.66,P017
TXN000238,26,2025-04-03,Construction Chemicals,17,23263.55,P022
TXN000239,53,2025-04-03,Sealants,18,12435.17,P023
TXN000240,115,2025-04-04,Art & Craft,82,15870.77,P004
TXN000241,101,2025-04-04,Construction Chemicals,61,88797.3,P018
TXN000242,3,2025-04-04,Construction Chemicals,32,42993.1,P017
TXN000243,3,2025-04-04,Sealants,33,20056.57,P017
TXN000244,9,2025-04-04,Construction Chemicals,41,57155.29,P020
TXN000245,104,2025-04-04,Adhesives,19,6193.34,P014
TXN000246,83,2025-04-04,Industrial Resins,27,55929.81,P011
TXN000247,32,2025-04-04,Construction Chemicals,30,43489.61,P016
TXN000248,92,2025-04-04,Construction Chemicals,22,28889.66,P026
TXN000249,94,2025-04-04,Adhesives,18,7000.7,P004
TXN000250,10,2025-04-05,Adhesives,57,19287.34,P014
TXN000251,60,2025-04-05,Adhesives,29,9277.78,P004
TXN000252,80,2025-04-05,Industrial Resins,10,22408.68,P010
TXN000253,96,2025-04-05,Industrial Resins,13,28048.26,P011
TXN000254,21,2025-04-05,Sealants,15,9470.45,P006
TXN000255,101,2025-04-06,Sealants,100,55032.18,P018
TXN000256,13,2025-04-06,Adhesives,78,25934.59,P010
TXN000257,38,2025-04-06,Industrial Resins,98,203524.78,P010
TXN000258,38,2025-04-06,Adhesives,35,11332.79,P010
TXN000259,110,2025-04-06,Sealants,70,45873.1,P024
TXN000260,37,2025-04-06,Sealants,1,549.54,P026
TXN000261,34,2025-04-06,Construction Chemicals,16,23729.05,P020
TXN000262,901,2025-04-06,Adhesives,37,11902.19,P004
TXN000263,10,2025-04-07,Industrial Resins,3,6418.09,P014
TXN000264,12,2025-04-07,Sealants,23,13871.53,P024
TXN000265,23,2025-04-07,Construction Chemicals,30,46401.76,P017
TXN000266,38,2025-04-07,Industrial Resins,81,150545.3,P010
TXN000267,38,2025-04-07,Adhesives,1,384.41,P010
TXN000268,60,2025-04-07,Art & Craft,39,6814.42,P004
TXN000269,10,2025-04-08,Adhesives,47,16975.64,P014
TXN000270,12,2025-04-08,Construction Chemicals,80,104324.45,P024
TXN000271,5,2025-04-08,Construction Chemicals,52,79300.08,P023
TXN000272,3,2025-04-08,Sealants,35,23408.39,P017
TXN000273,99,2025-04-08,Adhesives,30,11329.53,P012
TXN000274,90,2025-04-08,Construction Chemicals,15,20209.4,P020
TXN000275,42,2025-04-08,Industrial Resins,28,62550.51,P012
TXN000276,10,2025-04-09,Industrial Resins,33,75564.51,P014
TXN000277,39,2025-04-09,Industrial Resins,21,39184.24,P011
TXN000278,3,2025-04-09,Construction Chemicals,59,82819.57,P017
TXN000279,78,2025-04-09,Industrial Resins,16,32696.84,P010
TXN000280,29,2025-04-09,Sealants,29,17715.7,P026
TXN000281,115,2025-04-10,Sealants,31,21056.37,P004
TXN000282,39,2025-04-10,Industrial Resins,54,124743.82,P011
TXN000283,71,2025-04-10,Sealants,16,9013.04,P024
TXN000284,102,2025-04-10,Sealants,14,8628.98,P024
TXN000285,2,2025-04-10,Construction Chemicals,26,35004.38,P018
TXN000286,14,2025-04-10,Adhesives,1,312.53,P005
TXN000287,87,2025-04-10,Adhesives,10,3810.66,P012
TXN000288,103,2025-04-11,Adhesives,18,6988.96,P010
TXN000289,39,2025-04-11,Industrial Resins,25,52882.15,P011
TXN000290,101,2025-04-11,Construction Chemicals,43,58564.56,P018
TXN000291,101,2025-04-11,Construction Chemicals,46,71807.07,P018
TXN000292,5,2025-04-11,Sealants,79,50686.8,P023
TXN000293,13,2025-04-11,Industrial Resins,74,160551.9,P010
TXN000294,110,2025-04-11,Construction Chemicals,35,49725.32,P024
TXN000295,110,2025-04-11,Sealants,72,41987.1,P024
TXN000296,71,2025-04-11,Construction Chemicals,22,30381.71,P024
TXN000297,76,2025-04-11,Sealants,30,18813.91,P026
TXN000298,100,2025-04-11,Sealants,38,20820.63,P004
TXN000299,103,2025-04-12,Industrial Resins,95,206625.4,P010
TXN000300,39,2025-04-12,Industrial Resins,27,54812.19,P011
TXN000301,5,2025-04-12,Sealants,68,39016.22,P023
TXN000302,3,2025-04-12,Sealants,91,59678.81,P017
TXN000303,106,2025-04-12,Sealants,12,7020.62,P016
TXN000304,10,2025-04-13,Industrial Resins,8,16075.69,P014
TXN000305,12,2025-04-13,Construction Chemicals,60,90383.04,P024
TXN000306,13,2025-04-13,Adhesives,69,21766.37,P010
TXN000307,3,2025-04-13,Sealants,85,50855.23,P017
TXN000308,77,2025-04-13,Sealants,11,7208.42,P020
TXN000309,115,2025-04-14,Adhesives,63,20306.93,P004
TXN000310,12,2025-04-14,Construction Chemicals,67,92270.7,P024
TXN000311,39,2025-04-14,Adhesives,68,24164.92,P011
TXN000312,5,2025-04-14,Construction Chemicals,52,68444.07,P023
TXN000313,23,2025-04-14,Construction Chemicals,27,42918.94,P017
TXN000314,23,2025-04-14,Sealants,22,12620.99,P017
TXN000315,13,2025-04-14,Industrial Resins,90,175046.66,P010
TXN000316,3,2025-04-14,Sealants,72,47658.86,P017
TXN000317,110,2025-04-14,Construction Chemicals,68,102950.31,P024
TXN000318,60,2025-04-14,Sealants,4,2214.45,P004
TXN000319,95,2025-04-14,Sealants,12,7301.1,P008
TXN000320,117,2025-04-14,Sealants,12,7811.93,P024
TXN000321,115,2025-04-15,Art & Craft,10,1627.53,P004
TXN000322,83,2025-04-15,Adhesives,27,8460.06,P011
TXN000323,14,2025-04-15,Sealants,20,12269.67,P005
TXN000324,68,2025-04-15,Construction Chemicals,4,5395.91,P024
TXN000325,62,2025-04-15,Art & Craft,17,2900.97,P005
TXN000326,103,2025-04-16,Adhesives,33,12493.72,P010
TXN000327,12,2025-04-16,Sealants,1,602.81,P024
TXN000328,101,2025-04-16,Construction Chemicals,13,20740.99,P018
TXN000329,101,2025-04-16,Sealants,6,3495.35,P018
TXN000330,27,2025-04-16,Art & Craft,32,6421.16,P006
TXN000331,10,2025-04-17,Adhesives,78,25116.0,P014
TXN000332,101,2025-04-17,Sealants,59,38839.34,P018
TXN000333,3,2025-04-17,Construction Chemicals,57,75592.72,P017
TXN000334,84,2025-04-17,Construction Chemicals,27,36448.1,P018
TXN000335,56,2025-04-17,Construction Chemicals,34,44497.42,P016
TXN000336,22,2025-04-17,Construction Chemicals,36,52683.52,P026
TXN000337,22,2025-04-17,Sealants,40,23754.12,P026
TXN000338,20,2025-04-17,Adhesives,30,11104.87,P010
TXN000339,103,2025-04-18,Adhesives,32,11116.26,P010
TXN000340,39,2025-04-18,Adhesives,25,8614.72,P011
TXN000341,101,2025-04-18,Construction Chemicals,82,132338.79,P018
TXN000342,23,2025-04-18,Construction Chemicals,80,102994.55,P017
TXN000343,13,2025-04-18,Industrial Resins,49,104730.51,P010
TXN000344,38,2025-04-18,Adhesives,84,28083.21,P010
TXN000345,12,2025-04-19,Sealants,86,51221.61,P024
TXN000346,5,2025-04-19,Construction Chemicals,35,53354.63,P023
TXN000347,23,2025-04-19,Sealants,42,26143.46,P017
TXN000348,3,2025-04-19,Sealants,27,18621.04,P017
TXN000349,110,2025-04-19,Construction Chemicals,69,100505.94,P024
TXN000350,110,2025-04-19,Construction Chemicals,18,24753.65,P024
TXN000351,106,2025-04-19,Construction Chemicals,27,39615.79,P016
TXN000352,56,2025-04-19,Sealants,25,16084.02,P016
TXN000353,53,2025-04-19,Construction Chemicals,33,48936.33,P023
TXN000354,115,2025-04-20,Sealants,78,52596.35,P004
TXN000355,103,2025-04-20,Adhesives,81,25584.94,P010
TXN000356,103,2025-04-20,Adhesives,52,17552.39,P010
TXN000357,39,2025-04-20,Adhesives,1,345.65,P011
TXN000358,5,2025-04-20,Construction Chemicals,11,14270.06,P023
TXN000359,23,2025-04-20,Sealants,56,30871.7,P017
TXN000360,110,2025-04-20,Construction Chemicals,84,122165.25,P024
TXN000361,37,2025-04-20,Construction Chemicals,24,36164.58,P026
TXN000362,112,2025-04-20,Sealants,33,20961.35,P016
TXN000363,10,2025-04-21,Industrial Resins,67,144262.51,P014
TXN000364,12,2025-04-21,Construction Chemicals,92,138190.35,P024
TXN000365,12,2025-04-21,Sealants,14,7900.8,P024
TXN000366,5,2025-04-21,Sealants,46,27114.23,P023
TXN000367,13,2025-04-21,Adhesives,23,8740.35,P010
TXN000368,38,2025-04-21,Adhesives,8,3066.03,P010
TXN000369,82,2025-04-21,Construction Chemicals,41,62340.67,P018
TXN000370,100,2025-04-21,Art & Craft,7,1288.75,P004
TXN000371,12,2025-04-22,Sealants,42,27310.2,P024
TXN000372,101,2025-04-22,Sealants,13,7992.79,P018
TXN000373,5,2025-04-22,Sealants,50,28254.73,P023
TXN000374,3,2025-04-22,Construction Chemicals,43,69094.78,P017
TXN000375,116,2025-04-22,Sealants,21,14390.0,P004
TXN000376,120,2025-04-22,Adhesives,13,4102.06,P014
TXN000377,67,2025-04-22,Sealants,26,17136.71,P017
TXN000378,75,2025-04-23,Construction Chemicals,30,42707.09,P020
TXN000379,10,2025-04-24,Adhesives,54,21063.28,P014
TXN000380,39,2025-04-24,Industrial Resins,48,101651.98,P011
TXN000381,39,2025-04-24,Adhesives,82,30442.68,P011
TXN000382,5,2025-04-24,Construction Chemicals,35,46671.18,P023
TXN000383,23,2025-04-24,Sealants,49,30404.37,P017
TXN000384,23,2025-04-24,Sealants,63,35974.78,P017
TXN000385,3,2025-04-24,Construction Chemicals,66,97016.47,P017
TXN000386,3,2025-04-24,Sealants,86,48040.92,P017
TXN000387,38,2025-04-24,Industrial Resins,87,175454.58,P010
TXN000388,110,2025-04-24,Sealants,91,54009.93,P024
TXN000389,110,2025-04-24,Sealants,75,49020.72,P024
TXN000390,115,2025-04-25,Sealants,42,27697.39,P004
TXN000391,115,2025-04-25,Sealants,84,53940.18,P004
TXN000392,12,2025-04-25,Sealants,41,23494.12,P024
TXN000393,38,2025-04-25,Adhesives,69,25392.91,P010
TXN000394,26,2025-04-25,Sealants,42,24516.09,P022
TXN000395,56,2025-04-25,Construction Chemicals,12,16601.35,P016
TXN000396,93,2025-04-25,Adhesives,41,14765.85,P012
TXN000397,76,2025-04-25,Construction Chemicals,31,43565.65,P026
TXN000398,90,2025-04-25,Sealants,32,17887.82,P020
TXN000399,7,2025-04-25,Sealants,36,24714.18,P008
TXN000400,10,2025-04-26,Industrial Resins,1,2333.38,P014
TXN000401,12,2025-04-26,Construction Chemicals,90,139892.45,P024
TXN000402,101,2025-04-26,Construction Chemicals,48,67491.07,P018
TXN000403,13,2025-04-26,Industrial Resins,107,234229.33,P010
TXN000404,70,2025-04-26,Construction Chemicals,20,25763.25,P017
TXN000405,70,2025-04-26,Sealants,32,21707.68,P017
TXN000406,68,2025-04-26,Sealants,21,13155.59,P024
TXN000407,114,2025-04-26,Construction Chemicals,13,18230.39,P024
TXN000408,73,2025-04-26,Sealants,23,15295.5,P026
TXN000409,115,2025-04-27,Adhesives,84,32052.8,P004
TXN000410,103,2025-04-27,Industrial Resins,48,105075.47,P010
TXN000411,10,2025-04-27,Adhesives,41,15962.45,P014
TXN000412,101,2025-04-27,Sealants,48,32174.11,P018
TXN000413,5,2025-04-27,Construction Chemicals,47,70649.61,P023
TXN000414,23,2025-04-27,Construction Chemicals,79,111449.29,P017
TXN000415,23,2025-04-27,Construction Chemicals,68,100094.87,P017
TXN000416,13,2025-04-27,Adhesives,64,24287.44,P010
TXN000417,80,2025-04-27,Adhesives,50,18318.15,P010
TXN000418,26,2025-04-27,Sealants,14,8546.86,P022
TXN000419,75,2025-04-27,Sealants,21,14043.59,P020
TXN000420,35,2025-04-27,Art & Craft,44,8722.13,P008
TXN000421,86,2025-04-27,Sealants,51,34900.32,P018
TXN000422,89,2025-04-27,Sealants,42,26662.18,P026
TXN000423,115,2025-04-28,Adhesives,64,20711.01,P004
TXN000424,23,2025-04-28,Construction Chemicals,65,97100.07,P017
TXN000425,23,2025-04-28,Sealants,72,40343.67,P017
TXN000426,38,2025-04-28,Industrial Resins,60,117093.15,P010
TXN000427,110,2025-04-28,Sealants,46,28706.09,P024
TXN000428,77,2025-04-28,Construction Chemicals,27,38172.98,P020
TXN000429,120,2025-04-28,Industrial Resins,27,61988.16,P014
TXN000430,108,2025-04-28,Sealants,14,8882.79,P005
TXN000431,34,2025-04-28,Construction Chemicals,30,40203.77,P020
TXN000432,115,2025-04-29,Art & Craft,75,14160.86,P004
TXN000433,103,2025-04-29,Industrial Resins,81,176062.34,P010
TXN000434,12,2025-04-29,Sealants,63,36585.65,P024
TXN000435,39,2025-04-29,Adhesives,34,11561.33,P011
TXN000436,38,2025-04-29,Industrial Resins,76,167514.97,P010
TXN000437,110,2025-04-29,Sealants,79,53122.13,P024
TXN000438,102,2025-04-29,Construction Chemicals,25,37342.39,P024
TXN000439,34,2025-04-29,Sealants,23,13568.55,P020
TXN000440,28,2025-04-29,Sealants,19,10368.82,P017
TXN000441,61,2025-04-29,Sealants,38,24883.35,P017
TXN000442,64,2025-04-29,Construction Chemicals,49,69504.51,P020
TXN000443,103,2025-04-30,Industrial Resins,46,98681.94,P010
TXN000444,12,2025-04-30,Construction Chemicals,63,88636.12,P024
TXN000445,101,2025-04-30,Construction Chemicals,92,133157.04,P018
TXN000446,5,2025-04-30,Sealants,47,30669.78,P023
TXN000447,13,2025-04-30,Adhesives,38,12025.66,P010
TXN000448,9,2025-04-30,Sealants,18,11897.63,P020
TXN000449,78,2025-04-30,Adhesives,18,6581.65,P010
TXN000450,26,2025-04-30,Construction Chemicals,49,75710.87,P022
TXN000451,95,2025-04-30,Adhesives,33,12195.35,P008
TXN000452,74,2025-04-30,Construction Chemicals,25,37488.4,P024
TXN000453,23,2025-05-01,Sealants,57,37752.64,P017
TXN000454,3,2025-05-01,Construction Chemicals,55,71166.94,P017
TXN000455,3,2025-05-01,Sealants,43,27667.9,P017
TXN000456,104,2025-05-01,Adhesives,3,1133.54,P014
TXN000457,70,2025-05-01,Sealants,33,19779.93,P017
TXN000458,53,2025-05-01,Construction Chemicals,21,29148.75,P023
TXN000459,34,2025-05-01,Sealants,24,13954.22,P020
TXN000460,14,2025-05-01,Sealants,13,7339.92,P005
TXN000461,67,2025-05-01,Sealants,27,14882.02,P017
TXN000462,109,2025-05-01,Art & Craft,13,2202.49,P005
TXN000463,24,2025-05-01,Construction Chemicals,27,35241.56,P026
TXN000464,115,2025-05-02,Art & Craft,50,8099.47,P004
TXN000465,12,2025-05-02,Sealants,61,41044.87,P024
TXN000466,12,2025-05-02,Sealants,22,12842.21,P024
TXN000467,39,2025-05-02,Industrial Resins,40,88217.39,P011
TXN000468,38,2025-05-02,Adhesives,71,23873.14,P010
TXN000469,70,2025-05-02,Construction Chemicals,22,30564.75,P017
TXN000470,22,2025-05-02,Construction Chemicals,35,55903.26,P026
TXN000471,115,2025-05-03,Sealants,125,80349.62,P004
TXN000472,12,2025-05-03,Sealants,4,2397.49,P024
TXN000473,23,2025-05-03,Sealants,30,17352.05,P017
TXN000474,110,2025-05-03,Construction Chemicals,81,116797.73,P024
TXN000475,110,2025-05-03,Sealants,89,54014.58,P024
TXN000476,99,2025-05-03,Adhesives,32,11305.3,P012
TXN000477,8,2025-05-03,Construction Chemicals,1,1406.02,P026
TXN000478,98,2025-05-03,Adhesives,24,7838.85,P010
TXN000479,20,2025-05-03,Industrial Resins,7,15146.22,P010
TXN000480,103,2025-05-04,Industrial Resins,35,73713.41,P010
TXN000481,103,2025-05-04,Industrial Resins,70,148107.1,P010
TXN000482,39,2025-05-04,Adhesives,91,34072.15,P011
TXN000483,38,2025-05-04,Adhesives,47,16894.68,P010
TXN000484,110,2025-05-04,Sealants,15,9490.83,P024
TXN000485,9,2025-05-04,Construction Chemicals,30,39564.06,P020
TXN000486,60,2025-05-04,Art & Craft,22,3620.78,P004
TXN000487,115,2025-05-05,Sealants,24,15649.92,P004
TXN000488,103,2025-05-05,Adhesives,40,14121.22,P010
TXN000489,101,2025-05-05,Construction Chemicals,69,102724.59,P018
TXN000490,101,2025-05-05,Construction Chemicals,50,76810.76,P018
TXN000491,71,2025-05-05,Construction Chemicals,37,50349.46,P024
TXN000492,10,2025-05-06,Adhesives,63,22518.4,P014
TXN000493,101,2025-05-06,Construction Chemicals,71,110143.11,P018
TXN000494,101,2025-05-06,Sealants,82,47160.6,P018
TXN000495,5,2025-05-06,Construction Chemicals,60,81807.72,P023
TXN000496,3,2025-05-06,Construction Chemicals,32,46926.63,P017
TXN000497,70,2025-05-06,Construction Chemicals,30,46878.22,P017
TXN000498,2,2025-05-06,Sealants,8,4436.16,P018
TXN000499,26,2025-05-06,Construction Chemicals,16,21454.67,P022
TXN000500,52,2025-05-06,Adhesives,27,9260.38,P011
TXN000501,10,2025-05-07,Adhesives,2,668.92,P014
TXN000502,12,2025-05-07,Sealants,48,29809.1,P024
TXN000503,110,2025-05-07,Construction Chemicals,68,102844.64,P024
TXN000504,26,2025-05-07,Sealants,9,5839.37,P022
TXN000505,51,2025-05-07,Construction Chemicals,16,22471.62,P018
TXN000506,115,2025-05-08,Sealants,20,11585.32,P004
TXN000507,12,2025-05-08,Construction Chemicals,54,71520.85,P024
TXN000508,101,2025-05-08,Sealants,67,39583.52,P018
TXN000509,23,2025-05-08,Construction Chemicals,9,11624.91,P017
TXN000510,13,2025-05-08,Industrial Resins,59,124349.11,P010
TXN000511,13,2025-05-08,Adhesives,50,18618.89,P010
TXN000512,80,2025-05-08,Adhesives,28,9071.46,P010
TXN000513,93,2025-05-08,Industrial Resins,31,59118.96,P012
TXN000514,90,2025-05-08,Construction Chemicals,18,29008.98,P020
TXN000515,119,2025-05-08,Sealants,25,17233.93,P023
TXN000516,115,2025-05-09,Art & Craft,8,1503.65,P004
TXN000517,13,2025-05-09,Industrial Resins,38,87669.18,P010
TXN000518,110,2025-05-09,Sealants,93,54746.51,P024
TXN000519,11,2025-05-09,Sealants,21,11800.45,P026
TXN000520,12,2025-05-10,Construction Chemicals,57,83986.47,P024
TXN000521,39,2025-05-10,Adhesives,37,12119.33,P011
TXN000522,5,2025-05-10,Construction Chemicals,7,11112.25,P023
TXN000523,13,2025-05-10,Adhesives,69,21284.63,P010
TXN000524,37,2025-05-10,Construction Chemicals,32,42965.16,P026
TXN000525,83,2025-05-10,Industrial Resins,21,46173.61,P011
TXN000526,99,2025-05-10,Industrial Resins,26,57160.91,P012
TXN000527,6,2025-05-10,Construction Chemicals,10,14023.61,P016
TXN000528,35,2025-05-10,Sealants,32,19515.88,P008
TXN000529,65,2025-05-10,Construction Chemicals,33,49740.71,P024
TXN000530,66,2025-05-10,Industrial Resins,16,37195.17,P012
TXN000531,12,2025-05-11,Sealants,61,36317.55,P024
TXN000532,39,2025-05-11,Adhesives,85,26862.7,P011
TXN000533,13,2025-05-11,Industrial Resins,50,102216.95,P010
TXN000534,3,2025-05-11,Construction Chemicals,94,145761.59,P017
TXN000535,29,2025-05-11,Construction Chemicals,33,52848.09,P026
TXN000536,29,2025-05-11,Sealants,26,16505.96,P026
TXN000537,94,2025-05-11,Sealants,32,19471.9,P004
TXN000538,89,2025-05-11,Sealants,12,7152.09,P026
TXN000539,100,2025-05-11,Adhesives,27,8547.12,P004
TXN000540,103,2025-05-12,Industrial Resins,24,46179.4,P010
TXN000541,101,2025-05-12,Sealants,72,47782.27,P018
TXN000542,13,2025-05-12,Industrial Resins,49,110908.29,P010
TXN000543,13,2025-05-12,Industrial Resins,14,28562.34,P010
TXN000544,38,2025-05-12,Adhesives,59,22076.68,P010
TXN000545,110,2025-05-12,Construction Chemicals,46,69838.92,P024
TXN000546,9,2025-05-12,Sealants,35,21864.17,P020
TXN000547,56,2025-05-12,Construction Chemicals,1,1302.24,P016
TXN000548,31,2025-05-12,Sealants,12,7752.67,P006
TXN000549,64,2025-05-12,Sealants,1,661.9,P020
TXN000550,42,2025-05-12,Industrial Resins,29,57957.41,P012
TXN000551,115,2025-05-13,Adhesives,59,18879.41,P004
TXN000552,12,2025-05-13,Construction Chemicals,24,34076.82,P024
TXN000553,12,2025-05-13,Construction Chemicals,9,13816.67,P024
TXN000554,101,2025-05-13,Sealants,40,22069.17,P018
TXN000555,3,2025-05-13,Construction Chemicals,29,40164.77,P017
TXN000556,78,2025-05-13,Adhesives,30,10158.74,P010
TXN000557,103,2025-05-14,Adhesives,51,16790.8,P010
TXN000558,10,2025-05-14,Industrial Resins,40,92496.13,P014
TXN000559,101,2025-05-14,Construction Chemicals,42,63633.97,P018
TXN000560,26,2025-05-14,Construction Chemicals,23,29441.64,P022
TXN000561,82,2025-05-14,Construction Chemicals,36,49327.57,P018
TXN000562,101,2025-05-15,Construction Chemicals,39,52514.2,P018
TXN000563,23,2025-05-15,Construction Chemicals,54,77460.58,P017
TXN000564,10,2025-05-16,Industrial Resins,69,146637.36,P014
TXN000565,12,2025-05-16,Construction Chemicals,35,45796.36,P024
TXN000566,3,2025-05-16,Construction Chemicals,79,106064.1,P017
TXN000567,37,2025-05-16,Construction Chemicals,18,25652.98,P026
TXN000568,43,2025-05-16,Sealants,29,19343.34,P022
TXN000569,117,2025-05-16,Construction Chemicals,42,53847.6,P024
TXN000570,13,2025-05-17,Adhesives,80,30311.27,P010
TXN000571,110,2025-05-17,Sealants,83,49960.22,P024
TXN000572,2,2025-05-17,Construction Chemicals,24,31687.95,P018
TXN000573,53,2025-05-17,Sealants,43,29733.8,P023
TXN000574,68,2025-05-17,Construction Chemicals,9,11794.79,P024
TXN000575,36,2025-05-17,Construction Chemicals,31,48953.91,P023
TXN000576,3,2025-05-18,Construction Chemicals,83,107365.61,P017
TXN000577,110,2025-05-18,Construction Chemicals,72,93021.8,P024
TXN000578,60,2025-05-18,Sealants,17,11755.85,P004
TXN000579,12,2025-05-19,Construction Chemicals,42,61316.97,P024
TXN000580,12,2025-05-19,Construction Chemicals,72,116735.39,P024
TXN000581,101,2025-05-19,Sealants,41,23603.3,P018
TXN000582,23,2025-05-19,Construction Chemicals,54,84635.24,P017
TXN000583,38,2025-05-19,Industrial Resins,62,119480.03,P010
TXN000584,110,2025-05-19,Sealants,61,35819.16,P024
TXN000585,77,2025-05-19,Sealants,24,15391.14,P020
TXN000586,76,2025-05-19,Sealants,45,26167.57,P026
TXN000587,118,2025-05-19,Adhesives,35,12530.74,P010
TXN000588,115,2025-05-20,Sealants,69,43429.56,P004
TXN000589,103,2025-05-20,Industrial Resins,9,20490.47,P010
TXN000590,12,2025-05-20,Sealants,57,36992.45,P024
TXN000591,39,2025-05-20,Industrial Resins,76,175898.08,P011
TXN000592,5,2025-05-20,Sealants,75,49243.55,P023
TXN000593,23,2025-05-20,Construction Chemicals,31,40537.19,P017
TXN000594,23,2025-05-20,Construction Chemicals,15,22262.45,P017
TXN000595,23,2025-05-20,Construction Chemicals,53,78810.18,P017
TXN000596,23,2025-05-20,Sealants,9,4939.46,P017
TXN000597,13,2025-05-20,Adhesives,53,18102.95,P010
TXN000598,3,2025-05-20,Sealants,67,36606.46,P017
TXN000599,38,2025-05-20,Adhesives,31,10439.01,P010
TXN000600,110,2025-05-20,Sealants,36,24799.76,P024
TXN000601,56,2025-05-20,Sealants,32,18396.92,P016
TXN000602,90,2025-05-20,Sealants,43,25216.53,P020
TXN000603,39,2025-05-21,Industrial Resins,40,92209.33,P011
TXN000604,5,2025-05-21,Construction Chemicals,14,19346.59,P023
TXN000605,3,2025-05-21,Sealants,70,45689.5,P017
TXN000606,38,2025-05-21,Industrial Resins,75,161147.21,P010
TXN000607,84,2025-05-21,Construction Chemicals,35,52656.45,P018
TXN000608,76,2025-05-21,Construction Chemicals,15,20558.89,P026
TXN000609,85,2025-05-21,Sealants,44,28060.08,P005
TXN000610,42,2025-05-21,Adhesives,24,9211.53,P012
TXN000611,115,2025-05-22,Adhesives,56,19570.23,P004
TXN000612,10,2025-05-22,Industrial Resins,13,25605.31,P014
TXN000613,101,2025-05-22,Construction Chemicals,39,54013.22,P018
TXN000614,23,2025-05-22,Sealants,25,16017.45,P017
TXN000615,23,2025-05-22,Sealants,43,25748.84,P017
TXN000616,3,2025-05-22,Construction Chemicals,38,58724.67,P017
TXN000617,77,2025-05-22,Construction Chemicals,15,21973.42,P020
TXN000618,104,2025-05-22,Industrial Resins,28,53555.46,P014
TXN000619,108,2025-05-22,Sealants,21,11562.98,P005
TXN000620,93,2025-05-22,Adhesives,32,11681.26,P012
TXN000621,25,2025-05-22,Adhesives,47,15872.85,P005
TXN000622,103,2025-05-23,Adhesives,44,13965.61,P010
TXN000623,5,2025-05-23,Sealants,40,27150.2,P023
TXN000624,23,2025-05-23,Sealants,19,12742.46,P017
TXN000625,110,2025-05-23,Construction Chemicals,21,30071.6,P024
TXN000626,106,2025-05-23,Sealants,24,13912.52,P016
TXN000627,37,2025-05-23,Sealants,19,11623.35,P026
TXN000628,5,2025-05-24,Construction Chemicals,18,25594.84,P023
TXN000629,13,2025-05-24,Adhesives,1,347.73,P010
TXN000630,38,2025-05-24,Industrial Resins,19,36267.31,P010
TXN000631,110,2025-05-24,Sealants,40,24649.19,P024
TXN000632,75,2025-05-24,Construction Chemicals,9,13827.81,P020
TXN000633,103,2025-05-25,Adhesives,46,16811.19,P010
TXN000634,10,2025-05-25,Industrial Resins,78,149111.96,P014
TXN000635,10,2025-05-25,Adhesives,60,22190.08,P014
TXN000636,39,2025-05-25,Adhesives,58,20640.53,P011
TXN000637,5,2025-05-25,Construction Chemicals,33,49418.4,P023
TXN000638,102,2025-05-25,Construction Chemicals,21,32748.56,P024
TXN000639,95,2025-05-25,Adhesives,8,2949.71,P008
TXN000640,39,2025-05-26,Industrial Resins,17,32942.98,P011
TXN000641,101,2025-05-26,Construction Chemicals,24,38534.14,P018
TXN000642,5,2025-05-26,Construction Chemicals,72,110774.65,P023
TXN000643,3,2025-05-26,Sealants,70,43287.21,P017
TXN000644,38,2025-05-26,Adhesives,111,36287.15,P010
TXN000645,84,2025-05-26,Sealants,23,14843.09,P018
TXN000646,27,2025-05-26,Sealants,43,24041.03,P006
TXN000647,115,2025-05-27,Art & Craft,64,10738.71,P004
TXN000648,103,2025-05-27,Adhesives,52,18750.0,P010
TXN000649,39,2025-05-27,Industrial Resins,17,39636.22,P011
TXN000650,39,2025-05-27,Adhesives,1,355.84,P011
TXN000651,101,2025-05-27,Sealants,80,45527.22,P018
TXN000652,5,2025-05-27,Sealants,22,14124.57,P023
TXN000653,23,2025-05-27,Sealants,20,11089.23,P017
TXN000654,38,2025-05-27,Industrial Resins,49,103634.23,P010
TXN000655,34,2025-05-27,Construction Chemicals,17,21760.6,P020
TXN000656,7,2025-05-27,Art & Craft,20,3352.31,P008
TXN000657,100,2025-05-27,Art & Craft,31,6037.5,P004
TXN000658,44,2025-05-27,Adhesives,25,9629.32,P005
TXN000659,10,2025-05-28,Industrial Resins,30,69671.96,P014
TXN000660,39,2025-05-28,Adhesives,29,9185.96,P011
TXN000661,101,2025-05-28,Sealants,61,37984.13,P018
TXN000662,5,2025-05-28,Sealants,15,10267.15,P023
TXN000663,110,2025-05-28,Construction Chemicals,57,84613.12,P024
TXN000664,116,2025-05-28,Sealants,6,3348.83,P004
TXN000665,106,2025-05-28,Construction Chemicals,34,47724.27,P016
TXN000666,59,2025-05-28,Adhesives,23,8565.49,P010
TXN000667,35,2025-05-28,Adhesives,26,9977.95,P008
TXN000668,103,2025-05-29,Industrial Resins,35,79365.88,P010
TXN000669,5,2025-05-29,Sealants,36,21464.25,P023
TXN000670,23,2025-05-29,Construction Chemicals,36,56787.89,P017
TXN000671,3,2025-05-29,Sealants,42,29001.14,P017
TXN000672,102,2025-05-29,Sealants,27,14927.69,P024
TXN000673,78,2025-05-29,Industrial Resins,22,49155.35,P010
TXN000674,75,2025-05-29,Sealants,26,15150.76,P020
TXN000675,34,2025-05-29,Construction Chemicals,6,8272.03,P020
TXN000676,112,2025-05-29,Sealants,8,5086.83,P016
TXN000677,115,2025-05-30,Adhesives,64,22022.77,P004
TXN000678,10,2025-05-30,Adhesives,30,9583.39,P014
TXN000679,10,2025-05-30,Adhesives,28,8778.79,P014
TXN000680,3,2025-05-30,Sealants,71,46884.53,P017
TXN000681,38,2025-05-30,Industrial Resins,64,127232.74,P010
TXN000682,110,2025-05-30,Construction Chemicals,57,85438.22,P024
TXN000683,74,2025-05-30,Sealants,33,21864.26,P024
TXN000684,115,2025-05-31,Art & Craft,71,13319.48,P004
TXN000685,5,2025-05-31,Construction Chemicals,38,54474.27,P023
TXN000686,5,2025-05-31,Sealants,70,44709.57,P023
TXN000687,23,2025-05-31,Construction Chemicals,44,68845.18,P017
TXN000688,71,2025-05-31,Sealants,19,11874.48,P024
TXN000689,106,2025-05-31,Construction Chemicals,45,67703.94,P016
TXN000690,120,2025-05-31,Adhesives,9,3221.55,P014
TXN000691,95,2025-05-31,Art & Craft,41,7713.88,P008
TXN000692,68,2025-05-31,Sealants,30,19950.5,P024
TXN000693,27,2025-05-31,Adhesives,36,11144.5,P006
TXN000694,115,2025-06-01,Adhesives,36,12322.53,P004
TXN000695,103,2025-06-01,Adhesives,87,27361.41,P010
TXN000696,5,2025-06-01,Sealants,54,34378.22,P023
TXN000697,23,2025-06-01,Construction Chemicals,49,64127.8,P017
TXN000698,23,2025-06-01,Construction Chemicals,65,95947.97,P017
TXN000699,110,2025-06-01,Sealants,65,40985.53,P024
TXN000700,77,2025-06-01,Construction Chemicals,30,44229.23,P020
TXN000701,78,2025-06-01,Adhesives,9,3474.36,P010
TXN000702,14,2025-06-01,Sealants,13,8606.14,P005
TXN000703,57,2025-06-01,Adhesives,50,19423.06,P012
TXN000704,46,2025-06-01,Industrial Resins,10,20259.59,P010
TXN000705,39,2025-06-02,Industrial Resins,31,61055.22,P011
TXN000706,39,2025-06-02,Adhesives,61,23713.42,P011
TXN000707,101,2025-06-02,Sealants,33,20205.62,P018
TXN000708,5,2025-06-02,Sealants,83,50558.51,P023
TXN000709,38,2025-06-02,Industrial Resins,86,200972.06,P010
TXN000710,110,2025-06-02,Construction Chemicals,56,79840.25,P024
TXN000711,53,2025-06-02,Sealants,24,15929.87,P023
TXN000712,72,2025-06-02,Adhesives,20,6382.1,P010
TXN000713,31,2025-06-02,Art & Craft,24,4339.33,P006
TXN000714,10,2025-06-03,Adhesives,129,41550.89,P014
TXN000715,5,2025-06-03,Construction Chemicals,56,78553.76,P023
TXN000716,23,2025-06-03,Construction Chemicals,25,34595.69,P017
TXN000717,56,2025-06-03,Construction Chemicals,22,32737.18,P016
TXN000718,93,2025-06-03,Adhesives,35,10998.46,P012
TXN000719,97,2025-06-03,Construction Chemicals,24,33145.75,P016
TXN000720,3,2025-06-04,Construction Chemicals,21,32595.25,P017
TXN000721,38,2025-06-04,Industrial Resins,80,170169.53,P010
TXN000722,38,2025-06-04,Adhesives,40,15497.49,P010
TXN000723,9,2025-06-04,Construction Chemicals,6,7749.17,P020
TXN000724,80,2025-06-04,Adhesives,19,6018.29,P010
TXN000725,99,2025-06-04,Industrial Resins,22,42870.38,P012
TXN000726,70,2025-06-04,Construction Chemicals,25,36347.89,P017
TXN000727,91,2025-06-04,Adhesives,16,6161.58,P008
TXN000728,62,2025-06-04,Sealants,7,4395.08,P005
TXN000729,100,2025-06-04,Sealants,18,12214.1,P004
TXN000730,115,2025-06-05,Adhesives,25,8820.21,P004
TXN000731,39,2025-06-05,Adhesives,81,29632.07,P011
TXN000732,5,2025-06-05,Construction Chemicals,67,86661.42,P023
TXN000733,13,2025-06-05,Industrial Resins,12,25447.16,P010
TXN000734,34,2025-06-05,Construction Chemicals,33,47106.38,P020
TXN000735,90,2025-06-05,Sealants,38,24264.11,P020
TXN000736,29,2025-06-05,Sealants,18,10963.44,P026
TXN000737,73,2025-06-05,Sealants,33,19836.64,P026
TXN000738,103,2025-06-06,Adhesives,49,18899.99,P010
TXN000739,10,2025-06-06,Industrial Resins,27,50501.96,P014
TXN000740,12,2025-06-06,Construction Chemicals,78,116528.34,P024
TXN000741,13,2025-06-06,Adhesives,67,26145.49,P010
TXN000742,3,2025-06-06,Construction Chemicals,33,50838.24,P017
TXN000743,110,2025-06-06,Construction Chemicals,82,129564.9,P024
TXN000744,110,2025-06-06,Construction Chemicals,82,116838.46,P024
TXN000745,71,2025-06-06,Construction Chemicals,22,29398.39,P024
TXN000746,71,2025-06-06,Sealants,36,21064.53,P024
TXN000747,75,2025-06-06,Construction Chemicals,8,10565.52,P020
TXN000748,27,2025-06-06,Sealants,19,11906.63,P006
TXN000749,15,2025-06-06,Adhesives,36,11866.75,P004
TXN000750,115,2025-06-07,Art & Craft,45,7525.15,P004
TXN000751,39,2025-06-07,Industrial Resins,25,51223.96,P011
TXN000752,101,2025-06-07,Sealants,31,17440.98,P018
TXN000753,5,2025-06-07,Construction Chemicals,29,40892.18,P023
TXN000754,23,2025-06-07,Construction Chemicals,104,151449.08,P017
TXN000755,38,2025-06-07,Adhesives,60,22478.73,P010
TXN000756,95,2025-06-07,Adhesives,25,9284.15,P008
TXN000757,69,2025-06-07,Industrial Resins,22,51642.86,P011
TXN000758,115,2025-06-08,Sealants,53,31826.85,P004
TXN000759,10,2025-06-08,Industrial Resins,44,88795.32,P014
TXN000760,10,2025-06-08,Adhesives,58,21658.7,P014
TXN000761,39,2025-06-08,Industrial Resins,79,153293.73,P011
TXN000762,101,2025-06-08,Construction Chemicals,87,137386.37,P018
TXN000763,13,2025-06-08,Adhesives,36,13599.9,P010
TXN000764,3,2025-06-08,Construction Chemicals,29,44648.5,P017
TXN000765,3,2025-06-08,Construction Chemicals,40,57974.34,P017
TXN000766,3,2025-06-08,Sealants,86,51110.18,P017
TXN000767,38,2025-06-08,Adhesives,62,23371.69,P010
TXN000768,110,2025-06-08,Sealants,29,20099.62,P024
TXN000769,9,2025-06-08,Sealants,29,19694.32,P020
TXN000770,70,2025-06-08,Sealants,42,26916.35,P017
TXN000771,103,2025-06-09,Adhesives,35,11519.1,P010
TXN000772,10,2025-06-09,Adhesives,75,26122.54,P014
TXN000773,12,2025-06-09,Sealants,64,39941.59,P024
TXN000774,102,2025-06-09,Construction Chemicals,16,22850.17,P024
TXN000775,53,2025-06-09,Construction Chemicals,29,46780.06,P023
TXN000776,69,2025-06-09,Adhesives,39,13129.91,P011
TXN000777,24,2025-06-09,Sealants,37,24075.93,P026
TXN000778,10,2025-06-10,Industrial Resins,127,249642.53,P014
TXN000779,10,2025-06-10,Industrial Resins,55,115917.4,P014
TXN000780,12,2025-06-10,Construction Chemicals,57,76233.96,P024
TXN000781,101,2025-06-10,Construction Chemicals,93,121517.77,P018
TXN000782,101,2025-06-10,Construction Chemicals,87,116389.8,P018
TXN000783,38,2025-06-10,Industrial Resins,51,103340.8,P010
TXN000784,34,2025-06-10,Sealants,26,14377.48,P020
TXN000785,6,2025-06-10,Sealants,11,7265.19,P016
TXN000786,74,2025-06-10,Sealants,9,6014.06,P024
TXN000787,10,2025-06-11,Adhesives,82,29837.66,P014
TXN000788,12,2025-06-11,Construction Chemicals,50,75877.13,P024
TXN000789,12,2025-06-11,Sealants,49,30685.18,P024
TXN000790,3,2025-06-11,Construction Chemicals,38,58121.29,P017
TXN000791,38,2025-06-11,Adhesives,72,26610.39,P010
TXN000792,60,2025-06-11,Sealants,34,23240.62,P004
TXN000793,68,2025-06-11,Sealants,40,23536.51,P024
TXN000794,1,2025-06-11,Adhesives,20,6810.56,P004
TXN000795,5,2025-06-12,Sealants,46,26977.8,P023
TXN000796,13,2025-06-12,Adhesives,80,29181.1,P010
TXN000797,3,2025-06-12,Construction Chemicals,17,23271.37,P017
TXN000798,108,2025-06-12,Adhesives,34,12766.45,P005
TXN000799,39,2025-06-13,Adhesives,110,42853.35,P011
TXN000800,101,2025-06-13,Construction Chemicals,69,107607.09,P018
TXN000801,13,2025-06-13,Adhesives,73,27841.68,P010
TXN000802,3,2025-06-13,Construction Chemicals,29,39751.75,P017
TXN000803,110,2025-06-13,Sealants,67,42078.16,P024
TXN000804,99,2025-06-13,Adhesives,40,12501.66,P012
TXN000805,56,2025-06-13,Sealants,22,13670.07,P016
TXN000806,14,2025-06-13,Adhesives,21,7235.39,P005
TXN000807,90,2025-06-13,Construction Chemicals,23,36287.05,P020
TXN000808,27,2025-06-13,Adhesives,32,12051.8,P006
TXN000809,27,2025-06-13,Art & Craft,17,3290.7,P006
TXN000810,25,2025-06-13,Adhesives,39,14664.34,P005
TXN000811,115,2025-06-14,Art & Craft,71,12578.09,P004
TXN000812,5,2025-06-14,Construction Chemicals,95,153815.88,P023
TXN000813,23,2025-06-14,Sealants,81,50789.16,P017
TXN000814,3,2025-06-14,Sealants,61,33345.32,P017
TXN000815,3,2025-06-14,Sealants,92,52399.61,P017
TXN000816,110,2025-06-14,Construction Chemicals,58,78269.34,P024
TXN000817,84,2025-06-14,Construction Chemicals,26,36313.03,P018
TXN000818,73,2025-06-14,Construction Chemicals,26,33687.57,P026
TXN000819,115,2025-06-15,Art & Craft,39,6325.98,P004
TXN000820,115,2025-06-15,Sealants,57,33224.41,P004
TXN000821,115,2025-06-15,Sealants,81,50194.7,P004
TXN000822,103,2025-06-15,Industrial Resins,73,162784.05,P010
TXN000823,10,2025-06-15,Industrial Resins,56,127321.98,P014
TXN000824,39,2025-06-15,Adhesives,73,24471.54,P011
TXN000825,102,2025-06-15,Sealants,26,17330.8,P024
TXN000826,23,2025-06-16,Construction Chemicals,60,88841.23,P017
TXN000827,3,2025-06-16,Sealants,64,38642.19,P017
TXN000828,110,2025-06-16,Sealants,90,50984.4,P024
TXN000829,115,2025-06-17,Art & Craft,73,13622.81,P004
TXN000830,103,2025-06-17,Adhesives,68,26204.01,P010
TXN000831,12,2025-06-17,Sealants,73,45425.33,P024
TXN000832,5,2025-06-17,Construction Chemicals,34,50156.48,P023
TXN000833,13,2025-06-17,Industrial Resins,40,90814.38,P010
TXN000834,110,2025-06-17,Sealants,56,35077.41,P024
TXN000835,14,2025-06-17,Art & Craft,9,1791.15,P005
TXN000836,52,2025-06-17,Adhesives,9,3061.97,P011
TXN000837,61,2025-06-17,Sealants,19,10798.71,P017
TXN000838,12,2025-06-18,Sealants,34,20705.09,P024
TXN000839,39,2025-06-18,Industrial Resins,14,31502.05,P011
TXN000840,110,2025-06-18,Construction Chemicals,64,85703.26,P024
TXN000841,33,2025-06-18,Sealants,32,20216.21,P016
TXN000842,39,2025-06-19,Adhesives,42,14249.81,P011
TXN000843,101,2025-06-19,Construction Chemicals,51,82119.76,P018
TXN000844,101,2025-06-19,Sealants,93,52872.07,P018
TXN000845,5,2025-06-19,Construction Chemicals,89,131734.18,P023
TXN000846,3,2025-06-19,Sealants,10,5775.63,P017
TXN000847,83,2025-06-19,Adhesives,38,13433.24,P011
TXN000848,78,2025-06-19,Industrial Resins,44,98406.88,P010
TXN000849,12,2025-06-20,Construction Chemicals,83,122155.45,P024
TXN000850,12,2025-06-20,Sealants,75,47903.85,P024
TXN000851,23,2025-06-20,Sealants,42,27575.16,P017
TXN000852,13,2025-06-20,Industrial Resins,36,81491.37,P010
TXN000853,37,2025-06-20,Sealants,13,8013.02,P026
TXN000854,11,2025-06-20,Sealants,16,10882.45,P026
TXN000855,103,2025-06-21,Industrial Resins,49,102950.15,P010
TXN000856,103,2025-06-21,Industrial Resins,85,174141.65,P010
TXN000857,10,2025-06-21,Adhesives,85,32010.97,P014
TXN000858,101,2025-06-21,Construction Chemicals,54,71002.97,P018
TXN000859,101,2025-06-21,Sealants,37,23492.08,P018
TXN000860,23,2025-06-21,Sealants,55,35556.76,P017
TXN000861,38,2025-06-21,Adhesives,52,18548.26,P010
TXN000862,110,2025-06-21,Construction Chemicals,84,111409.7,P024
TXN000863,120,2025-06-21,Industrial Resins,33,76479.21,P014
TXN000864,37,2025-06-21,Construction Chemicals,40,55964.25,P026
TXN000865,18,2025-06-21,Industrial Resins,27,62330.06,P011
TXN000866,115,2025-06-22,Sealants,54,35491.82,P004
TXN000867,12,2025-06-22,Construction Chemicals,38,59897.3,P024
TXN000868,23,2025-06-22,Construction Chemicals,61,94046.6,P017
TXN000869,23,2025-06-22,Sealants,60,35687.32,P017
TXN000870,95,2025-06-22,Art & Craft,43,8567.96,P008
TXN000871,76,2025-06-22,Construction Chemicals,19,27237.97,P026
TXN000872,76,2025-06-22,Sealants,24,14021.34,P026
TXN000873,68,2025-06-22,Construction Chemicals,1,1549.22,P024
TXN000874,105,2025-06-22,Sealants,29,16907.97,P023
TXN000875,103,2025-06-23,Industrial Resins,41,83900.67,P010
TXN000876,23,2025-06-23,Sealants,85,48930.59,P017
TXN000877,38,2025-06-23,Industrial Resins,80,152790.14,P010
TXN000878,110,2025-06-23,Construction Chemicals,4,5421.18,P024
TXN000879,110,2025-06-23,Sealants,42,23093.67,P024
TXN000880,93,2025-06-23,Industrial Resins,22,50658.17,P012
TXN000881,25,2025-06-23,Art & Craft,25,4653.85,P005
TXN000882,103,2025-06-24,Adhesives,62,23437.91,P010
TXN000883,10,2025-06-24,Adhesives,36,11173.75,P014
TXN000884,12,2025-06-24,Construction Chemicals,37,47714.12,P024
TXN000885,5,2025-06-24,Sealants,22,12623.57,P023
TXN000886,61,2025-06-24,Construction Chemicals,16,24411.62,P017
TXN000887,12,2025-06-25,Construction Chemicals,35,48646.23,P024
TXN000888,38,2025-06-25,Industrial Resins,55,106394.33,P010
TXN000889,26,2025-06-25,Construction Chemicals,28,36692.72,P022
TXN000890,82,2025-06-25,Construction Chemicals,22,35379.21,P018
TXN000891,58,2025-06-25,Sealants,40,22126.01,P016
TXN000892,12,2025-06-26,Sealants,39,24123.06,P024
TXN000893,101,2025-06-26,Sealants,104,69593.69,P018
TXN000894,5,2025-06-26,Sealants,116,72051.87,P023
TXN000895,13,2025-06-26,Industrial Resins,59,138045.55,P010
TXN000896,38,2025-06-26,Industrial Resins,35,82308.47,P010
TXN000897,18,2025-06-26,Adhesives,41,15924.51,P011
TXN000898,39,2025-06-27,Industrial Resins,82,156133.07,P011
TXN000899,23,2025-06-27,Sealants,27,17554.38,P017
TXN000900,84,2025-06-27,Sealants,1,679.16,P018
TXN000901,77,2025-06-27,Sealants,13,7402.51,P020
TXN000902,120,2025-06-27,Adhesives,18,6715.57,P014
TXN000903,115,2025-06-28,Adhesives,4,1320.53,P004
TXN000904,115,2025-06-28,Art & Craft,26,4285.27,P004
TXN000905,103,2025-06-28,Industrial Resins,54,120563.34,P010
TXN000906,13,2025-06-28,Industrial Resins,43,96137.09,P010
TXN000907,38,2025-06-28,Adhesives,50,18260.46,P010
TXN000908,106,2025-06-28,Sealants,21,12209.63,P016
TXN000909,75,2025-06-28,Sealants,43,24796.19,P020
TXN000910,113,2025-06-28,Adhesives,19,6102.31,P004
TXN000911,101,2025-06-29,Sealants,56,32515.03,P018
TXN000912,23,2025-06-29,Sealants,69,39496.87,P017
TXN000913,13,2025-06-29,Adhesives,33,10195.09,P010
TXN000914,3,2025-06-29,Sealants,49,32210.69,P017
TXN000915,106,2025-06-29,Construction Chemicals,20,26933.63,P016
TXN000916,80,2025-06-29,Industrial Resins,23,43548.4,P010
TXN000917,2,2025-06-29,Sealants,12,7560.77,P018
TXN000918,5,2025-06-30,Construction Chemicals,40,53121.82,P023
TXN000919,5,2025-06-30,Sealants,91,54107.64,P023
TXN000920,23,2025-06-30,Construction Chemicals,43,66945.63,P017
TXN000921,104,2025-06-30,Adhesives,15,5605.49,P014
TXN000922,2,2025-06-30,Construction Chemicals,16,21991.96,P018
TXN000923,26,2025-06-30,Sealants,27,16165.97,P022
TXN000924,115,2025-07-01,Art & Craft,50,9533.43,P004
TXN000925,5,2025-07-01,Sealants,57,37039.42,P023
TXN000926,13,2025-07-01,Adhesives,62,22844.96,P010
TXN000927,84,2025-07-01,Sealants,7,4743.24,P018
TXN000928,77,2025-07-01,Sealants,18,11085.35,P020
TXN000929,93,2025-07-01,Industrial Resins,1,2144.71,P012
TXN000930,10,2025-07-02,Adhesives,47,15773.03,P014
TXN000931,39,2025-07-02,Industrial Resins,37,72929.31,P011
TXN000932,101,2025-07-02,Construction Chemicals,18,25149.0,P018
TXN000933,13,2025-07-02,Adhesives,92,31546.12,P010
TXN000934,60,2025-07-02,Adhesives,36,14046.23,P004
TXN000935,120,2025-07-02,Industrial Resins,14,30275.35,P014
TXN000936,115,2025-07-03,Adhesives,84,29863.79,P004
TXN000937,115,2025-07-03,Art & Craft,46,9006.08,P004
TXN000938,103,2025-07-03,Adhesives,79,25889.61,P010
TXN000939,39,2025-07-03,Industrial Resins,132,279154.36,P011
TXN000940,5,2025-07-03,Sealants,17,11713.01,P023
TXN000941,3,2025-07-03,Sealants,35,23328.59,P017
TXN000942,70,2025-07-03,Construction Chemicals,10,12779.75,P017
TXN000943,75,2025-07-03,Sealants,18,10259.17,P020
TXN000944,39,2025-07-04,Adhesives,36,11417.79,P011
TXN000945,12,2025-07-05,Sealants,26,15687.51,P024
TXN000946,101,2025-07-05,Sealants,22,13159.03,P018
TXN000947,16,2025-07-05,Adhesives,33,12144.76,P011
TXN000948,115,2025-07-06,Adhesives,62,23743.12,P004
TXN000949,39,2025-07-06,Adhesives,14,4450.86,P011
TXN000950,5,2025-07-06,Sealants,37,20365.38,P023
TXN000951,13,2025-07-06,Industrial Resins,58,135727.19,P010
TXN000952,80,2025-07-06,Adhesives,28,8981.0,P010
TXN000953,2,2025-07-06,Construction Chemicals,20,30326.02,P018
TXN000954,52,2025-07-06,Adhesives,12,4219.56,P011
TXN000955,101,2025-07-07,Construction Chemicals,101,155522.6,P018
TXN000956,101,2025-07-07,Sealants,92,59140.33,P018
TXN000957,3,2025-07-07,Sealants,47,26899.21,P017
TXN000958,78,2025-07-07,Adhesives,46,16370.96,P010
TXN000959,14,2025-07-07,Art & Craft,6,1077.1,P005
TXN000960,901,2025-07-07,Art & Craft,14,2613.48,P004
TXN000961,38,2025-07-08,Adhesives,71,25241.18,P010
TXN000962,83,2025-07-08,Adhesives,34,11336.77,P011
TXN000963,93,2025-07-08,Adhesives,16,6249.52,P012
TXN000964,63,2025-07-08,Adhesives,38,12556.78,P008
TXN000965,31,2025-07-08,Adhesives,21,7622.06,P006
TXN000966,115,2025-07-09,Art & Craft,65,12220.08,P004
TXN000967,103,2025-07-09,Industrial Resins,92,197241.02,P010
TXN000968,12,2025-07-09,Sealants,45,31163.49,P024
TXN000969,68,2025-07-09,Sealants,6,3656.85,P024
TXN000970,109,2025-07-09,Art & Craft,1,200.4,P005
TXN000971,115,2025-07-10,Adhesives,29,10026.6,P004
TXN000972,5,2025-07-10,Construction Chemicals,37,49128.21,P023
TXN000973,13,2025-07-10,Industrial Resins,40,80595.65,P010
TXN000974,13,2025-07-10,Industrial Resins,36,73297.04,P010
TXN000975,13,2025-07-10,Adhesives,40,15212.51,P010
TXN000976,38,2025-07-10,Industrial Resins,109,220929.05,P010
TXN000977,108,2025-07-10,Art & Craft,26,5063.8,P005
TXN000978,24,2025-07-10,Construction Chemicals,26,33883.45,P026
TXN000979,10,2025-07-11,Adhesives,96,29977.24,P014
TXN000980,39,2025-07-11,Industrial Resins,45,91027.29,P011
TXN000981,95,2025-07-11,Art & Craft,28,4538.91,P008
TXN000982,46,2025-07-11,Industrial Resins,35,78566.03,P010
TXN000983,103,2025-07-12,Industrial Resins,60,140711.44,P010
TXN000984,12,2025-07-12,Sealants,60,37077.45,P024
TXN000985,39,2025-07-12,Industrial Resins,85,175894.1,P011
TXN000986,110,2025-07-12,Construction Chemicals,63,83297.42,P024
TXN000987,110,2025-07-12,Sealants,65,35931.15,P024
TXN000988,102,2025-07-12,Construction Chemicals,6,8783.95,P024
TXN000989,83,2025-07-12,Industrial Resins,35,77992.8,P011
TXN000990,115,2025-07-13,Art & Craft,63,10301.44,P004
TXN000991,103,2025-07-13,Adhesives,59,20311.36,P010
TXN000992,13,2025-07-13,Adhesives,92,34428.54,P010
TXN000993,3,2025-07-13,Construction Chemicals,62,97758.59,P017
TXN000994,106,2025-07-13,Construction Chemicals,15,21002.72,P016
TXN000995,120,2025-07-13,Adhesives,31,10966.05,P014
TXN000996,12,2025-07-14,Construction Chemicals,18,26844.47,P024
TXN000997,23,2025-07-14,Construction Chemicals,74,103681.69,P017
TXN000998,8,2025-07-14,Sealants,28,16787.11,P026
TXN000999,10,2025-07-15,Adhesives,94,34934.66,P014
TXN001000,10,2025-07-15,Adhesives,45,17466.13,P014
TXN001001,101,2025-07-15,Construction Chemicals,31,48825.37,P018
TXN001002,5,2025-07-15,Construction Chemicals,80,103656.63,P023
TXN001003,23,2025-07-15,Construction Chemicals,30,45260.8,P017
TXN001004,3,2025-07-15,Construction Chemicals,63,81786.74,P017
TXN001005,3,2025-07-15,Construction Chemicals,38,54796.52,P017
TXN001006,110,2025-07-15,Construction Chemicals,38,51120.75,P024
TXN001007,27,2025-07-15,Art & Craft,17,3063.74,P006
TXN001008,42,2025-07-15,Adhesives,24,8995.46,P012
TXN001009,115,2025-07-16,Sealants,95,59418.34,P004
TXN001010,38,2025-07-16,Industrial Resins,23,52796.17,P010
TXN001011,84,2025-07-16,Construction Chemicals,13,19806.43,P018
TXN001012,106,2025-07-16,Sealants,28,16203.15,P016
TXN001013,115,2025-07-17,Sealants,52,34663.69,P004
TXN001014,115,2025-07-17,Sealants,55,37415.62,P004
TXN001015,101,2025-07-17,Sealants,24,14084.24,P018
TXN001016,26,2025-07-17,Sealants,21,13758.49,P022
TXN001017,76,2025-07-17,Sealants,42,23801.26,P026
TXN001018,85,2025-07-17,Art & Craft,51,8345.72,P005
TXN001019,52,2025-07-17,Industrial Resins,36,74010.32,P011
TXN001020,38,2025-07-18,Industrial Resins,89,199549.48,P010
TXN001021,110,2025-07-18,Sealants,23,14453.55,P024
TXN001022,11,2025-07-18,Construction Chemicals,22,28956.65,P026
TXN001023,103,2025-07-19,Adhesives,1,360.18,P010
TXN001024,12,2025-07-19,Construction Chemicals,41,54269.54,P024
TXN001025,101,2025-07-19,Construction Chemicals,64,90810.25,P018
TXN001026,75,2025-07-19,Construction Chemicals,14,20776.89,P020
TXN001027,95,2025-07-19,Adhesives,9,3346.56,P008
TXN001028,90,2025-07-19,Construction Chemicals,27,39165.15,P020
TXN001029,103,2025-07-20,Industrial Resins,72,163616.07,P010
TXN001030,10,2025-07-20,Industrial Resins,64,126224.36,P014
TXN001031,12,2025-07-20,Construction Chemicals,52,71335.24,P024
TXN001032,60,2025-07-20,Art & Craft,17,2712.32,P004
TXN001033,38,2025-07-21,Adhesives,28,10260.8,P010
TXN001034,108,2025-07-21,Adhesives,38,14136.23,P005
TXN001035,56,2025-07-21,Construction Chemicals,4,6297.51,P016
TXN001036,90,2025-07-21,Sealants,13,7099.97,P020
TXN001037,85,2025-07-21,Sealants,58,38782.95,P005
TXN001038,66,2025-07-21,Industrial Resins,1,2008.77,P012
TXN001039,103,2025-07-22,Industrial Resins,75,174280.51,P010
TXN001040,23,2025-07-22,Sealants,34,23437.78,P017
TXN001041,34,2025-07-22,Sealants,21,12394.07,P020
TXN001042,91,2025-07-22,Sealants,10,6150.03,P008
TXN001043,13,2025-07-23,Adhesives,28,10441.7,P010
TXN001044,110,2025-07-23,Sealants,34,18968.72,P024
TXN001045,9,2025-07-23,Sealants,34,19069.88,P020
TXN001046,104,2025-07-23,Adhesives,29,11064.75,P014
TXN001047,51,2025-07-23,Construction Chemicals,23,30394.15,P018
TXN001048,39,2025-07-24,Adhesives,1,315.75,P011
TXN001049,5,2025-07-24,Construction Chemicals,32,43116.33,P023
TXN001050,5,2025-07-24,Sealants,29,16635.62,P023
TXN001051,23,2025-07-24,Construction Chemicals,26,37403.02,P017
TXN001052,23,2025-07-24,Sealants,37,21842.88,P017
TXN001053,3,2025-07-24,Sealants,44,26374.11,P017
TXN001054,38,2025-07-24,Adhesives,69,22720.73,P010
TXN001055,71,2025-07-24,Construction Chemicals,4,6493.67,P024
TXN001056,10,2025-07-25,Industrial Resins,43,86124.53,P014
TXN001057,12,2025-07-25,Sealants,24,14620.65,P024
TXN001058,55,2025-07-25,Industrial Resins,21,48799.74,P010
TXN001059,23,2025-07-26,Sealants,62,33875.04,P017
TXN001060,110,2025-07-26,Construction Chemicals,1,1565.23,P024
TXN001061,99,2025-07-26,Industrial Resins,33,71864.39,P012
TXN001062,56,2025-07-26,Sealants,44,25837.5,P016
TXN001063,76,2025-07-26,Construction Chemicals,7,10319.24,P026
TXN001064,32,2025-07-26,Construction Chemicals,56,87408.36,P016
TXN001065,40,2025-07-26,Construction Chemicals,10,16163.15,P022
TXN001066,103,2025-07-27,Adhesives,96,33830.42,P010
TXN001067,38,2025-07-27,Industrial Resins,29,54300.27,P010
TXN001068,80,2025-07-27,Industrial Resins,21,40849.01,P010
TXN001069,39,2025-07-28,Adhesives,9,2838.55,P011
TXN001070,5,2025-07-28,Construction Chemicals,37,58866.22,P023
TXN001071,3,2025-07-28,Sealants,66,42228.15,P017
TXN001072,38,2025-07-28,Industrial Resins,44,100265.44,P010
TXN001073,2,2025-07-28,Sealants,15,8560.48,P018
TXN001074,10,2025-07-29,Industrial Resins,32,67717.38,P014
TXN001075,13,2025-07-29,Industrial Resins,29,60675.22,P010
TXN001076,38,2025-07-29,Adhesives,92,32315.66,P010
TXN001077,110,2025-07-29,Sealants,110,67987.82,P024
TXN001078,103,2025-07-30,Adhesives,84,26832.96,P010
TXN001079,10,2025-07-30,Industrial Resins,40,92071.62,P014
TXN001080,39,2025-07-30,Adhesives,57,19537.31,P011
TXN001081,103,2025-07-31,Industrial Resins,52,96638.83,P010
TXN001082,10,2025-07-31,Industrial Resins,75,166268.14,P014
TXN001083,23,2025-07-31,Sealants,90,49383.32,P017
TXN001084,104,2025-07-31,Industrial Resins,32,69715.95,P014
TXN001085,78,2025-07-31,Industrial Resins,7,14814.92,P010
TXN001086,53,2025-07-31,Sealants,29,15941.63,P023
TXN001087,68,2025-07-31,Construction Chemicals,29,40234.56,P024
TXN001088,103,2025-08-01,Industrial Resins,58,111343.26,P010
TXN001089,83,2025-08-01,Industrial Resins,56,104104.56,P011
TXN001090,56,2025-08-01,Sealants,13,8383.39,P016
TXN001091,69,2025-08-01,Industrial Resins,20,45835.66,P011
TXN001092,12,2025-08-02,Sealants,64,36989.18,P024
TXN001093,39,2025-08-02,Industrial Resins,63,131132.32,P011
TXN001094,5,2025-08-02,Construction Chemicals,22,28764.35,P023
TXN001095,120,2025-08-02,Adhesives,12,4028.28,P014
TXN001096,104,2025-08-02,Industrial Resins,30,63372.83,P014
TXN001097,95,2025-08-02,Adhesives,22,8345.76,P008
TXN001098,13,2025-08-03,Adhesives,65,20493.69,P010
TXN001099,3,2025-08-03,Construction Chemicals,42,55605.1,P017
TXN001100,68,2025-08-03,Construction Chemicals,18,25861.03,P024
TXN001101,110,2025-08-04,Sealants,48,31919.15,P024
TXN001102,77,2025-08-04,Construction Chemicals,22,28532.46,P020
TXN001103,55,2025-08-04,Industrial Resins,30,63864.57,P010
TXN001104,12,2025-08-05,Construction Chemicals,60,84868.57,P024
TXN001105,39,2025-08-05,Adhesives,106,39240.95,P011
TXN001106,23,2025-08-05,Sealants,62,38322.52,P017
TXN001107,116,2025-08-05,Adhesives,27,9469.33,P004
TXN001108,26,2025-08-05,Construction Chemicals,21,27060.5,P022
TXN001109,113,2025-08-05,Art & Craft,36,7016.44,P004
TXN001110,103,2025-08-06,Industrial Resins,28,60759.38,P010
TXN001111,10,2025-08-06,Industrial Resins,19,43078.59,P014
TXN001112,12,2025-08-06,Construction Chemicals,25,38052.82,P024
TXN001113,39,2025-08-06,Industrial Resins,66,150322.39,P011
TXN001114,39,2025-08-06,Industrial Resins,39,91671.83,P011
TXN001115,3,2025-08-06,Sealants,49,27442.21,P017
TXN001116,38,2025-08-06,Adhesives,70,26087.65,P010
TXN001117,38,2025-08-06,Adhesives,37,12984.66,P010
TXN001118,56,2025-08-06,Construction Chemicals,5,6511.42,P016
TXN001119,34,2025-08-06,Sealants,10,6554.4,P020
TXN001120,39,2025-08-07,Adhesives,1,381.11,P011
TXN001121,38,2025-08-07,Industrial Resins,58,112804.64,P010
TXN001122,38,2025-08-07,Adhesives,49,15408.31,P010
TXN001123,84,2025-08-07,Construction Chemicals,28,39152.99,P018
TXN001124,76,2025-08-07,Construction Chemicals,44,57101.02,P026
TXN001125,115,2025-08-08,Sealants,25,15317.01,P004
TXN001126,103,2025-08-08,Adhesives,78,26712.62,P010
TXN001127,101,2025-08-08,Construction Chemicals,12,17955.17,P018
TXN001128,3,2025-08-08,Construction Chemicals,84,112049.4,P017
TXN001129,110,2025-08-08,Construction Chemicals,57,81001.27,P024
TXN001130,9,2025-08-08,Sealants,32,21622.51,P020
TXN001131,37,2025-08-08,Sealants,7,3830.76,P026
TXN001132,83,2025-08-08,Adhesives,8,2673.07,P011
TXN001133,90,2025-08-08,Sealants,21,11463.94,P020
TXN001134,10,2025-08-09,Industrial Resins,42,86216.42,P014
TXN001135,10,2025-08-09,Adhesives,68,24460.7,P014
TXN001136,39,2025-08-09,Adhesives,84,30402.89,P011
TXN001137,13,2025-08-09,Industrial Resins,8,16714.07,P010
TXN001138,28,2025-08-09,Sealants,24,13389.34,P017
TXN001139,12,2025-08-10,Sealants,75,42516.57,P024
TXN001140,13,2025-08-10,Industrial Resins,56,109997.84,P010
TXN001141,38,2025-08-10,Adhesives,74,26742.01,P010
TXN001142,78,2025-08-10,Adhesives,21,7421.2,P010
TXN001143,115,2025-08-11,Sealants,29,16237.33,P004
TXN001144,101,2025-08-11,Sealants,45,30275.73,P018
TXN001145,5,2025-08-11,Construction Chemicals,70,90826.43,P023
TXN001146,13,2025-08-12,Industrial Resins,95,196333.79,P010
TXN001147,13,2025-08-12,Industrial Resins,10,23407.24,P010
TXN001148,38,2025-08-12,Industrial Resins,84,189756.74,P010
TXN001149,104,2025-08-12,Adhesives,9,3448.02,P014
TXN001150,93,2025-08-12,Industrial Resins,29,54305.27,P012
TXN001151,103,2025-08-13,Industrial Resins,63,127192.64,P010
TXN001152,5,2025-08-13,Sealants,65,36946.14,P023
TXN001153,13,2025-08-13,Industrial Resins,81,160133.75,P010
TXN001154,18,2025-08-13,Industrial Resins,42,79274.31,P011
TXN001155,10,2025-08-14,Industrial Resins,35,68173.23,P014
TXN001156,5,2025-08-14,Construction Chemicals,106,153207.79,P023
TXN001157,23,2025-08-14,Construction Chemicals,52,79734.84,P017
TXN001158,3,2025-08-14,Sealants,67,43334.04,P017
TXN001159,38,2025-08-14,Adhesives,68,22833.15,P010
TXN001160,68,2025-08-14,Sealants,22,12982.4,P024
TXN001161,115,2025-08-15,Adhesives,85,27773.12,P004
TXN001162,23,2025-08-15,Sealants,49,33777.15,P017
TXN001163,13,2025-08-15,Adhesives,49,16328.92,P010
TXN001164,38,2025-08-15,Industrial Resins,63,118805.43,P010
TXN001165,110,2025-08-15,Sealants,59,36206.13,P024
TXN001166,75,2025-08-15,Sealants,24,15965.77,P020
TXN001167,115,2025-08-16,Sealants,50,31599.95,P004
TXN001168,103,2025-08-16,Industrial Resins,68,131574.57,P010
TXN001169,103,2025-08-16,Industrial Resins,18,35493.81,P010
TXN001170,39,2025-08-16,Industrial Resins,74,155366.66,P011
TXN001171,60,2025-08-16,Adhesives,29,10108.0,P004
TXN001172,99,2025-08-16,Industrial Resins,20,40413.05,P012
TXN001173,103,2025-08-17,Adhesives,15,4693.22,P010
TXN001174,101,2025-08-17,Sealants,47,29816.28,P018
TXN001175,115,2025-08-18,Adhesives,3,1023.61,P004
TXN001176,103,2025-08-18,Adhesives,96,33012.71,P010
TXN001177,10,2025-08-18,Adhesives,24,8283.98,P014
TXN001178,39,2025-08-18,Adhesives,1,348.28,P011
TXN001179,101,2025-08-18,Construction Chemicals,43,63241.52,P018
TXN001180,13,2025-08-18,Adhesives,28,9054.61,P010
TXN001181,13,2025-08-18,Adhesives,69,23373.19,P010
TXN001182,38,2025-08-18,Industrial Resins,48,104335.59,P010
TXN001183,115,2025-08-19,Art & Craft,72,12218.56,P004
TXN001184,10,2025-08-19,Industrial Resins,100,211067.08,P014
TXN001185,101,2025-08-19,Construction Chemicals,33,44724.52,P018
TXN001186,101,2025-08-19,Sealants,44,29140.54,P018
TXN001187,5,2025-08-19,Sealants,91,55995.54,P023
TXN001188,32,2025-08-19,Sealants,23,12574.78,P016
TXN001189,16,2025-08-19,Adhesives,30,9398.98,P011
TXN001190,103,2025-08-20,Adhesives,77,28233.98,P010
TXN001191,10,2025-08-20,Adhesives,45,15830.64,P014
TXN001192,70,2025-08-20,Sealants,24,15427.67,P017
TXN001193,26,2025-08-20,Sealants,18,9863.96,P022
TXN001194,115,2025-08-21,Adhesives,66,20680.23,P004
TXN001195,103,2025-08-21,Adhesives,86,29623.09,P010
TXN001196,10,2025-08-21,Adhesives,11,3816.54,P014
TXN001197,23,2025-08-21,Construction Chemicals,20,30557.76,P017
TXN001198,120,2025-08-21,Industrial Resins,38,73450.37,P014
TXN001199,93,2025-08-21,Adhesives,48,17510.7,P012
TXN001200,12,2025-08-22,Construction Chemicals,67,91406.95,P024
TXN001201,39,2025-08-22,Industrial Resins,52,115858.67,P011
TXN001202,101,2025-08-22,Construction Chemicals,67,91558.07,P018
TXN001203,110,2025-08-22,Construction Chemicals,52,84181.28,P024
TXN001204,78,2025-08-22,Industrial Resins,1,2016.14,P010
TXN001205,98,2025-08-22,Industrial Resins,27,56515.8,P010
TXN001206,20,2025-08-22,Adhesives,23,7821.01,P010
TXN001207,115,2025-08-23,Art & Craft,36,7203.82,P004
TXN001208,13,2025-08-23,Adhesives,50,18096.34,P010
TXN001209,110,2025-08-23,Sealants,88,50250.93,P024
TXN001210,80,2025-08-23,Industrial Resins,15,28160.75,P010
TXN001211,14,2025-08-23,Art & Craft,17,2966.56,P005
TXN001212,38,2025-08-24,Industrial Resins,84,161704.95,P010
TXN001213,71,2025-08-24,Construction Chemicals,16,21729.24,P024
TXN001214,10,2025-08-25,Adhesives,94,33537.44,P014
TXN001215,63,2025-08-25,Art & Craft,4,654.14,P008
TXN001216,67,2025-08-25,Sealants,36,20538.44,P017
TXN001217,30,2025-08-25,Adhesives,18,6354.14,P010
TXN001218,12,2025-08-26,Sealants,30,18192.07,P024
TXN001219,77,2025-08-26,Sealants,20,13361.73,P020
TXN001220,115,2025-08-27,Art & Craft,114,20315.88,P004
TXN001221,42,2025-08-27,Industrial Resins,6,11929.79,P012
TXN001222,5,2025-08-28,Construction Chemicals,80,112100.48,P023
TXN001223,60,2025-08-28,Art & Craft,33,5426.88,P004
TXN001224,107,2025-08-28,Sealants,27,14810.66,P016
TXN001225,5,2025-08-29,Sealants,69,42792.15,P023
TXN001226,110,2025-08-29,Construction Chemicals,54,80900.61,P024
TXN001227,43,2025-08-29,Construction Chemicals,28,36255.84,P022
TXN001228,115,2025-08-30,Art & Craft,100,16667.62,P004
TXN001229,10,2025-08-30,Industrial Resins,40,92540.6,P014
TXN001230,23,2025-08-30,Sealants,33,20528.17,P017
TXN001231,3,2025-08-30,Construction Chemicals,52,83497.08,P017
TXN001232,3,2025-08-30,Sealants,36,23169.48,P017
TXN001233,116,2025-08-30,Art & Craft,26,5212.59,P004
TXN001234,99,2025-08-30,Adhesives,31,11981.43,P012
TXN001235,81,2025-08-30,Sealants,33,19687.41,P008
TXN001236,39,2025-08-31,Adhesives,52,16371.07,P011
TXN001237,23,2025-08-31,Construction Chemicals,44,70907.46,P017
TXN001238,53,2025-08-31,Sealants,1,600.62,P023
TXN001239,91,2025-08-31,Art & Craft,31,6115.83,P008
TXN001240,115,2025-09-01,Adhesives,45,16143.97,P004
TXN001241,103,2025-09-01,Industrial Resins,1,2326.23,P010
TXN001242,39,2025-09-01,Industrial Resins,33,72107.83,P011
TXN001243,38,2025-09-01,Adhesives,35,11216.54,P010
TXN001244,116,2025-09-01,Art & Craft,18,2968.8,P004
TXN001245,90,2025-09-01,Sealants,21,14275.95,P020
TXN001246,87,2025-09-01,Adhesives,4,1278.67,P012
TXN001247,115,2025-09-03,Sealants,14,9200.2,P004
TXN001248,103,2025-09-03,Adhesives,65,24396.29,P010
TXN001249,13,2025-09-03,Adhesives,102,38525.57,P010
TXN001250,38,2025-09-03,Industrial Resins,100,232971.88,P010
TXN001251,110,2025-09-03,Construction Chemicals,32,50972.64,P024
TXN001252,78,2025-09-03,Industrial Resins,1,1914.27,P010
TXN001253,43,2025-09-03,Construction Chemicals,26,39271.1,P022
TXN001254,115,2025-09-04,Art & Craft,10,1639.63,P004
TXN001255,10,2025-09-04,Industrial Resins,81,153649.0,P014
TXN001256,39,2025-09-04,Adhesives,120,42905.92,P011
TXN001257,25,2025-09-04,Adhesives,26,8310.96,P005
TXN001258,47,2025-09-04,Sealants,8,4419.45,P018
TXN001259,23,2025-09-05,Construction Chemicals,68,87603.98,P017
TXN001260,3,2025-09-05,Construction Chemicals,56,80737.05,P017
TXN001261,110,2025-09-05,Sealants,64,36979.09,P024
TXN001262,71,2025-09-05,Construction Chemicals,29,38292.85,P024
TXN001263,104,2025-09-05,Adhesives,20,6955.77,P014
TXN001264,102,2025-09-05,Construction Chemicals,37,54640.68,P024
TXN001265,76,2025-09-05,Construction Chemicals,48,69044.86,P026
TXN001266,57,2025-09-05,Adhesives,17,6431.38,P012
TXN001267,107,2025-09-05,Construction Chemicals,36,53321.69,P016
TXN001268,105,2025-09-05,Sealants,1,629.05,P023
TXN001269,10,2025-09-06,Industrial Resins,50,105007.77,P014
TXN001270,5,2025-09-06,Sealants,48,32278.77,P023
TXN001271,13,2025-09-06,Adhesives,65,24243.44,P010
TXN001272,27,2025-09-06,Sealants,22,13776.26,P006
TXN001273,103,2025-09-07,Adhesives,32,12146.01,P010
TXN001274,39,2025-09-07,Industrial Resins,65,144277.6,P011
TXN001275,60,2025-09-07,Art & Craft,35,7013.69,P004
TXN001276,80,2025-09-07,Industrial Resins,31,64384.71,P010
TXN001277,14,2025-09-07,Sealants,30,18627.44,P005
TXN001278,88,2025-09-07,Sealants,6,3937.04,P024
TXN001279,901,2025-09-07,Art & Craft,13,2449.68,P004
TXN001280,115,2025-09-08,Adhesives,97,32675.22,P004
TXN001281,115,2025-09-08,Art & Craft,1,177.99,P004
TXN001282,103,2025-09-08,Adhesives,25,8659.17,P010
TXN001283,10,2025-09-08,Industrial Resins,63,124838.04,P014
TXN001284,39,2025-09-08,Industrial Resins,65,147667.6,P011
TXN001285,39,2025-09-08,Adhesives,27,8568.29,P011
TXN001286,101,2025-09-08,Construction Chemicals,38,53803.99,P018
TXN001287,5,2025-09-08,Construction Chemicals,63,100167.04,P023
TXN001288,38,2025-09-08,Industrial Resins,70,153956.34,P010
TXN001289,38,2025-09-08,Industrial Resins,31,57828.89,P010
TXN001290,103,2025-09-09,Industrial Resins,57,121025.2,P010
TXN001291,5,2025-09-09,Construction Chemicals,80,123835.59,P023
TXN001292,106,2025-09-09,Construction Chemicals,38,56782.82,P016
TXN001293,26,2025-09-09,Construction Chemicals,30,47344.86,P022
TXN001294,103,2025-09-10,Adhesives,60,22228.57,P010
TXN001295,10,2025-09-10,Industrial Resins,19,42750.65,P014
TXN001296,12,2025-09-10,Sealants,15,8189.14,P024
TXN001297,12,2025-09-10,Sealants,50,33912.1,P024
TXN001298,5,2025-09-10,Construction Chemicals,47,69988.0,P023
TXN001299,37,2025-09-10,Sealants,40,24588.6,P026
TXN001300,83,2025-09-10,Adhesives,14,5437.0,P011
TXN001301,2,2025-09-10,Construction Chemicals,4,5482.09,P018
TXN001302,14,2025-09-10,Art & Craft,10,1741.79,P005
TXN001303,69,2025-09-10,Industrial Resins,45,90310.35,P011
TXN001304,81,2025-09-10,Art & Craft,26,4694.83,P008
TXN001305,115,2025-09-11,Sealants,47,28685.57,P004
TXN001306,10,2025-09-11,Adhesives,93,32733.99,P014
TXN001307,12,2025-09-11,Sealants,48,32594.71,P024
TXN001308,101,2025-09-11,Construction Chemicals,36,57384.14,P018
TXN001309,101,2025-09-11,Sealants,72,42656.49,P018
TXN001310,34,2025-09-11,Construction Chemicals,35,54210.27,P020
TXN001311,11,2025-09-11,Sealants,43,24260.39,P026
TXN001312,5,2025-09-12,Sealants,32,19262.63,P023
TXN001313,3,2025-09-12,Sealants,74,40554.8,P017
TXN001314,38,2025-09-12,Industrial Resins,57,109460.63,P010
TXN001315,90,2025-09-12,Construction Chemicals,29,43862.72,P020
TXN001316,12,2025-09-13,Construction Chemicals,119,160330.77,P024
TXN001317,66,2025-09-13,Adhesives,24,7447.42,P012
TXN001318,115,2025-09-14,Adhesives,19,5898.06,P004
TXN001319,75,2025-09-14,Sealants,39,26629.75,P020
TXN001320,31,2025-09-14,Sealants,31,19690.32,P006
TXN001321,115,2025-09-15,Art & Craft,15,2689.08,P004
TXN001322,103,2025-09-15,Adhesives,30,10225.79,P010
TXN001323,39,2025-09-15,Adhesives,24,9034.4,P011
TXN001324,101,2025-09-15,Construction Chemicals,47,63112.72,P018
TXN001325,101,2025-09-15,Construction Chemicals,41,57843.79,P018
TXN001326,23,2025-09-15,Construction Chemicals,28,37934.79,P017
TXN001327,3,2025-09-15,Sealants,23,15665.92,P017
TXN001328,38,2025-09-15,Adhesives,93,29092.91,P010
TXN001329,110,2025-09-15,Construction Chemicals,70,113598.47,P024
TXN001330,110,2025-09-15,Construction Chemicals,35,52219.94,P024
TXN001331,110,2025-09-15,Sealants,78,44353.48,P024
TXN001332,99,2025-09-15,Adhesives,36,12415.63,P012
TXN001333,55,2025-09-15,Adhesives,43,16316.05,P010
TXN001334,85,2025-09-15,Sealants,26,16893.17,P005
TXN001335,30,2025-09-15,Adhesives,32,11553.89,P010
TXN001336,12,2025-09-16,Construction Chemicals,82,105831.15,P024
TXN001337,12,2025-09-16,Construction Chemicals,66,87333.79,P024
TXN001338,39,2025-09-16,Adhesives,8,2606.41,P011
TXN001339,101,2025-09-16,Sealants,52,34726.48,P018
TXN001340,23,2025-09-16,Sealants,71,47145.2,P017
TXN001341,13,2025-09-16,Industrial Resins,64,128476.08,P010
TXN001342,38,2025-09-16,Adhesives,97,32972.45,P010
TXN001343,77,2025-09-16,Construction Chemicals,21,32066.88,P020
TXN001344,80,2025-09-16,Adhesives,11,3931.12,P010
TXN001345,40,2025-09-16,Construction Chemicals,41,62758.68,P022
TXN001346,40,2025-09-16,Sealants,17,11511.68,P022
TXN001347,114,2025-09-16,Construction Chemicals,18,24495.16,P024
TXN001348,10,2025-09-17,Adhesives,32,10505.29,P014
TXN001349,5,2025-09-17,Sealants,78,50441.52,P023
TXN001350,23,2025-09-17,Construction Chemicals,32,51724.94,P017
TXN001351,13,2025-09-17,Adhesives,63,24179.72,P010
TXN001352,93,2025-09-17,Adhesives,31,10773.9,P012
TXN001353,39,2025-09-18,Industrial Resins,68,130890.15,P011
TXN001354,39,2025-09-18,Adhesives,106,37006.5,P011
TXN001355,3,2025-09-18,Construction Chemicals,36,57645.7,P017
TXN001356,120,2025-09-18,Adhesives,36,11769.19,P014
TXN001357,51,2025-09-18,Sealants,7,4673.33,P018
TXN001358,23,2025-09-19,Sealants,101,61176.83,P017
TXN001359,23,2025-09-19,Sealants,1,674.04,P017
TXN001360,110,2025-09-19,Sealants,72,43215.81,P024
TXN001361,56,2025-09-19,Sealants,35,21789.43,P016
TXN001362,39,2025-09-20,Industrial Resins,92,187466.99,P011
TXN001363,23,2025-09-20,Sealants,52,30650.69,P017
TXN001364,3,2025-09-20,Sealants,104,58309.57,P017
TXN001365,120,2025-09-20,Industrial Resins,28,55438.2,P014
TXN001366,108,2025-09-20,Adhesives,27,8801.42,P005
TXN001367,93,2025-09-20,Industrial Resins,19,35754.8,P012
TXN001368,12,2025-09-21,Sealants,24,14533.45,P024
TXN001369,101,2025-09-21,Construction Chemicals,28,36939.7,P018
TXN001370,101,2025-09-21,Sealants,62,38162.39,P018
TXN001371,3,2025-09-21,Construction Chemicals,42,57024.2,P017
TXN001372,70,2025-09-21,Sealants,14,8337.34,P017
TXN001373,78,2025-09-21,Adhesives,38,13751.17,P010
TXN001374,55,2025-09-21,Industrial Resins,38,84627.44,P010
TXN001375,12,2025-09-22,Construction Chemicals,63,87571.81,P024
TXN001376,39,2025-09-22,Adhesives,101,36568.72,P011
TXN001377,13,2025-09-22,Industrial Resins,64,124481.57,P010
TXN001378,13,2025-09-22,Industrial Resins,46,99119.2,P010
TXN001379,38,2025-09-22,Industrial Resins,57,124832.47,P010
TXN001380,110,2025-09-22,Construction Chemicals,80,108514.84,P024
TXN001381,110,2025-09-22,Sealants,58,33668.27,P024
TXN001382,20,2025-09-22,Industrial Resins,1,2143.82,P010
TXN001383,115,2025-09-23,Sealants,61,39125.0,P004
TXN001384,103,2025-09-23,Industrial Resins,24,50175.72,P010
TXN001385,10,2025-09-23,Industrial Resins,16,30136.28,P014
TXN001386,3,2025-09-23,Sealants,69,47402.25,P017
TXN001387,95,2025-09-23,Adhesives,31,10941.56,P008
TXN001388,76,2025-09-23,Sealants,13,7389.26,P026
TXN001389,43,2025-09-23,Sealants,10,5817.86,P022
TXN001390,86,2025-09-23,Construction Chemicals,25,35974.77,P018
TXN001391,10,2025-09-24,Adhesives,98,36567.3,P014
TXN001392,101,2025-09-24,Sealants,95,52350.54,P018
TXN001393,23,2025-09-24,Construction Chemicals,69,96998.21,P017
TXN001394,3,2025-09-24,Construction Chemicals,88,122621.41,P017
TXN001395,38,2025-09-24,Adhesives,67,25690.83,P010
TXN001396,116,2025-09-24,Adhesives,27,9465.18,P004
TXN001397,26,2025-09-24,Sealants,27,15620.21,P022
TXN001398,68,2025-09-24,Sealants,27,17435.22,P024
TXN001399,5,2025-09-25,Construction Chemicals,45,59406.93,P023
TXN001400,5,2025-09-25,Sealants,29,15932.95,P023
TXN001401,38,2025-09-25,Adhesives,65,25142.16,P010
TXN001402,99,2025-09-25,Industrial Resins,11,25656.79,P012
TXN001403,21,2025-09-25,Sealants,40,22267.98,P006
TXN001404,39,2025-09-26,Industrial Resins,30,56822.45,P011
TXN001405,84,2025-09-26,Sealants,28,17852.08,P018
TXN001406,108,2025-09-26,Art & Craft,34,5951.24,P005
TXN001407,33,2025-09-26,Sealants,9,5935.53,P016
TXN001408,103,2025-09-27,Industrial Resins,19,35939.06,P010
TXN001409,103,2025-09-27,Adhesives,1,373.53,P010
TXN001410,12,2025-09-27,Construction Chemicals,41,52357.43,P024
TXN001411,13,2025-09-27,Industrial Resins,76,177796.7,P010
TXN001412,3,2025-09-27,Sealants,113,62220.02,P017
TXN001413,110,2025-09-27,Sealants,33,20239.22,P024
TXN001414,102,2025-09-27,Sealants,48,29840.44,P024
TXN001415,34,2025-09-27,Sealants,2,1242.53,P020
TXN001416,119,2025-09-27,Sealants,35,20899.03,P023
TXN001417,115,2025-09-28,Art & Craft,108,19085.77,P004
TXN001418,103,2025-09-28,Industrial Resins,55,120843.1,P010
TXN001419,10,2025-09-28,Adhesives,40,14181.56,P014
TXN001420,10,2025-09-28,Adhesives,89,28991.64,P014
TXN001421,3,2025-09-28,Construction Chemicals,78,126319.6,P017
TXN001422,38,2025-09-28,Adhesives,58,21790.08,P010
TXN001423,9,2025-09-28,Construction Chemicals,23,37293.78,P020
TXN001424,27,2025-09-28,Art & Craft,27,4587.26,P006
TXN001425,98,2025-09-28,Industrial Resins,9,19565.76,P010
TXN001426,10,2025-09-29,Industrial Resins,103,216988.78,P014
TXN001427,5,2025-09-29,Sealants,72,46805.0,P023
TXN001428,13,2025-09-29,Industrial Resins,61,114029.24,P010
TXN001429,13,2025-09-29,Adhesives,43,16433.63,P010
TXN001430,94,2025-09-29,Sealants,38,25156.09,P004
TXN001431,13,2025-09-30,Adhesives,41,15077.34,P010
TXN001432,70,2025-09-30,Construction Chemicals,29,44781.66,P017
TXN001433,2,2025-09-30,Sealants,9,5864.93,P018
TXN001434,35,2025-09-30,Art & Craft,3,565.47,P008
TXN001435,103,2025-10-01,Industrial Resins,39,88195.35,P010
TXN001436,39,2025-10-01,Adhesives,27,10348.0,P011
TXN001437,5,2025-10-01,Construction Chemicals,55,74299.62,P023
TXN001438,5,2025-10-01,Sealants,45,24667.03,P023
TXN001439,108,2025-10-01,Sealants,28,18116.41,P005
TXN001440,5,2025-10-02,Sealants,52,29519.54,P023
TXN001441,23,2025-10-02,Construction Chemicals,50,74501.42,P017
TXN001442,5,2025-10-03,Construction Chemicals,75,110869.09,P023
TXN001443,23,2025-10-03,Construction Chemicals,60,92004.76,P017
TXN001444,3,2025-10-03,Construction Chemicals,66,96464.76,P017
TXN001445,110,2025-10-03,Sealants,95,60054.89,P024
TXN001446,110,2025-10-03,Sealants,46,25753.17,P024
TXN001447,68,2025-10-03,Construction Chemicals,30,44594.08,P024
TXN001448,97,2025-10-03,Sealants,17,10147.8,P016
TXN001449,86,2025-10-03,Construction Chemicals,13,17573.18,P018
TXN001450,20,2025-10-03,Industrial Resins,35,78782.92,P010
TXN001451,103,2025-10-04,Adhesives,58,20627.55,P010
TXN001452,39,2025-10-04,Adhesives,57,19729.04,P011
TXN001453,23,2025-10-04,Sealants,25,16542.61,P017
TXN001454,3,2025-10-04,Construction Chemicals,69,91754.71,P017
TXN001455,38,2025-10-04,Industrial Resins,72,155032.85,P010
TXN001456,38,2025-10-04,Adhesives,43,14294.66,P010
TXN001457,110,2025-10-04,Construction Chemicals,108,156981.52,P024
TXN001458,99,2025-10-04,Industrial Resins,13,27041.73,P012
TXN001459,75,2025-10-04,Construction Chemicals,19,24614.56,P020
TXN001460,56,2025-10-04,Sealants,20,12448.97,P016
TXN001461,46,2025-10-04,Industrial Resins,38,74095.48,P010
TXN001462,115,2025-10-05,Adhesives,29,9824.28,P004
TXN001463,39,2025-10-05,Industrial Resins,49,110489.23,P011
TXN001464,13,2025-10-05,Industrial Resins,72,165570.22,P010
TXN001465,38,2025-10-05,Adhesives,34,11815.22,P010
TXN001466,38,2025-10-05,Adhesives,59,22761.59,P010
TXN001467,93,2025-10-05,Industrial Resins,29,57310.03,P012
TXN001468,113,2025-10-05,Adhesives,27,9720.44,P004
TXN001469,10,2025-10-06,Adhesives,90,28501.98,P014
TXN001470,39,2025-10-06,Adhesives,38,12918.92,P011
TXN001471,13,2025-10-06,Adhesives,62,20648.2,P010
TXN001472,38,2025-10-06,Industrial Resins,49,112346.91,P010
TXN001473,84,2025-10-06,Construction Chemicals,23,30633.88,P018
TXN001474,102,2025-10-06,Construction Chemicals,39,58501.02,P024
TXN001475,70,2025-10-06,Sealants,41,26501.25,P017
TXN001476,2,2025-10-06,Sealants,20,12115.62,P018
TXN001477,53,2025-10-06,Sealants,37,20467.94,P023
TXN001478,52,2025-10-06,Industrial Resins,16,32250.3,P011
TXN001479,44,2025-10-06,Adhesives,19,6568.27,P005
TXN001480,115,2025-10-07,Sealants,52,33638.87,P004
TXN001481,103,2025-10-07,Industrial Resins,89,206018.3,P010
TXN001482,103,2025-10-07,Adhesives,38,14472.63,P010
TXN001483,39,2025-10-07,Industrial Resins,21,47680.92,P011
TXN001484,101,2025-10-07,Sealants,85,50212.87,P018
TXN001485,13,2025-10-07,Adhesives,52,19789.05,P010
TXN001486,110,2025-10-07,Sealants,47,31369.85,P024
TXN001487,108,2025-10-07,Art & Craft,32,5229.71,P005
TXN001488,25,2025-10-07,Adhesives,36,11575.35,P005
TXN001489,115,2025-10-08,Art & Craft,56,11056.41,P004
TXN001490,103,2025-10-08,Adhesives,61,21278.38,P010
TXN001491,10,2025-10-08,Adhesives,36,11537.27,P014
TXN001492,39,2025-10-08,Adhesives,1,335.37,P011
TXN001493,3,2025-10-08,Construction Chemicals,67,108415.73,P017
TXN001494,104,2025-10-08,Adhesives,25,9081.29,P014
TXN001495,102,2025-10-08,Sealants,18,10762.88,P024
TXN001496,69,2025-10-08,Industrial Resins,7,15630.85,P011
TXN001497,113,2025-10-08,Art & Craft,21,4191.63,P004
TXN001498,12,2025-10-09,Sealants,49,28842.46,P024
TXN001499,101,2025-10-09,Construction Chemicals,26,40050.99,P018
TXN001500,23,2025-10-09,Construction Chemicals,29,37193.85,P017
TXN001501,3,2025-10-09,Sealants,8,5292.07,P017
TXN001502,38,2025-10-09,Adhesives,12,3957.45,P010
TXN001503,120,2025-10-09,Industrial Resins,16,33789.31,P014
TXN001504,2,2025-10-09,Construction Chemicals,30,41973.13,P018
TXN001505,103,2025-10-10,Adhesives,21,6489.37,P010
TXN001506,101,2025-10-10,Construction Chemicals,21,33823.95,P018
TXN001507,3,2025-10-10,Sealants,75,51319.83,P017
TXN001508,3,2025-10-10,Sealants,78,46350.6,P017
TXN001509,38,2025-10-10,Industrial Resins,40,79928.42,P010
TXN001510,39,2025-10-11,Adhesives,61,19136.15,P011
TXN001511,101,2025-10-11,Sealants,93,59161.9,P018
TXN001512,5,2025-10-11,Construction Chemicals,14,20595.73,P023
TXN001513,5,2025-10-11,Construction Chemicals,23,31548.33,P023
TXN001514,110,2025-10-11,Construction Chemicals,49,75375.13,P024
TXN001515,71,2025-10-11,Construction Chemicals,16,21512.92,P024
TXN001516,96,2025-10-11,Adhesives,18,5984.87,P011
TXN001517,92,2025-10-11,Sealants,28,15397.95,P026
TXN001518,12,2025-10-12,Construction Chemicals,2,3161.29,P024
TXN001519,12,2025-10-12,Construction Chemicals,24,33068.33,P024
TXN001520,38,2025-10-12,Industrial Resins,107,226563.45,P010
TXN001521,38,2025-10-12,Industrial Resins,42,81789.56,P010
TXN001522,71,2025-10-12,Sealants,41,28016.58,P024
TXN001523,80,2025-10-12,Adhesives,42,15294.29,P010
TXN001524,14,2025-10-12,Art & Craft,22,3934.41,P005
TXN001525,28,2025-10-12,Construction Chemicals,17,23318.17,P017
TXN001526,23,2025-10-13,Sealants,101,59593.35,P017
TXN001527,110,2025-10-13,Construction Chemicals,60,96642.99,P024
TXN001528,37,2025-10-13,Sealants,34,22615.05,P026
TXN001529,91,2025-10-13,Sealants,36,22687.62,P008
TXN001530,89,2025-10-13,Construction Chemicals,16,23350.63,P026
TXN001531,115,2025-10-14,Art & Craft,73,13592.3,P004
TXN001532,103,2025-10-14,Adhesives,78,26538.13,P010
TXN001533,101,2025-10-14,Construction Chemicals,14,21420.95,P018
TXN001534,3,2025-10-14,Construction Chemicals,75,114490.22,P017
TXN001535,77,2025-10-14,Sealants,12,8327.21,P020
TXN001536,90,2025-10-14,Construction Chemicals,21,27287.06,P020
TXN001537,10,2025-10-15,Adhesives,110,36973.21,P014
TXN001538,10,2025-10-15,Adhesives,65,20328.45,P014
TXN001539,12,2025-10-15,Sealants,79,43420.99,P024
TXN001540,23,2025-10-15,Construction Chemicals,51,79537.81,P017
TXN001541,13,2025-10-15,Industrial Resins,44,89022.36,P010
TXN001542,110,2025-10-15,Sealants,62,40893.27,P024
TXN001543,110,2025-10-15,Sealants,60,38742.86,P024
TXN001544,76,2025-10-15,Construction Chemicals,37,51603.01,P026
TXN001545,115,2025-10-16,Art & Craft,24,3923.39,P004
TXN001546,103,2025-10-16,Industrial Resins,88,201733.57,P010
TXN001547,10,2025-10-16,Industrial Resins,37,72731.07,P014
TXN001548,5,2025-10-16,Sealants,48,29041.07,P023
TXN001549,13,2025-10-16,Adhesives,64,20908.68,P010
TXN001550,83,2025-10-16,Adhesives,16,5377.04,P011
TXN001551,56,2025-10-16,Construction Chemicals,41,63115.62,P016
TXN001552,53,2025-10-16,Construction Chemicals,22,29627.12,P023
TXN001553,93,2025-10-16,Adhesives,1,375.2,P012
TXN001554,115,2025-10-17,Sealants,48,29617.75,P004
TXN001555,12,2025-10-17,Sealants,78,45233.96,P024
TXN001556,39,2025-10-17,Adhesives,32,10344.91,P011
TXN001557,5,2025-10-17,Construction Chemicals,42,59244.32,P023
TXN001558,8,2025-10-17,Construction Chemicals,35,49876.53,P026
TXN001559,115,2025-10-18,Art & Craft,76,13350.78,P004
TXN001560,10,2025-10-18,Industrial Resins,51,106478.7,P014
TXN001561,12,2025-10-18,Sealants,30,18152.06,P024
TXN001562,5,2025-10-18,Sealants,84,50922.11,P023
TXN001563,23,2025-10-18,Construction Chemicals,60,92023.9,P017
TXN001564,3,2025-10-18,Construction Chemicals,63,85122.57,P017
TXN001565,104,2025-10-18,Industrial Resins,12,23797.93,P014
TXN001566,2,2025-10-18,Construction Chemicals,52,71896.37,P018
TXN001567,68,2025-10-18,Sealants,22,15033.09,P024
TXN001568,115,2025-10-19,Adhesives,61,19344.97,P004
TXN001569,5,2025-10-19,Sealants,65,45044.29,P023
TXN001570,5,2025-10-19,Sealants,26,17088.77,P023
TXN001571,3,2025-10-19,Sealants,78,43828.3,P017
TXN001572,60,2025-10-19,Art & Craft,26,4240.07,P004
TXN001573,30,2025-10-19,Adhesives,24,7563.34,P010
TXN001574,100,2025-10-19,Adhesives,25,7808.02,P004
TXN001575,19,2025-10-19,Adhesives,11,3536.87,P011
TXN001576,101,2025-10-20,Construction Chemicals,61,95362.66,P018
TXN001577,101,2025-10-20,Sealants,41,25340.45,P018
TXN001578,5,2025-10-20,Construction Chemicals,35,51707.83,P023
TXN001579,83,2025-10-20,Industrial Resins,45,85292.17,P011
TXN001580,95,2025-10-20,Art & Craft,37,6985.82,P008
TXN001581,103,2025-10-21,Industrial Resins,4,8901.38,P010
TXN001582,23,2025-10-21,Construction Chemicals,81,124356.85,P017
TXN001583,13,2025-10-21,Industrial Resins,73,169442.6,P010
TXN001584,13,2025-10-21,Adhesives,53,18562.89,P010
TXN001585,26,2025-10-21,Sealants,27,16486.04,P022
TXN001586,14,2025-10-21,Adhesives,15,4979.18,P005
TXN001587,76,2025-10-21,Sealants,12,7043.57,P026
TXN001588,11,2025-10-21,Construction Chemicals,11,14128.68,P026
TXN001589,115,2025-10-22,Adhesives,14,5177.42,P004
TXN001590,103,2025-10-22,Adhesives,41,13697.92,P010
TXN001591,101,2025-10-22,Sealants,28,18810.65,P018
TXN001592,13,2025-10-22,Industrial Resins,8,14904.0,P010
TXN001593,13,2025-10-22,Industrial Resins,59,116757.05,P010
TXN001594,13,2025-10-22,Adhesives,56,20561.59,P010
TXN001595,78,2025-10-22,Industrial Resins,9,16911.32,P010
TXN001596,101,2025-10-23,Sealants,57,35195.02,P018
TXN001597,23,2025-10-23,Sealants,64,39099.98,P017
TXN001598,38,2025-10-23,Adhesives,26,9556.04,P010
TXN001599,116,2025-10-23,Art & Craft,21,3742.27,P004
TXN001600,84,2025-10-23,Sealants,2,1149.61,P018
TXN001601,78,2025-10-23,Adhesives,18,6603.88,P010
TXN001602,78,2025-10-23,Adhesives,6,2060.29,P010
TXN001603,75,2025-10-23,Sealants,32,21859.63,P020
TXN001604,27,2025-10-23,Art & Craft,30,5084.5,P006
TXN001605,32,2025-10-23,Sealants,20,11542.13,P016
TXN001606,115,2025-10-24,Art & Craft,85,13574.77,P004
TXN001607,39,2025-10-24,Adhesives,35,13698.57,P011
TXN001608,101,2025-10-24,Construction Chemicals,19,29924.59,P018
TXN001609,3,2025-10-24,Construction Chemicals,60,83152.43,P017
TXN001610,80,2025-10-24,Industrial Resins,16,36654.65,P010
TXN001611,115,2025-10-25,Sealants,89,48610.85,P004
TXN001612,12,2025-10-25,Construction Chemicals,84,127828.81,P024
TXN001613,12,2025-10-25,Sealants,54,35587.45,P024
TXN001614,39,2025-10-25,Industrial Resins,51,105570.46,P011
TXN001615,39,2025-10-25,Industrial Resins,51,95273.29,P011
TXN001616,23,2025-10-25,Sealants,68,46470.43,P017
TXN001617,53,2025-10-25,Construction Chemicals,17,24300.36,P023
TXN001618,91,2025-10-25,Adhesives,40,13653.06,P008
TXN001619,115,2025-10-26,Adhesives,56,21849.91,P004
TXN001620,10,2025-10-26,Industrial Resins,56,126755.13,P014
TXN001621,10,2025-10-26,Adhesives,67,23726.65,P014
TXN001622,5,2025-10-26,Construction Chemicals,86,125310.33,P023
TXN001623,23,2025-10-26,Sealants,71,41180.88,P017
TXN001624,38,2025-10-26,Adhesives,33,12659.35,P010
TXN001625,110,2025-10-26,Construction Chemicals,63,90181.57,P024
TXN001626,110,2025-10-26,Construction Chemicals,7,9359.66,P024
TXN001627,106,2025-10-26,Construction Chemicals,37,50286.22,P016
TXN001628,70,2025-10-26,Construction Chemicals,32,48709.04,P017
TXN001629,90,2025-10-26,Sealants,8,4737.17,P020
TXN001630,10,2025-10-27,Adhesives,87,30108.73,P014
TXN001631,12,2025-10-27,Construction Chemicals,77,119613.9,P024
TXN001632,23,2025-10-27,Sealants,47,29080.28,P017
TXN001633,13,2025-10-27,Adhesives,47,16000.05,P010
TXN001634,3,2025-10-27,Sealants,61,41353.64,P017
TXN001635,9,2025-10-27,Sealants,42,27092.16,P020
TXN001636,26,2025-10-27,Construction Chemicals,24,35256.35,P022
TXN001637,12,2025-10-28,Construction Chemicals,44,62683.45,P024
TXN001638,12,2025-10-28,Sealants,32,18184.33,P024
TXN001639,39,2025-10-28,Industrial Resins,53,109295.64,P011
TXN001640,77,2025-10-28,Construction Chemicals,20,29638.75,P020
TXN001641,99,2025-10-28,Adhesives,18,7016.04,P012
TXN001642,34,2025-10-28,Construction Chemicals,6,8830.96,P020
TXN001643,18,2025-10-28,Industrial Resins,18,40718.44,P011
TXN001644,96,2025-10-28,Industrial Resins,36,83028.28,P011
TXN001645,103,2025-10-29,Industrial Resins,27,55915.94,P010
TXN001646,39,2025-10-29,Industrial Resins,83,183840.37,P011
TXN001647,101,2025-10-29,Sealants,39,26399.57,P018
TXN001648,13,2025-10-29,Adhesives,92,32949.41,P010
TXN001649,110,2025-10-29,Construction Chemicals,8,10813.62,P024
TXN001650,115,2025-10-30,Adhesives,46,16784.25,P004
TXN001651,115,2025-10-30,Sealants,24,13452.22,P004
TXN001652,103,2025-10-30,Adhesives,49,17434.66,P010
TXN001653,10,2025-10-30,Industrial Resins,64,121854.82,P014
TXN001654,10,2025-10-30,Industrial Resins,37,81180.38,P014
TXN001655,12,2025-10-30,Construction Chemicals,64,102723.37,P024
TXN001656,101,2025-10-30,Construction Chemicals,30,45843.04,P018
TXN001657,3,2025-10-30,Sealants,47,27850.27,P017
TXN001658,38,2025-10-30,Adhesives,70,23796.18,P010
TXN001659,37,2025-10-30,Construction Chemicals,42,66140.24,P026
TXN001660,34,2025-10-30,Sealants,22,13520.6,P020
TXN001661,110,2025-10-31,Sealants,35,21803.77,P024
TXN001662,106,2025-10-31,Sealants,36,24194.45,P016
TXN001663,9,2025-10-31,Construction Chemicals,42,56112.48,P020
TXN001664,120,2025-10-31,Adhesives,18,5634.47,P014
TXN001665,108,2025-10-31,Adhesives,1,379.25,P005
TXN001666,95,2025-10-31,Adhesives,13,4723.64,P008
TXN001667,90,2025-10-31,Construction Chemicals,23,35505.84,P020
TXN001668,67,2025-10-31,Construction Chemicals,52,79970.69,P017
TXN001669,23,2025-11-01,Sealants,1,597.7,P017
TXN001670,13,2025-11-01,Industrial Resins,48,106063.18,P010
TXN001671,13,2025-11-01,Industrial Resins,41,79190.86,P010
TXN001672,3,2025-11-01,Construction Chemicals,39,50408.63,P017
TXN001673,110,2025-11-01,Construction Chemicals,36,50219.92,P024
TXN001674,115,2025-11-02,Adhesives,65,22747.51,P004
TXN001675,115,2025-11-02,Art & Craft,67,13477.81,P004
TXN001676,10,2025-11-02,Industrial Resins,63,129569.36,P014
TXN001677,10,2025-11-02,Adhesives,24,8151.79,P014
TXN001678,23,2025-11-02,Construction Chemicals,28,43917.96,P017
TXN001679,38,2025-11-02,Adhesives,54,18413.01,P010
TXN001680,58,2025-11-02,Construction Chemicals,8,11526.54,P016
TXN001681,115,2025-11-03,Adhesives,52,17533.0,P004
TXN001682,101,2025-11-03,Sealants,38,23871.11,P018
TXN001683,23,2025-11-03,Construction Chemicals,13,20817.37,P017
TXN001684,83,2025-11-03,Adhesives,43,13995.08,P011
TXN001685,99,2025-11-03,Adhesives,21,7889.95,P012
TXN001686,78,2025-11-03,Industrial Resins,26,53453.81,P010
TXN001687,115,2025-11-04,Art & Craft,67,13248.59,P004
TXN001688,115,2025-11-04,Sealants,77,44743.54,P004
TXN001689,12,2025-11-04,Sealants,48,31079.82,P024
TXN001690,13,2025-11-04,Adhesives,41,12882.57,P010
TXN001691,110,2025-11-04,Sealants,53,31002.13,P024
TXN001692,120,2025-11-04,Industrial Resins,19,35435.46,P014
TXN001693,103,2025-11-05,Industrial Resins,62,130343.96,P010
TXN001694,39,2025-11-05,Adhesives,24,8291.84,P011
TXN001695,39,2025-11-05,Adhesives,24,8228.87,P011
TXN001696,101,2025-11-05,Construction Chemicals,114,168438.69,P018
TXN001697,101,2025-11-05,Sealants,24,14868.18,P018
TXN001698,23,2025-11-05,Sealants,32,20664.54,P017
TXN001699,93,2025-11-05,Adhesives,37,12374.98,P012
TXN001700,10,2025-11-06,Industrial Resins,68,156672.26,P014
TXN001701,39,2025-11-06,Industrial Resins,6,13756.57,P011
TXN001702,101,2025-11-06,Construction Chemicals,42,54210.05,P018
TXN001703,5,2025-11-06,Construction Chemicals,58,86702.13,P023
TXN001704,5,2025-11-06,Sealants,54,35591.53,P023
TXN001705,38,2025-11-06,Industrial Resins,59,115133.6,P010
TXN001706,110,2025-11-06,Sealants,50,31440.25,P024
TXN001707,33,2025-11-06,Sealants,18,10508.05,P016
TXN001708,45,2025-11-06,Industrial Resins,19,35217.51,P011
TXN001709,81,2025-11-06,Art & Craft,7,1154.35,P008
TXN001710,115,2025-11-07,Adhesives,66,24751.76,P004
TXN001711,103,2025-11-07,Industrial Resins,66,129062.35,P010
TXN001712,103,2025-11-07,Adhesives,102,32575.28,P010
TXN001713,103,2025-11-07,Adhesives,73,26383.34,P010
TXN001714,13,2025-11-07,Industrial Resins,23,48477.55,P010
TXN001715,13,2025-11-07,Adhesives,25,7974.84,P010
TXN001716,3,2025-11-07,Construction Chemicals,35,50543.84,P017
TXN001717,38,2025-11-07,Industrial Resins,32,70988.16,P010
TXN001718,38,2025-11-07,Adhesives,58,19957.25,P010
TXN001719,52,2025-11-07,Industrial Resins,22,45037.0,P011
TXN001720,39,2025-11-08,Industrial Resins,14,31165.65,P011
TXN001721,23,2025-11-08,Construction Chemicals,50,66169.97,P017
TXN001722,23,2025-11-08,Construction Chemicals,32,51320.87,P017
TXN001723,23,2025-11-08,Sealants,59,35722.73,P017
TXN001724,3,2025-11-08,Construction Chemicals,125,197792.44,P017
TXN001725,3,2025-11-08,Sealants,60,33182.91,P017
TXN001726,110,2025-11-08,Sealants,24,14676.57,P024
TXN001727,68,2025-11-08,Construction Chemicals,33,45123.73,P024
TXN001728,85,2025-11-08,Art & Craft,16,2838.64,P005
TXN001729,43,2025-11-08,Construction Chemicals,17,22603.14,P022
TXN001730,103,2025-11-09,Adhesives,1,365.02,P010
TXN001731,39,2025-11-09,Adhesives,74,23470.77,P011
TXN001732,110,2025-11-09,Sealants,1,610.52,P024
TXN001733,106,2025-11-09,Sealants,26,17738.18,P016
TXN001734,120,2025-11-09,Adhesives,28,9734.08,P014
TXN001735,95,2025-11-09,Sealants,1,595.89,P008
TXN001736,39,2025-11-10,Adhesives,102,31523.01,P011
TXN001737,5,2025-11-10,Construction Chemicals,61,79473.72,P023
TXN001738,23,2025-11-10,Sealants,49,28545.23,P017
TXN001739,116,2025-11-10,Adhesives,33,12333.41,P004
TXN001740,77,2025-11-10,Construction Chemicals,34,52187.05,P020
TXN001741,75,2025-11-10,Construction Chemicals,6,9124.59,P020
TXN001742,76,2025-11-10,Sealants,17,9523.67,P026
TXN001743,90,2025-11-10,Sealants,26,15788.57,P020
TXN001744,32,2025-11-10,Sealants,16,9906.58,P016
TXN001745,45,2025-11-10,Adhesives,24,7739.53,P011
TXN001746,92,2025-11-10,Sealants,25,16979.61,P026
TXN001747,115,2025-11-11,Sealants,75,49377.21,P004
TXN001748,103,2025-11-11,Industrial Resins,65,139043.47,P010
TXN001749,10,2025-11-11,Adhesives,32,9950.0,P014
TXN001750,12,2025-11-11,Sealants,76,46300.28,P024
TXN001751,101,2025-11-11,Sealants,60,38456.9,P018
TXN001752,13,2025-11-11,Industrial Resins,102,218982.84,P010
TXN001753,38,2025-11-11,Adhesives,96,29570.09,P010
TXN001754,110,2025-11-11,Construction Chemicals,32,42675.91,P024
TXN001755,9,2025-11-11,Construction Chemicals,16,20786.63,P020
TXN001756,80,2025-11-11,Adhesives,21,7134.25,P010
TXN001757,108,2025-11-11,Sealants,36,20014.33,P005
TXN001758,53,2025-11-11,Sealants,21,13998.35,P023
TXN001759,34,2025-11-11,Sealants,18,9921.06,P020
TXN001760,25,2025-11-11,Sealants,33,19828.92,P005
TXN001761,115,2025-11-12,Sealants,63,38253.01,P004
TXN001762,10,2025-11-12,Adhesives,52,17438.14,P014
TXN001763,101,2025-11-12,Sealants,25,15974.83,P018
TXN001764,23,2025-11-12,Sealants,66,40989.07,P017
TXN001765,13,2025-11-12,Adhesives,70,26697.75,P010
TXN001766,3,2025-11-12,Sealants,85,58328.19,P017
TXN001767,3,2025-11-12,Sealants,66,37013.46,P017
TXN001768,116,2025-11-12,Sealants,30,17335.77,P004
TXN001769,108,2025-11-12,Adhesives,28,9772.68,P005
TXN001770,94,2025-11-12,Adhesives,19,6686.33,P004
TXN001771,10,2025-11-13,Adhesives,25,8562.17,P014
TXN001772,12,2025-11-13,Sealants,44,26803.09,P024
TXN001773,5,2025-11-13,Construction Chemicals,59,81437.24,P023
TXN001774,5,2025-11-13,Sealants,53,32210.41,P023
TXN001775,13,2025-11-13,Industrial Resins,89,177076.83,P010
TXN001776,13,2025-11-13,Industrial Resins,23,43757.19,P010
TXN001777,70,2025-11-13,Sealants,32,19821.47,P017
TXN001778,115,2025-11-14,Adhesives,39,14471.18,P004
TXN001779,12,2025-11-14,Construction Chemicals,25,35071.23,P024
TXN001780,12,2025-11-14,Sealants,8,5404.48,P024
TXN001781,6,2025-11-14,Construction Chemicals,34,52464.22,P016
TXN001782,21,2025-11-14,Adhesives,16,5187.81,P006
TXN001783,101,2025-11-15,Construction Chemicals,56,74164.74,P018
TXN001784,101,2025-11-15,Sealants,91,57760.84,P018
TXN001785,13,2025-11-15,Adhesives,93,32502.86,P010
TXN001786,3,2025-11-15,Construction Chemicals,59,88152.51,P017
TXN001787,60,2025-11-15,Adhesives,17,5548.39,P004
TXN001788,34,2025-11-15,Construction Chemicals,29,41244.9,P020
TXN001789,80,2025-11-16,Industrial Resins,38,85557.4,P010
TXN001790,83,2025-11-16,Industrial Resins,31,61695.84,P011
TXN001791,70,2025-11-16,Construction Chemicals,11,16352.92,P017
TXN001792,115,2025-11-17,Art & Craft,59,10151.33,P004
TXN001793,115,2025-11-17,Art & Craft,79,14227.71,P004
TXN001794,3,2025-11-17,Construction Chemicals,61,83973.54,P017
TXN001795,3,2025-11-17,Sealants,64,35487.28,P017
TXN001796,71,2025-11-17,Construction Chemicals,24,30818.42,P024
TXN001797,901,2025-11-17,Art & Craft,20,3389.98,P004
TXN001798,62,2025-11-17,Sealants,28,19424.23,P005
TXN001799,10,2025-11-18,Industrial Resins,39,72268.68,P014
TXN001800,39,2025-11-18,Industrial Resins,40,81528.82,P011
TXN001801,26,2025-11-18,Construction Chemicals,36,55078.31,P022
TXN001802,89,2025-11-18,Construction Chemicals,34,48072.28,P026
TXN001803,103,2025-11-19,Adhesives,31,9953.91,P010
TXN001804,10,2025-11-19,Industrial Resins,34,65086.07,P014
TXN001805,10,2025-11-19,Industrial Resins,1,2231.4,P014
TXN001806,101,2025-11-19,Construction Chemicals,47,68310.38,P018
TXN001807,110,2025-11-19,Construction Chemicals,71,107937.44,P024
TXN001808,84,2025-11-19,Construction Chemicals,13,19265.19,P018
TXN001809,83,2025-11-19,Adhesives,35,11448.18,P011
TXN001810,14,2025-11-19,Sealants,16,11101.63,P005
TXN001811,82,2025-11-19,Construction Chemicals,5,6825.89,P018
TXN001812,94,2025-11-19,Art & Craft,14,2583.07,P004
TXN001813,61,2025-11-19,Construction Chemicals,1,1597.48,P017
TXN001814,103,2025-11-20,Industrial Resins,74,153222.49,P010
TXN001815,39,2025-11-20,Industrial Resins,70,152297.04,P011
TXN001816,23,2025-11-20,Sealants,43,24612.29,P017
TXN001817,56,2025-11-20,Sealants,16,9156.36,P016
TXN001818,53,2025-11-20,Construction Chemicals,46,68956.95,P023
TXN001819,76,2025-11-20,Construction Chemicals,30,41539.47,P026
TXN001820,68,2025-11-20,Sealants,50,31510.17,P024
TXN001821,35,2025-11-20,Adhesives,19,6041.18,P008
TXN001822,103,2025-11-21,Adhesives,81,27787.97,P010
TXN001823,10,2025-11-21,Industrial Resins,71,154697.96,P014
TXN001824,39,2025-11-21,Industrial Resins,45,92549.87,P011
TXN001825,39,2025-11-21,Adhesives,48,15687.42,P011
TXN001826,13,2025-11-21,Adhesives,33,10802.94,P010
TXN001827,3,2025-11-21,Sealants,49,29055.7,P017
TXN001828,38,2025-11-21,Adhesives,77,28897.19,P010
TXN001829,27,2025-11-21,Art & Craft,24,4343.75,P006
TXN001830,27,2025-11-21,Sealants,31,17737.58,P006
TXN001831,103,2025-11-22,Industrial Resins,81,174230.49,P010
TXN001832,12,2025-11-22,Construction Chemicals,22,34699.14,P024
TXN001833,5,2025-11-22,Construction Chemicals,54,78453.97,P023
TXN001834,38,2025-11-22,Industrial Resins,47,87060.46,P010
TXN001835,110,2025-11-22,Sealants,68,43234.36,P024
TXN001836,106,2025-11-22,Construction Chemicals,11,16248.64,P016
TXN001837,60,2025-11-22,Art & Craft,40,7279.47,P004
TXN001838,37,2025-11-22,Construction Chemicals,26,36402.31,P026
TXN001839,5,2025-11-23,Sealants,74,43618.57,P023
TXN001840,38,2025-11-23,Adhesives,70,22422.47,P010
TXN001841,78,2025-11-23,Adhesives,23,7826.64,P010
TXN001842,14,2025-11-23,Adhesives,23,7790.83,P005
TXN001843,39,2025-11-24,Industrial Resins,5,11056.54,P011
TXN001844,101,2025-11-24,Construction Chemicals,1,1479.81,P018
TXN001845,13,2025-11-24,Adhesives,98,36535.14,P010
TXN001846,3,2025-11-24,Construction Chemicals,51,69850.51,P017
TXN001847,38,2025-11-24,Industrial Resins,59,122825.96,P010
TXN001848,110,2025-11-24,Construction Chemicals,23,34153.59,P024
TXN001849,77,2025-11-24,Sealants,24,15718.55,P020
TXN001850,102,2025-11-24,Construction Chemicals,25,33739.79,P024
TXN001851,56,2025-11-24,Construction Chemicals,1,1470.47,P016
TXN001852,59,2025-11-24,Adhesives,19,7437.39,P010
TXN001853,10,2025-11-25,Adhesives,62,21536.45,P014
TXN001854,23,2025-11-25,Construction Chemicals,48,66869.12,P017
TXN001855,38,2025-11-25,Adhesives,36,12401.37,P010
TXN001856,110,2025-11-25,Construction Chemicals,29,37131.07,P024
TXN001857,71,2025-11-25,Sealants,17,9378.23,P024
TXN001858,99,2025-11-25,Industrial Resins,28,55486.4,P012
TXN001859,26,2025-11-25,Sealants,15,9831.31,P022
TXN001860,39,2025-11-26,Adhesives,65,21538.52,P011
TXN001861,5,2025-11-26,Sealants,106,58763.8,P023
TXN001862,110,2025-11-26,Construction Chemicals,68,96856.47,P024
TXN001863,15,2025-11-26,Adhesives,16,5892.41,P004
TXN001864,12,2025-11-27,Sealants,81,53398.3,P024
TXN001865,101,2025-11-27,Sealants,63,39691.36,P018
TXN001866,23,2025-11-27,Construction Chemicals,38,49090.07,P017
TXN001867,84,2025-11-27,Sealants,35,22070.95,P018
TXN001868,93,2025-11-27,Industrial Resins,12,25514.23,P012
TXN001869,30,2025-11-27,Adhesives,43,16053.59,P010
TXN001870,115,2025-11-28,Sealants,72,40541.69,P004
TXN001871,103,2025-11-28,Adhesives,83,26587.52,P010
TXN001872,12,2025-11-28,Construction Chemicals,70,107660.46,P024
TXN001873,12,2025-11-28,Construction Chemicals,8,12148.7,P024
TXN001874,5,2025-11-28,Construction Chemicals,72,94222.32,P023
TXN001875,5,2025-11-28,Sealants,43,24662.86,P023
TXN001876,38,2025-11-28,Industrial Resins,30,56103.56,P010
TXN001877,9,2025-11-28,Sealants,24,13992.79,P020
TXN001878,2,2025-11-28,Construction Chemicals,30,42978.32,P018
TXN001879,90,2025-11-28,Construction Chemicals,33,42929.74,P020
TXN001880,57,2025-11-28,Adhesives,18,6205.2,P012
TXN001881,10,2025-11-29,Adhesives,53,16781.29,P014
TXN001882,12,2025-11-29,Construction Chemicals,66,101317.55,P024
TXN001883,101,2025-11-29,Construction Chemicals,36,45987.44,P018
TXN001884,102,2025-11-29,Sealants,31,20552.63,P024
TXN001885,48,2025-11-29,Construction Chemicals,8,10834.55,P017
TXN001886,5,2025-11-30,Construction Chemicals,39,58858.44,P023
TXN001887,5,2025-11-30,Sealants,41,25863.83,P023
TXN001888,110,2025-11-30,Sealants,1,566.26,P024
TXN001889,104,2025-11-30,Adhesives,35,10942.68,P014
TXN001890,37,2025-11-30,Sealants,33,21303.29,P026
TXN001891,10,2025-12-01,Industrial Resins,23,42898.12,P014
TXN001892,12,2025-12-01,Sealants,35,19096.54,P024
TXN001893,75,2025-12-01,Sealants,24,15152.45,P020
TXN001894,115,2025-12-02,Art & Craft,39,7568.12,P004
TXN001895,10,2025-12-02,Industrial Resins,70,159400.42,P014
TXN001896,10,2025-12-02,Industrial Resins,39,80700.12,P014
TXN001897,101,2025-12-02,Construction Chemicals,31,43949.62,P018
TXN001898,23,2025-12-02,Sealants,40,22087.66,P017
TXN001899,23,2025-12-02,Sealants,38,24293.24,P017
TXN001900,38,2025-12-02,Industrial Resins,14,27289.16,P010
TXN001901,9,2025-12-02,Sealants,32,21456.34,P020
TXN001902,56,2025-12-02,Construction Chemicals,30,44167.22,P016
TXN001903,15,2025-12-02,Adhesives,35,12495.85,P004
TXN001904,61,2025-12-02,Sealants,23,15063.75,P017
TXN001905,103,2025-12-03,Adhesives,78,29418.48,P010
TXN001906,10,2025-12-03,Industrial Resins,53,111894.17,P014
TXN001907,10,2025-12-03,Adhesives,91,31025.07,P014
TXN001908,12,2025-12-03,Sealants,77,52152.5,P024
TXN001909,110,2025-12-03,Sealants,34,20380.76,P024
TXN001910,95,2025-12-03,Sealants,22,14410.54,P008
TXN001911,52,2025-12-03,Adhesives,36,13570.93,P011
TXN001912,115,2025-12-04,Sealants,4,2700.12,P004
TXN001913,10,2025-12-04,Industrial Resins,70,147003.74,P014
TXN001914,5,2025-12-04,Construction Chemicals,59,79847.28,P023
TXN001915,110,2025-12-04,Construction Chemicals,34,44863.4,P024
TXN001916,110,2025-12-04,Sealants,42,26480.84,P024
TXN001917,78,2025-12-04,Adhesives,11,4214.06,P010
TXN001918,26,2025-12-04,Construction Chemicals,26,37338.95,P022
TXN001919,14,2025-12-04,Sealants,11,6355.46,P005
TXN001920,115,2025-12-05,Adhesives,73,27573.5,P004
TXN001921,103,2025-12-05,Industrial Resins,31,63963.75,P010
TXN001922,5,2025-12-05,Sealants,31,20681.67,P023
TXN001923,120,2025-12-05,Adhesives,40,14166.43,P014
TXN001924,104,2025-12-05,Adhesives,32,11825.53,P014
TXN001925,83,2025-12-05,Adhesives,30,10417.62,P011
TXN001926,103,2025-12-06,Industrial Resins,74,162194.65,P010
TXN001927,10,2025-12-06,Adhesives,54,20988.82,P014
TXN001928,39,2025-12-06,Industrial Resins,9,16982.28,P011
TXN001929,39,2025-12-06,Adhesives,39,14212.61,P011
TXN001930,5,2025-12-06,Sealants,77,52039.36,P023
TXN001931,13,2025-12-06,Adhesives,66,24196.04,P010
TXN001932,38,2025-12-06,Adhesives,9,3344.14,P010
TXN001933,38,2025-12-06,Adhesives,58,22053.56,P010
TXN001934,110,2025-12-06,Construction Chemicals,51,69611.47,P024
TXN001935,108,2025-12-06,Sealants,5,2984.77,P005
TXN001936,53,2025-12-06,Sealants,23,15097.5,P023
TXN001937,76,2025-12-06,Construction Chemicals,37,51283.08,P026
TXN001938,33,2025-12-06,Sealants,8,5492.56,P016
TXN001939,70,2025-12-07,Sealants,19,10915.47,P017
TXN001940,2,2025-12-07,Sealants,27,16043.29,P018
TXN001941,30,2025-12-07,Adhesives,18,6196.34,P010
TXN001942,89,2025-12-07,Construction Chemicals,27,36100.23,P026
TXN001943,19,2025-12-07,Industrial Resins,34,69634.96,P011
TXN001944,103,2025-12-08,Adhesives,22,8473.44,P010
TXN001945,39,2025-12-08,Industrial Resins,19,40291.66,P011
TXN001946,23,2025-12-08,Construction Chemicals,80,123855.63,P017
TXN001947,13,2025-12-08,Adhesives,94,35188.23,P010
TXN001948,115,2025-12-09,Adhesives,88,27540.99,P004
TXN001949,38,2025-12-09,Adhesives,3,937.48,P010
TXN001950,71,2025-12-09,Sealants,14,9501.42,P024
TXN001951,14,2025-12-09,Adhesives,14,4621.24,P005
TXN001952,76,2025-12-09,Sealants,47,30671.42,P026
TXN001953,3,2025-12-10,Construction Chemicals,31,44867.79,P017
TXN001954,37,2025-12-10,Sealants,40,26897.84,P026
TXN001955,27,2025-12-10,Adhesives,22,7227.12,P006
TXN001956,72,2025-12-10,Industrial Resins,4,9382.04,P010
TXN001957,101,2025-12-11,Sealants,30,18187.78,P018
TXN001958,80,2025-12-11,Industrial Resins,31,57880.93,P010
TXN001959,53,2025-12-11,Construction Chemicals,37,52161.26,P023
TXN001960,12,2025-12-12,Construction Chemicals,23,34914.47,P024
TXN001961,13,2025-12-12,Industrial Resins,11,20508.24,P010
TXN001962,38,2025-12-12,Industrial Resins,97,205410.7,P010
TXN001963,38,2025-12-12,Adhesives,26,9995.83,P010
TXN001964,110,2025-12-12,Sealants,58,33675.86,P024
TXN001965,83,2025-12-12,Industrial Resins,36,82473.77,P011
TXN001966,69,2025-12-12,Industrial Resins,37,68726.36,P011
TXN001967,103,2025-12-13,Industrial Resins,63,116804.93,P010
TXN001968,10,2025-12-13,Adhesives,80,28371.16,P014
TXN001969,101,2025-12-13,Construction Chemicals,75,120674.52,P018
TXN001970,5,2025-12-13,Sealants,41,22887.15,P023
TXN001971,23,2025-12-13,Construction Chemicals,79,125850.6,P017
TXN001972,84,2025-12-13,Sealants,35,19871.08,P018
TXN001973,102,2025-12-13,Sealants,5,3315.34,P024
TXN001974,68,2025-12-13,Sealants,20,11099.03,P024
TXN001975,27,2025-12-13,Sealants,43,26022.0,P006
TXN001976,10,2025-12-14,Industrial Resins,16,30735.37,P014
TXN001977,23,2025-12-14,Sealants,126,71056.99,P017
TXN001978,13,2025-12-14,Adhesives,56,20385.04,P010
TXN001979,13,2025-12-14,Adhesives,50,19081.46,P010
TXN001980,116,2025-12-14,Art & Craft,29,5528.68,P004
TXN001981,90,2025-12-14,Construction Chemicals,16,21537.5,P020
TXN001982,5,2025-12-15,Construction Chemicals,35,48767.11,P023
TXN001983,3,2025-12-15,Construction Chemicals,100,152905.8,P017
TXN001984,3,2025-12-15,Sealants,55,35402.14,P017
TXN001985,110,2025-12-15,Construction Chemicals,34,43416.95,P024
TXN001986,23,2025-12-16,Sealants,60,34353.82,P017
TXN001987,3,2025-12-16,Sealants,51,31447.28,P017
TXN001988,71,2025-12-16,Construction Chemicals,41,54711.3,P024
TXN001989,116,2025-12-16,Adhesives,36,12063.92,P004
TXN001990,1,2025-12-16,Sealants,36,22326.57,P004
TXN001991,103,2025-12-17,Adhesives,1,336.51,P010
TXN001992,39,2025-12-17,Adhesives,66,23988.13,P011
TXN001993,3,2025-12-17,Construction Chemicals,43,62033.65,P017
TXN001994,3,2025-12-17,Sealants,27,16168.69,P017
TXN001995,106,2025-12-17,Sealants,19,10538.41,P016
TXN001996,115,2025-12-18,Sealants,79,47832.66,P004
TXN001997,10,2025-12-18,Adhesives,65,21993.81,P014
TXN001998,101,2025-12-18,Construction Chemicals,47,62044.84,P018
TXN001999,5,2025-12-18,Construction Chemicals,60,95786.77,P023
TXN002000,5,2025-12-18,Construction Chemicals,54,74582.06,P023
TXN002001,23,2025-12-18,Construction Chemicals,56,90397.58,P017
TXN002002,13,2025-12-18,Industrial Resins,29,59539.82,P010
TXN002003,120,2025-12-18,Industrial Resins,16,31472.09,P014
TXN002004,103,2025-12-19,Industrial Resins,56,113323.83,P010
TXN002005,39,2025-12-19,Industrial Resins,25,55257.63,P011
TXN002006,13,2025-12-19,Adhesives,92,29207.82,P010
TXN002007,116,2025-12-19,Sealants,21,12269.28,P004
TXN002008,27,2025-12-19,Art & Craft,10,1922.87,P006
TXN002009,39,2025-12-20,Industrial Resins,70,145134.59,P011
TXN002010,55,2025-12-20,Industrial Resins,30,58385.89,P010
TXN002011,12,2025-12-21,Construction Chemicals,62,83163.2,P024
TXN002012,12,2025-12-21,Sealants,16,10006.12,P024
TXN002013,23,2025-12-21,Construction Chemicals,32,45375.47,P017
TXN002014,13,2025-12-21,Industrial Resins,43,93840.57,P010
TXN002015,110,2025-12-21,Construction Chemicals,47,66804.48,P024
TXN002016,110,2025-12-21,Sealants,71,41322.59,P024
TXN002017,63,2025-12-21,Art & Craft,17,3266.07,P008
TXN002018,115,2025-12-22,Adhesives,41,15783.89,P004
TXN002019,90,2025-12-22,Sealants,36,23378.06,P020
TXN002020,10,2025-12-23,Adhesives,45,16094.49,P014
TXN002021,12,2025-12-23,Construction Chemicals,46,62994.27,P024
TXN002022,101,2025-12-23,Construction Chemicals,40,55178.77,P018
TXN002023,23,2025-12-23,Construction Chemicals,98,132968.0,P017
TXN002024,38,2025-12-23,Industrial Resins,3,5959.33,P010
TXN002025,82,2025-12-23,Sealants,9,4927.08,P018
TXN002026,12,2025-12-24,Construction Chemicals,51,68551.78,P024
TXN002027,101,2025-12-24,Sealants,25,14586.95,P018
TXN002028,3,2025-12-24,Construction Chemicals,73,113492.91,P017
TXN002029,91,2025-12-24,Adhesives,38,12841.49,P008
TXN002030,115,2025-12-25,Art & Craft,42,8057.92,P004
TXN002031,103,2025-12-25,Industrial Resins,89,166358.73,P010
TXN002032,39,2025-12-25,Adhesives,60,22964.67,P011
TXN002033,5,2025-12-25,Sealants,77,46697.65,P023
TXN002034,3,2025-12-25,Construction Chemicals,76,111622.74,P017
TXN002035,102,2025-12-25,Construction Chemicals,1,1420.48,P024
TXN002036,2,2025-12-25,Construction Chemicals,18,28428.62,P018
TXN002037,26,2025-12-25,Sealants,27,15426.48,P022
TXN002038,34,2025-12-25,Construction Chemicals,8,10509.81,P020
TXN002039,46,2025-12-25,Adhesives,30,9349.1,P010
TXN002040,12,2025-12-26,Sealants,49,31047.46,P024
TXN002041,101,2025-12-26,Sealants,86,48575.2,P018
TXN002042,13,2025-12-26,Industrial Resins,72,142938.73,P010
TXN002043,38,2025-12-26,Industrial Resins,39,82984.62,P010
TXN002044,110,2025-12-26,Sealants,62,34975.95,P024
TXN002045,60,2025-12-26,Adhesives,16,5972.98,P004
TXN002046,56,2025-12-26,Sealants,28,17753.45,P016
TXN002047,93,2025-12-26,Industrial Resins,10,22639.59,P012
TXN002048,12,2025-12-27,Construction Chemicals,16,21038.15,P024
TXN002049,5,2025-12-27,Construction Chemicals,9,13069.71,P023
TXN002050,38,2025-12-27,Industrial Resins,43,91777.73,P010
TXN002051,99,2025-12-27,Adhesives,48,17602.15,P012
TXN002052,78,2025-12-27,Industrial Resins,15,34945.84,P010
TXN002053,75,2025-12-27,Construction Chemicals,37,57040.79,P020
TXN002054,30,2025-12-27,Industrial Resins,25,54536.28,P010
TXN002055,101,2025-12-28,Sealants,75,41664.54,P018
TXN002056,13,2025-12-28,Industrial Resins,24,52215.66,P010
TXN002057,77,2025-12-28,Construction Chemicals,36,48202.2,P020
TXN002058,70,2025-12-28,Construction Chemicals,21,32950.93,P017
TXN002059,47,2025-12-28,Sealants,46,30010.91,P018
TXN002060,103,2025-12-29,Adhesives,63,23366.1,P010
TXN002061,12,2025-12-29,Sealants,38,20973.79,P024
TXN002062,39,2025-12-29,Adhesives,72,23292.91,P011
TXN002063,39,2025-12-29,Adhesives,100,36129.22,P011
TXN002064,34,2025-12-29,Sealants,26,17857.31,P020
TXN002065,55,2025-12-29,Adhesives,41,14400.35,P010
TXN002066,48,2025-12-29,Construction Chemicals,30,47340.65,P017
TXN002067,39,2025-12-30,Industrial Resins,58,116026.42,P011
TXN002068,3,2025-12-30,Sealants,23,13321.2,P017
TXN002069,110,2025-12-30,Construction Chemicals,32,43875.13,P024
TXN002070,84,2025-12-30,Construction Chemicals,24,33543.64,P018
TXN002071,106,2025-12-30,Construction Chemicals,27,38841.53,P016
TXN002072,108,2025-12-30,Adhesives,20,6887.15,P005
TXN002073,72,2025-12-30,Adhesives,13,5062.94,P010
TXN002074,115,2025-12-31,Sealants,78,52393.19,P004
TXN002075,101,2025-12-31,Construction Chemicals,80,120286.0,P018
TXN002076,101,2025-12-31,Sealants,63,41487.96,P018
TXN002077,5,2025-12-31,Sealants,101,63420.97,P023
TXN002078,99,2025-12-31,Industrial Resins,18,41357.34,P012
TXN002079,86,2025-12-31,Construction Chemicals,19,29031.39,P018
TXN002080,115,2026-01-01,Art & Craft,73,12355.44,P004
TXN002081,10,2026-01-01,Adhesives,39,12440.74,P014
TXN002082,13,2026-01-01,Industrial Resins,116,250496.9,P010
TXN002083,3,2026-01-01,Construction Chemicals,75,121015.85,P017
TXN002084,110,2026-01-01,Construction Chemicals,56,79263.36,P024
TXN002085,101,2026-01-02,Construction Chemicals,98,138174.29,P018
TXN002086,110,2026-01-02,Sealants,46,28593.67,P024
TXN002087,60,2026-01-02,Adhesives,41,15167.08,P004
TXN002088,99,2026-01-02,Industrial Resins,51,108850.69,P012
TXN002089,62,2026-01-02,Art & Craft,16,3113.23,P005
TXN002090,92,2026-01-02,Construction Chemicals,25,38764.4,P026
TXN002091,12,2026-01-03,Construction Chemicals,64,82836.25,P024
TXN002092,23,2026-01-03,Construction Chemicals,65,85485.11,P017
TXN002093,13,2026-01-03,Adhesives,48,17417.02,P010
TXN002094,3,2026-01-03,Construction Chemicals,12,16238.18,P017
TXN002095,38,2026-01-03,Adhesives,73,28481.09,P010
TXN002096,104,2026-01-03,Adhesives,9,3006.62,P014
TXN002097,14,2026-01-03,Adhesives,26,8536.67,P005
TXN002098,115,2026-01-04,Sealants,54,32803.96,P004
TXN002099,103,2026-01-04,Adhesives,52,18535.85,P010
TXN002100,71,2026-01-04,Construction Chemicals,21,32897.42,P024
TXN002101,27,2026-01-04,Adhesives,28,8734.92,P006
TXN002102,97,2026-01-04,Construction Chemicals,23,32680.39,P016
TXN002103,11,2026-01-04,Construction Chemicals,22,29235.98,P026
TXN002104,51,2026-01-04,Construction Chemicals,1,1362.04,P018
TXN002105,103,2026-01-05,Industrial Resins,82,153026.65,P010
TXN002106,23,2026-01-05,Sealants,61,34571.83,P017
TXN002107,78,2026-01-05,Industrial Resins,19,43558.69,P010
TXN002108,115,2026-01-06,Sealants,56,31417.84,P004
TXN002109,103,2026-01-06,Industrial Resins,50,95424.36,P010
TXN002110,10,2026-01-06,Adhesives,86,28871.09,P014
TXN002111,101,2026-01-06,Sealants,96,66172.77,P018
TXN002112,23,2026-01-06,Sealants,55,37876.95,P017
TXN002113,13,2026-01-06,Industrial Resins,9,18831.94,P010
TXN002114,13,2026-01-06,Industrial Resins,34,76729.2,P010
TXN002115,120,2026-01-06,Adhesives,19,7309.93,P014
TXN002116,68,2026-01-06,Sealants,20,11632.83,P024
TXN002117,27,2026-01-06,Sealants,35,23138.67,P006
TXN002118,13,2026-01-07,Adhesives,87,33373.02,P010
TXN002119,3,2026-01-07,Construction Chemicals,91,122184.51,P017
TXN002120,39,2026-01-08,Industrial Resins,50,114475.84,P011
TXN002121,39,2026-01-08,Industrial Resins,47,88882.88,P011
TXN002122,38,2026-01-08,Adhesives,12,4107.4,P010
TXN002123,110,2026-01-08,Sealants,74,43325.47,P024
TXN002124,93,2026-01-08,Adhesives,29,9213.57,P012
TXN002125,115,2026-01-09,Adhesives,1,318.32,P004
TXN002126,12,2026-01-09,Construction Chemicals,1,1491.0,P024
TXN002127,39,2026-01-09,Industrial Resins,69,141522.88,P011
TXN002128,23,2026-01-09,Construction Chemicals,73,95883.24,P017
TXN002129,38,2026-01-09,Industrial Resins,54,101994.84,P010
TXN002130,108,2026-01-09,Sealants,33,20008.19,P005
TXN002131,53,2026-01-09,Sealants,28,17128.42,P023
TXN002132,45,2026-01-09,Adhesives,41,15032.5,P011
TXN002133,101,2026-01-10,Construction Chemicals,39,53871.74,P018
TXN002134,101,2026-01-10,Construction Chemicals,41,54845.53,P018
TXN002135,23,2026-01-10,Sealants,68,46649.4,P017
TXN002136,55,2026-01-10,Adhesives,23,7981.55,P010
TXN002137,103,2026-01-11,Industrial Resins,9,17435.93,P010
TXN002138,10,2026-01-11,Industrial Resins,31,70410.06,P014
TXN002139,38,2026-01-11,Industrial Resins,35,81229.01,P010
TXN002140,102,2026-01-11,Sealants,18,11565.93,P024
TXN002141,99,2026-01-11,Adhesives,12,4563.57,P012
TXN002142,40,2026-01-11,Construction Chemicals,22,30809.97,P022
TXN002143,10,2026-01-12,Industrial Resins,72,149358.09,P014
TXN002144,38,2026-01-12,Industrial Resins,36,80767.23,P010
TXN002145,38,2026-01-12,Adhesives,43,13508.56,P010
TXN002146,110,2026-01-12,Construction Chemicals,133,210233.41,P024
TXN002147,10,2026-01-13,Adhesives,7,2205.29,P014
TXN002148,13,2026-01-13,Adhesives,69,24044.52,P010
TXN002149,3,2026-01-13,Sealants,70,38332.64,P017
TXN002150,2,2026-01-13,Sealants,29,19255.31,P018
TXN002151,68,2026-01-13,Construction Chemicals,24,35484.31,P024
TXN002152,27,2026-01-13,Art & Craft,20,3454.9,P006
TXN002153,10,2026-01-14,Industrial Resins,51,116671.35,P014
TXN002154,101,2026-01-14,Construction Chemicals,67,88929.32,P018
TXN002155,13,2026-01-14,Industrial Resins,1,1968.78,P010
TXN002156,3,2026-01-14,Sealants,89,49515.06,P017
TXN002157,110,2026-01-14,Sealants,88,52862.09,P024
TXN002158,53,2026-01-14,Construction Chemicals,9,12968.92,P023
TXN002159,90,2026-01-14,Construction Chemicals,42,58472.85,P020
TXN002160,115,2026-01-15,Art & Craft,32,6004.64,P004
TXN002161,5,2026-01-15,Construction Chemicals,52,69978.77,P023
TXN002162,80,2026-01-15,Industrial Resins,22,41891.82,P010
TXN002163,70,2026-01-15,Sealants,33,18902.96,P017
TXN002164,40,2026-01-15,Sealants,31,18869.27,P022
TXN002165,111,2026-01-15,Art & Craft,29,5180.04,P006
TXN002166,39,2026-01-16,Industrial Resins,37,85764.38,P011
TXN002167,39,2026-01-16,Adhesives,71,26814.11,P011
TXN002168,101,2026-01-16,Sealants,26,15801.04,P018
TXN002169,13,2026-01-16,Industrial Resins,15,28989.47,P010
TXN002170,38,2026-01-16,Industrial Resins,40,82240.82,P010
TXN002171,38,2026-01-16,Adhesives,43,13791.76,P010
TXN002172,60,2026-01-16,Sealants,15,9528.31,P004
TXN002173,80,2026-01-16,Adhesives,25,9007.37,P010
TXN002174,102,2026-01-16,Construction Chemicals,46,65110.27,P024
TXN002175,103,2026-01-17,Industrial Resins,1,1996.02,P010
TXN002176,5,2026-01-17,Construction Chemicals,43,55872.33,P023
TXN002177,5,2026-01-17,Sealants,73,50208.69,P023
TXN002178,30,2026-01-17,Adhesives,29,8946.11,P010
TXN002179,31,2026-01-17,Sealants,46,28291.81,P006
TXN002180,39,2026-01-18,Adhesives,86,26927.47,P011
TXN002181,101,2026-01-18,Sealants,86,57922.68,P018
TXN002182,3,2026-01-18,Construction Chemicals,1,1529.75,P017
TXN002183,83,2026-01-18,Adhesives,22,6947.1,P011
TXN002184,34,2026-01-18,Construction Chemicals,45,71382.84,P020
TXN002185,93,2026-01-18,Industrial Resins,33,62506.35,P012
TXN002186,115,2026-01-19,Adhesives,67,25614.61,P004
TXN002187,115,2026-01-19,Art & Craft,76,12359.7,P004
TXN002188,103,2026-01-19,Industrial Resins,23,53101.2,P010
TXN002189,38,2026-01-19,Adhesives,47,15667.45,P010
TXN002190,83,2026-01-19,Industrial Resins,25,57734.29,P011
TXN002191,2,2026-01-19,Construction Chemicals,4,6319.67,P018
TXN002192,95,2026-01-19,Art & Craft,25,4502.94,P008
TXN002193,10,2026-01-20,Industrial Resins,78,172297.63,P014
TXN002194,5,2026-01-20,Sealants,71,46972.1,P023
TXN002195,5,2026-01-20,Sealants,30,17780.28,P023
TXN002196,3,2026-01-20,Sealants,83,47898.94,P017
TXN002197,114,2026-01-20,Sealants,1,607.06,P024
TXN002198,103,2026-01-21,Adhesives,83,30300.96,P010
TXN002199,12,2026-01-21,Sealants,53,28980.54,P024
TXN002200,39,2026-01-21,Industrial Resins,70,150204.15,P011
TXN002201,13,2026-01-21,Adhesives,36,12080.2,P010
TXN002202,84,2026-01-21,Construction Chemicals,21,27514.21,P018
TXN002203,9,2026-01-21,Sealants,48,32891.09,P020
TXN002204,18,2026-01-21,Industrial Resins,33,77405.87,P011
TXN002205,113,2026-01-21,Adhesives,28,10277.97,P004
TXN002206,3,2026-01-22,Sealants,17,11567.24,P017
TXN002207,38,2026-01-22,Industrial Resins,64,136964.93,P010
TXN002208,77,2026-01-22,Sealants,28,15631.56,P020
TXN002209,23,2026-01-23,Construction Chemicals,52,71038.38,P017
TXN002210,110,2026-01-23,Construction Chemicals,27,43210.23,P024
TXN002211,120,2026-01-23,Industrial Resins,28,63188.35,P014
TXN002212,37,2026-01-23,Sealants,15,8856.87,P026
TXN002213,75,2026-01-23,Sealants,24,13160.67,P020
TXN002214,115,2026-01-24,Adhesives,75,25569.24,P004
TXN002215,10,2026-01-24,Adhesives,61,19763.75,P014
TXN002216,101,2026-01-24,Sealants,28,17099.4,P018
TXN002217,71,2026-01-24,Sealants,20,11851.65,P024
TXN002218,14,2026-01-24,Art & Craft,18,2918.34,P005
TXN002219,32,2026-01-24,Sealants,46,29839.84,P016
TXN002220,12,2026-01-25,Sealants,56,37930.88,P024
TXN002221,5,2026-01-25,Construction Chemicals,46,70057.5,P023
TXN002222,13,2026-01-25,Adhesives,75,26044.79,P010
TXN002223,60,2026-01-25,Art & Craft,22,4146.36,P004
TXN002224,108,2026-01-25,Art & Craft,25,4884.47,P005
TXN002225,82,2026-01-25,Construction Chemicals,11,16426.63,P018
TXN002226,19,2026-01-25,Industrial Resins,17,34045.76,P011
TXN002227,12,2026-01-26,Sealants,51,30287.99,P024
TXN002228,39,2026-01-26,Adhesives,73,25560.32,P011
TXN002229,5,2026-01-26,Sealants,47,30113.04,P023
TXN002230,110,2026-01-26,Sealants,71,48873.54,P024
TXN002231,104,2026-01-26,Industrial Resins,39,80590.69,P014
TXN002232,26,2026-01-26,Sealants,22,14794.4,P022
TXN002233,30,2026-01-26,Industrial Resins,51,107802.85,P010
TXN002234,10,2026-01-27,Adhesives,45,17293.09,P014
TXN002235,12,2026-01-27,Sealants,28,16002.93,P024
TXN002236,5,2026-01-27,Sealants,61,33821.68,P023
TXN002237,84,2026-01-27,Sealants,21,12526.2,P018
TXN002238,75,2026-01-27,Construction Chemicals,20,27019.98,P020
TXN002239,90,2026-01-27,Sealants,37,24859.97,P020
TXN002240,92,2026-01-27,Sealants,22,12649.82,P026
TXN002241,41,2026-01-27,Adhesives,23,8518.1,P014
TXN002242,12,2026-01-28,Construction Chemicals,31,43619.8,P024
TXN002243,23,2026-01-28,Construction Chemicals,87,134010.26,P017
TXN002244,56,2026-01-28,Sealants,37,24945.03,P016
TXN002245,72,2026-01-28,Adhesives,27,10060.19,P010
TXN002246,103,2026-01-29,Industrial Resins,53,100746.55,P010
TXN002247,103,2026-01-29,Adhesives,25,8535.71,P010
TXN002248,103,2026-01-29,Adhesives,71,23900.09,P010
TXN002249,23,2026-01-29,Sealants,37,25523.37,P017
TXN002250,88,2026-01-29,Construction Chemicals,14,19649.24,P024
TXN002251,115,2026-01-30,Sealants,95,65885.17,P004
TXN002252,103,2026-01-30,Adhesives,49,16928.15,P010
TXN002253,12,2026-01-30,Construction Chemicals,48,75675.55,P024
TXN002254,39,2026-01-30,Adhesives,112,40854.99,P011
TXN002255,77,2026-01-30,Construction Chemicals,19,27253.57,P020
TXN002256,10,2026-01-31,Industrial Resins,25,47563.34,P014
TXN002257,5,2026-01-31,Construction Chemicals,110,176630.62,P023
TXN002258,110,2026-01-31,Construction Chemicals,34,44983.63,P024
TXN002259,12,2026-02-01,Construction Chemicals,34,49744.6,P024
TXN002260,12,2026-02-01,Sealants,36,24040.86,P024
TXN002261,39,2026-02-01,Adhesives,46,15004.53,P011
TXN002262,13,2026-02-01,Industrial Resins,20,43683.57,P010
TXN002263,3,2026-02-01,Construction Chemicals,41,55584.89,P017
TXN002264,38,2026-02-01,Adhesives,47,14832.01,P010
TXN002265,2,2026-02-01,Sealants,20,13476.47,P018
TXN002266,108,2026-02-01,Adhesives,33,12001.13,P005
TXN002267,3,2026-02-02,Sealants,47,29485.41,P017
TXN002268,26,2026-02-02,Sealants,25,16091.91,P022
TXN002269,34,2026-02-02,Construction Chemicals,13,18965.33,P020
TXN002270,48,2026-02-02,Sealants,34,21954.99,P017
TXN002271,58,2026-02-02,Construction Chemicals,33,47293.49,P016
TXN002272,39,2026-02-03,Adhesives,93,30091.3,P011
TXN002273,101,2026-02-03,Sealants,48,30161.45,P018
TXN002274,23,2026-02-03,Construction Chemicals,34,54992.5,P017
TXN002275,3,2026-02-03,Construction Chemicals,63,84932.95,P017
TXN002276,38,2026-02-03,Industrial Resins,40,76800.19,P010
TXN002277,110,2026-02-03,Construction Chemicals,71,99868.58,P024
TXN002278,56,2026-02-03,Sealants,24,14027.34,P016
TXN002279,50,2026-02-03,Adhesives,21,6756.05,P012
TXN002280,10,2026-02-04,Adhesives,55,19730.08,P014
TXN002281,5,2026-02-04,Sealants,60,39106.12,P023
TXN002282,13,2026-02-04,Industrial Resins,26,57829.58,P010
TXN002283,9,2026-02-04,Sealants,28,18962.03,P020
TXN002284,83,2026-02-04,Industrial Resins,24,44500.0,P011
TXN002285,90,2026-02-04,Sealants,35,23991.67,P020
TXN002286,115,2026-02-05,Sealants,51,31197.46,P004
TXN002287,115,2026-02-05,Sealants,126,84091.34,P004
TXN002288,103,2026-02-05,Industrial Resins,28,57006.85,P010
TXN002289,23,2026-02-05,Sealants,20,11452.86,P017
TXN002290,77,2026-02-05,Sealants,33,22223.34,P020
TXN002291,80,2026-02-05,Industrial Resins,19,41965.4,P010
TXN002292,26,2026-02-05,Construction Chemicals,21,33780.54,P022
TXN002293,14,2026-02-05,Sealants,19,10609.29,P005
TXN002294,47,2026-02-05,Sealants,49,28096.6,P018
TXN002295,5,2026-02-06,Construction Chemicals,7,10172.66,P023
TXN002296,5,2026-02-06,Sealants,45,27335.22,P023
TXN002297,23,2026-02-06,Sealants,17,9377.54,P017
TXN002298,3,2026-02-06,Construction Chemicals,38,56724.63,P017
TXN002299,53,2026-02-06,Construction Chemicals,40,61658.48,P023
TXN002300,103,2026-02-07,Industrial Resins,6,13816.06,P010
TXN002301,103,2026-02-07,Adhesives,43,16559.43,P010
TXN002302,10,2026-02-07,Industrial Resins,27,61279.6,P014
TXN002303,10,2026-02-07,Adhesives,19,7116.17,P014
TXN002304,5,2026-02-07,Sealants,10,6877.25,P023
TXN002305,110,2026-02-07,Construction Chemicals,33,53316.51,P024
TXN002306,68,2026-02-07,Sealants,36,21625.68,P024
TXN002307,10,2026-02-09,Industrial Resins,62,129708.6,P014
TXN002308,10,2026-02-09,Industrial Resins,47,92833.65,P014
TXN002309,12,2026-02-09,Construction Chemicals,27,39518.73,P024
TXN002310,12,2026-02-09,Sealants,48,31595.95,P024
TXN002311,5,2026-02-09,Construction Chemicals,69,92714.02,P023
TXN002312,104,2026-02-09,Adhesives,1,349.47,P014
TXN002313,95,2026-02-09,Art & Craft,14,2298.56,P008
TXN002314,41,2026-02-09,Adhesives,20,7383.96,P014
TXN002315,115,2026-02-10,Adhesives,58,22057.25,P004
TXN002316,115,2026-02-10,Sealants,68,44665.58,P004
TXN002317,39,2026-02-10,Adhesives,23,7481.45,P011
TXN002318,23,2026-02-10,Construction Chemicals,49,68753.9,P017
TXN002319,57,2026-02-10,Adhesives,10,3146.45,P012
TXN002320,115,2026-02-11,Art & Craft,38,6504.13,P004
TXN002321,103,2026-02-11,Adhesives,55,18085.89,P010
TXN002322,39,2026-02-11,Industrial Resins,43,100218.1,P011
TXN002323,5,2026-02-11,Construction Chemicals,75,96209.3,P023
TXN002324,5,2026-02-11,Sealants,19,12412.56,P023
TXN002325,23,2026-02-11,Sealants,84,56401.36,P017
TXN002326,13,2026-02-11,Adhesives,64,24891.15,P010
TXN002327,116,2026-02-11,Sealants,28,18053.72,P004
TXN002328,84,2026-02-11,Sealants,11,6035.37,P018
TXN002329,77,2026-02-11,Construction Chemicals,34,44098.88,P020
TXN002330,60,2026-02-11,Art & Craft,26,4483.3,P004
TXN002331,76,2026-02-11,Construction Chemicals,21,30579.81,P026
TXN002332,115,2026-02-12,Adhesives,54,16706.37,P004
TXN002333,10,2026-02-12,Adhesives,33,12115.01,P014
TXN002334,12,2026-02-12,Sealants,48,30180.99,P024
TXN002335,5,2026-02-12,Construction Chemicals,55,83941.44,P023
TXN002336,23,2026-02-12,Construction Chemicals,48,63397.58,P017
TXN002337,106,2026-02-12,Sealants,51,29784.34,P016
TXN002338,9,2026-02-12,Construction Chemicals,36,56527.61,P020
TXN002339,80,2026-02-12,Adhesives,28,8974.32,P010
TXN002340,115,2026-02-13,Adhesives,51,18708.82,P004
TXN002341,101,2026-02-13,Sealants,18,10082.88,P018
TXN002342,52,2026-02-13,Industrial Resins,33,61159.72,P011
TXN002343,22,2026-02-13,Sealants,40,25499.82,P026
TXN002344,10,2026-02-14,Industrial Resins,85,181443.89,P014
TXN002345,10,2026-02-14,Adhesives,45,15782.22,P014
TXN002346,39,2026-02-14,Industrial Resins,32,67825.57,P011
TXN002347,39,2026-02-14,Industrial Resins,31,67004.54,P011
TXN002348,38,2026-02-14,Industrial Resins,41,90428.14,P010
TXN002349,38,2026-02-14,Industrial Resins,24,45914.23,P010
TXN002350,116,2026-02-14,Art & Craft,41,7326.22,P004
TXN002351,102,2026-02-14,Sealants,12,6782.49,P024
TXN002352,34,2026-02-14,Sealants,21,13163.6,P020
TXN002353,90,2026-02-14,Construction Chemicals,1,1473.63,P020
TXN002354,103,2026-02-15,Industrial Resins,68,140720.29,P010
TXN002355,12,2026-02-15,Construction Chemicals,43,56183.37,P024
TXN002356,38,2026-02-15,Industrial Resins,57,120549.12,P010
TXN002357,38,2026-02-15,Adhesives,66,25613.84,P010
TXN002358,116,2026-02-15,Adhesives,24,7490.13,P004
TXN002359,83,2026-02-15,Adhesives,24,8131.45,P011
TXN002360,27,2026-02-15,Adhesives,10,3610.79,P006
TXN002361,27,2026-02-15,Sealants,31,19654.48,P006
TXN002362,103,2026-02-16,Adhesives,40,15416.82,P010
TXN002363,39,2026-02-16,Industrial Resins,39,72116.61,P011
TXN002364,5,2026-02-16,Sealants,41,25293.08,P023
TXN002365,23,2026-02-16,Construction Chemicals,127,172117.65,P017
TXN002366,38,2026-02-16,Industrial Resins,99,222489.8,P010
TXN002367,110,2026-02-16,Sealants,80,53013.11,P024
TXN002368,99,2026-02-16,Adhesives,35,12788.67,P012
TXN002369,70,2026-02-16,Sealants,43,27279.37,P017
TXN002370,2,2026-02-16,Construction Chemicals,27,36334.79,P018
TXN002371,95,2026-02-16,Sealants,19,11632.39,P008
TXN002372,76,2026-02-16,Sealants,37,24126.99,P026
TXN002373,68,2026-02-17,Construction Chemicals,36,54549.25,P024
TXN002374,81,2026-02-17,Adhesives,21,7232.92,P008
TXN002375,101,2026-02-18,Sealants,18,10622.7,P018
TXN002376,38,2026-02-18,Adhesives,35,13158.41,P010
TXN002377,108,2026-02-18,Sealants,29,17708.91,P005
TXN002378,12,2026-02-19,Construction Chemicals,48,75483.7,P024
TXN002379,3,2026-02-19,Sealants,39,23759.79,P017
TXN002380,93,2026-02-19,Industrial Resins,27,58237.54,P012
TXN002381,92,2026-02-19,Construction Chemicals,34,49631.88,P026
TXN002382,115,2026-02-20,Art & Craft,49,9307.0,P004
TXN002383,10,2026-02-20,Adhesives,78,29599.03,P014
TXN002384,101,2026-02-20,Sealants,60,36978.34,P018
TXN002385,13,2026-02-20,Industrial Resins,72,150476.46,P010
TXN002386,13,2026-02-20,Adhesives,28,9587.92,P010
TXN002387,13,2026-02-20,Adhesives,41,12870.35,P010
TXN002388,110,2026-02-20,Construction Chemicals,8,12782.27,P024
TXN002389,111,2026-02-20,Adhesives,16,5045.69,P006
TXN002390,12,2026-02-21,Sealants,23,14163.78,P024
TXN002391,101,2026-02-21,Construction Chemicals,36,53540.07,P018
TXN002392,37,2026-02-21,Sealants,35,21029.4,P026
TXN002393,102,2026-02-21,Construction Chemicals,30,48560.1,P024
TXN002394,56,2026-02-21,Construction Chemicals,31,49868.41,P016
TXN002395,103,2026-02-22,Industrial Resins,23,46300.93,P010
TXN002396,3,2026-02-22,Construction Chemicals,59,75575.52,P017
TXN002397,3,2026-02-22,Sealants,27,17482.02,P017
TXN002398,38,2026-02-22,Adhesives,92,32937.77,P010
TXN002399,38,2026-02-22,Adhesives,88,31736.45,P010
TXN002400,110,2026-02-22,Construction Chemicals,46,69110.46,P024
TXN002401,60,2026-02-22,Adhesives,23,7912.47,P004
TXN002402,12,2026-02-23,Construction Chemicals,86,131271.31,P024
TXN002403,39,2026-02-23,Industrial Resins,41,84562.77,P011
TXN002404,120,2026-02-23,Industrial Resins,52,111444.48,P014
TXN002405,37,2026-02-23,Construction Chemicals,30,46890.66,P026
TXN002406,75,2026-02-23,Sealants,23,13958.62,P020
TXN002407,69,2026-02-23,Industrial Resins,12,27552.43,P011
TXN002408,72,2026-02-23,Adhesives,6,2215.38,P010
TXN002409,35,2026-02-23,Adhesives,26,8281.33,P008
TXN002410,10,2026-02-24,Industrial Resins,63,145052.62,P014
TXN002411,10,2026-02-24,Industrial Resins,1,1891.16,P014
TXN002412,39,2026-02-24,Adhesives,83,32244.22,P011
TXN002413,110,2026-02-24,Sealants,70,46572.14,P024
TXN002414,99,2026-02-24,Industrial Resins,33,68724.57,P012
TXN002415,93,2026-02-24,Adhesives,14,4768.52,P012
TXN002416,103,2026-02-25,Industrial Resins,47,100183.58,P010
TXN002417,103,2026-02-25,Adhesives,41,13402.58,P010
TXN002418,101,2026-02-25,Sealants,30,19234.57,P018
TXN002419,13,2026-02-25,Adhesives,44,14275.1,P010
TXN002420,3,2026-02-25,Sealants,75,49880.17,P017
TXN002421,110,2026-02-25,Sealants,84,54771.98,P024
TXN002422,104,2026-02-25,Industrial Resins,43,89468.91,P014
TXN002423,108,2026-02-25,Art & Craft,37,6757.88,P005
TXN002424,86,2026-02-25,Construction Chemicals,48,72453.87,P018
TXN002425,115,2026-02-26,Art & Craft,89,17311.22,P004
TXN002426,12,2026-02-26,Sealants,42,27028.54,P024
TXN002427,39,2026-02-26,Industrial Resins,68,159459.84,P011
TXN002428,101,2026-02-26,Construction Chemicals,95,139148.35,P018
TXN002429,13,2026-02-26,Industrial Resins,16,30277.43,P010
TXN002430,13,2026-02-26,Industrial Resins,39,78660.24,P010
TXN002431,103,2026-02-27,Industrial Resins,12,27476.51,P010
TXN002432,103,2026-02-27,Adhesives,20,7211.72,P010
TXN002433,101,2026-02-27,Construction Chemicals,80,124153.73,P018
TXN002434,101,2026-02-27,Construction Chemicals,22,28950.35,P018
TXN002435,13,2026-02-27,Industrial Resins,23,51014.45,P010
TXN002436,106,2026-02-27,Construction Chemicals,33,46804.73,P016
TXN002437,120,2026-02-27,Adhesives,35,12535.3,P014
TXN002438,39,2026-02-28,Adhesives,75,27856.92,P011
TXN002439,23,2026-02-28,Sealants,51,28518.05,P017
TXN002440,110,2026-02-28,Sealants,10,6270.37,P024
TXN002441,19,2026-02-28,Industrial Resins,15,28943.53,P011
TXN002442,103,2026-03-01,Industrial Resins,71,131909.91,P010
TXN002443,10,2026-03-01,Industrial Resins,97,199930.84,P014
TXN002444,101,2026-03-01,Construction Chemicals,109,173315.9,P018
TXN002445,23,2026-03-01,Sealants,67,41492.71,P017
TXN002446,38,2026-03-01,Adhesives,9,3288.02,P010
TXN002447,9,2026-03-01,Construction Chemicals,11,14421.17,P020
TXN002448,10,2026-03-02,Industrial Resins,28,56814.32,P014
TXN002449,5,2026-03-02,Construction Chemicals,104,152073.39,P023
TXN002450,75,2026-03-02,Sealants,28,16746.08,P020
TXN002451,91,2026-03-02,Art & Craft,16,3193.34,P008
TXN002452,10,2026-03-03,Adhesives,114,42121.28,P014
TXN002453,12,2026-03-03,Construction Chemicals,3,4232.49,P024
TXN002454,39,2026-03-03,Industrial Resins,56,116853.71,P011
TXN002455,5,2026-03-03,Construction Chemicals,83,133161.15,P023
TXN002456,5,2026-03-03,Sealants,36,23452.66,P023
TXN002457,5,2026-03-03,Sealants,58,39856.41,P023
TXN002458,38,2026-03-03,Industrial Resins,33,64645.84,P010
TXN002459,110,2026-03-03,Construction Chemicals,57,88382.96,P024
TXN002460,110,2026-03-03,Construction Chemicals,53,73427.38,P024
TXN002461,110,2026-03-03,Sealants,93,54261.13,P024
TXN002462,2,2026-03-03,Construction Chemicals,50,67194.62,P018
TXN002463,88,2026-03-03,Sealants,23,14775.78,P024
TXN002464,96,2026-03-03,Industrial Resins,20,42926.08,P011
TXN002465,115,2026-03-04,Sealants,100,68255.57,P004
TXN002466,12,2026-03-04,Construction Chemicals,48,75505.46,P024
TXN002467,23,2026-03-04,Sealants,91,60967.65,P017
TXN002468,83,2026-03-04,Industrial Resins,12,27906.29,P011
TXN002469,10,2026-03-05,Industrial Resins,89,169780.39,P014
TXN002470,39,2026-03-05,Adhesives,50,18240.43,P011
TXN002471,23,2026-03-05,Construction Chemicals,48,71957.09,P017
TXN002472,23,2026-03-05,Sealants,106,61843.81,P017
TXN002473,3,2026-03-05,Sealants,54,30507.66,P017
TXN002474,102,2026-03-05,Sealants,38,25328.55,P024
TXN002475,26,2026-03-05,Sealants,36,24519.18,P022
TXN002476,17,2026-03-05,Adhesives,11,4284.7,P011
TXN002477,12,2026-03-06,Construction Chemicals,88,113360.4,P024
TXN002478,39,2026-03-06,Adhesives,48,18743.24,P011
TXN002479,3,2026-03-06,Construction Chemicals,51,68038.97,P017
TXN002480,80,2026-03-06,Industrial Resins,28,60587.17,P010
TXN002481,11,2026-03-06,Sealants,12,7175.7,P026
TXN002482,103,2026-03-07,Adhesives,52,18022.08,P010
TXN002483,101,2026-03-07,Sealants,66,43258.79,P018
TXN002484,3,2026-03-07,Sealants,58,32685.21,P017
TXN002485,38,2026-03-07,Industrial Resins,51,96142.96,P010
TXN002486,9,2026-03-07,Sealants,16,9879.5,P020
TXN002487,104,2026-03-07,Adhesives,24,7407.58,P014
TXN002488,901,2026-03-07,Sealants,35,19918.14,P004
TXN002489,39,2026-03-08,Adhesives,70,21731.1,P011
TXN002490,38,2026-03-08,Adhesives,126,49355.88,P010
TXN002491,77,2026-03-08,Sealants,7,4590.53,P020
TXN002492,102,2026-03-08,Construction Chemicals,32,45113.66,P024
TXN002493,90,2026-03-08,Sealants,36,22624.94,P020
TXN002494,27,2026-03-08,Art & Craft,21,4171.32,P006
TXN002495,39,2026-03-09,Adhesives,25,8092.97,P011
TXN002496,23,2026-03-09,Construction Chemicals,68,91616.27,P017
TXN002497,23,2026-03-09,Construction Chemicals,64,93522.59,P017
TXN002498,110,2026-03-09,Sealants,87,53140.13,P024
TXN002499,104,2026-03-09,Industrial Resins,9,19478.29,P014
TXN002500,92,2026-03-09,Construction Chemicals,14,19745.56,P026
TXN002501,103,2026-03-10,Industrial Resins,94,183135.63,P010
TXN002502,103,2026-03-10,Adhesives,69,23701.38,P010
TXN002503,10,2026-03-10,Adhesives,55,20695.63,P014
TXN002504,12,2026-03-10,Sealants,78,50247.66,P024
TXN002505,39,2026-03-10,Industrial Resins,41,82233.07,P011
TXN002506,110,2026-03-10,Sealants,84,53251.55,P024
TXN002507,37,2026-03-10,Sealants,14,8181.78,P026
TXN002508,99,2026-03-10,Industrial Resins,27,59106.53,P012
TXN002509,53,2026-03-10,Sealants,24,13992.29,P023
TXN002510,67,2026-03-10,Sealants,28,16403.03,P017
TXN002511,38,2026-03-11,Industrial Resins,86,176836.27,P010
TXN002512,60,2026-03-11,Sealants,24,15210.6,P004
TXN002513,115,2026-03-12,Sealants,45,24881.18,P004
TXN002514,101,2026-03-12,Sealants,45,26067.53,P018
TXN002515,110,2026-03-12,Sealants,31,17048.14,P024
TXN002516,120,2026-03-12,Industrial Resins,22,46243.27,P014
TXN002517,103,2026-03-13,Industrial Resins,85,187059.78,P010
TXN002518,5,2026-03-13,Sealants,35,20786.58,P023
TXN002519,13,2026-03-13,Adhesives,61,19640.85,P010
TXN002520,13,2026-03-13,Adhesives,42,14450.81,P010
TXN002521,3,2026-03-13,Construction Chemicals,78,119077.68,P017
TXN002522,116,2026-03-13,Art & Craft,36,5948.41,P004
TXN002523,93,2026-03-13,Industrial Resins,44,90195.41,P012
TXN002524,27,2026-03-13,Sealants,31,17622.66,P006
TXN002525,17,2026-03-13,Industrial Resins,2,3981.72,P011
TXN002526,12,2026-03-14,Sealants,25,15922.9,P024
TXN002527,5,2026-03-14,Construction Chemicals,61,83090.28,P023
TXN002528,38,2026-03-14,Adhesives,47,17425.09,P010
TXN002529,38,2026-03-14,Adhesives,56,18455.24,P010
TXN002530,110,2026-03-14,Sealants,14,9214.37,P024
TXN002531,2,2026-03-14,Sealants,19,10783.09,P018
TXN002532,53,2026-03-14,Construction Chemicals,13,20214.98,P023
TXN002533,95,2026-03-14,Adhesives,16,5301.57,P008
TXN002534,45,2026-03-14,Industrial Resins,27,56049.69,P011
TXN002535,5,2026-03-15,Sealants,51,34424.36,P023
TXN002536,23,2026-03-15,Sealants,100,63008.08,P017
TXN002537,13,2026-03-15,Adhesives,5,1737.48,P010
TXN002538,108,2026-03-15,Adhesives,46,14333.43,P005
TXN002539,1,2026-03-15,Adhesives,29,9551.71,P004
TXN002540,103,2026-03-16,Industrial Resins,58,113218.34,P010
TXN002541,12,2026-03-16,Sealants,59,35369.19,P024
TXN002542,12,2026-03-16,Sealants,66,42677.22,P024
TXN002543,39,2026-03-16,Industrial Resins,27,50257.11,P011
TXN002544,110,2026-03-16,Construction Chemicals,55,72909.39,P024
TXN002545,110,2026-03-16,Construction Chemicals,45,69318.3,P024
TXN002546,110,2026-03-16,Sealants,70,40746.03,P024
TXN002547,83,2026-03-16,Adhesives,38,12203.85,P011
TXN002548,78,2026-03-16,Adhesives,29,9569.47,P010
TXN002549,56,2026-03-16,Sealants,55,31034.32,P016
TXN002550,34,2026-03-16,Construction Chemicals,35,45505.88,P020
TXN002551,68,2026-03-16,Sealants,31,19204.48,P024
TXN002552,27,2026-03-16,Adhesives,28,10382.45,P006
TXN002553,97,2026-03-16,Construction Chemicals,24,38337.84,P016
TXN002554,28,2026-03-16,Sealants,18,11889.51,P017
TXN002555,91,2026-03-16,Adhesives,36,13103.56,P008
TXN002556,39,2026-03-17,Industrial Resins,14,27552.6,P011
TXN002557,101,2026-03-17,Construction Chemicals,19,30320.47,P018
TXN002558,3,2026-03-17,Sealants,77,50535.23,P017
TXN002559,71,2026-03-17,Sealants,36,22640.83,P024
TXN002560,84,2026-03-17,Sealants,35,23346.24,P018
TXN002561,120,2026-03-17,Adhesives,35,11157.39,P014
TXN002562,56,2026-03-17,Construction Chemicals,13,17739.22,P016
TXN002563,28,2026-03-17,Construction Chemicals,33,49842.0,P017
TXN002564,5,2026-03-18,Sealants,63,37939.56,P023
TXN002565,3,2026-03-18,Sealants,68,40847.7,P017
TXN002566,106,2026-03-18,Construction Chemicals,42,57795.02,P016
TXN002567,60,2026-03-18,Adhesives,30,10236.2,P004
TXN002568,73,2026-03-18,Construction Chemicals,32,45067.92,P026
TXN002569,103,2026-03-19,Adhesives,53,17123.32,P010
TXN002570,23,2026-03-19,Sealants,52,30463.89,P017
TXN002571,13,2026-03-19,Industrial Resins,34,67334.55,P010
TXN002572,58,2026-03-19,Construction Chemicals,7,10174.09,P016
TXN002573,103,2026-03-20,Industrial Resins,53,117910.84,P010
TXN002574,10,2026-03-20,Adhesives,78,27672.75,P014
TXN002575,101,2026-03-20,Construction Chemicals,104,144460.17,P018
TXN002576,13,2026-03-20,Industrial Resins,37,83844.46,P010
TXN002577,26,2026-03-20,Construction Chemicals,50,78326.79,P022
TXN002578,117,2026-03-20,Construction Chemicals,35,53338.34,P024
TXN002579,115,2026-03-21,Adhesives,58,18397.01,P004
TXN002580,103,2026-03-21,Industrial Resins,74,161073.89,P010
TXN002581,23,2026-03-21,Construction Chemicals,86,139516.54,P017
TXN002582,108,2026-03-21,Sealants,28,19322.92,P005
TXN002583,82,2026-03-21,Sealants,20,13328.12,P018
TXN002584,115,2026-03-22,Art & Craft,22,3835.21,P004
TXN002585,103,2026-03-22,Adhesives,77,29279.27,P010
TXN002586,39,2026-03-22,Industrial Resins,57,112977.03,P011
TXN002587,101,2026-03-22,Construction Chemicals,82,116229.42,P018
TXN002588,23,2026-03-22,Construction Chemicals,44,70013.5,P017
TXN002589,13,2026-03-22,Industrial Resins,76,170942.68,P010
TXN002590,38,2026-03-22,Industrial Resins,48,106492.95,P010
TXN002591,78,2026-03-22,Industrial Resins,14,27917.56,P010
TXN002592,14,2026-03-22,Sealants,14,9412.01,P005
TXN002593,47,2026-03-22,Sealants,34,22389.94,P018
TXN002594,3,2026-03-23,Construction Chemicals,100,136948.23,P017
TXN002595,84,2026-03-23,Construction Chemicals,36,50834.14,P018
TXN002596,77,2026-03-23,Construction Chemicals,36,53598.71,P020
TXN002597,99,2026-03-23,Adhesives,36,12396.66,P012
TXN002598,76,2026-03-23,Sealants,10,6370.6,P026
TXN002599,115,2026-03-24,Adhesives,26,8307.61,P004
TXN002600,10,2026-03-24,Industrial Resins,73,146996.14,P014
TXN002601,39,2026-03-24,Adhesives,42,13621.9,P011
TXN002602,23,2026-03-24,Sealants,65,43693.02,P017
TXN002603,110,2026-03-24,Construction Chemicals,99,150560.28,P024
TXN002604,110,2026-03-24,Construction Chemicals,41,52544.76,P024
TXN002605,80,2026-03-24,Adhesives,34,12908.1,P010
TXN002606,70,2026-03-24,Sealants,37,21084.22,P017
TXN002607,93,2026-03-24,Adhesives,10,3664.73,P012
TXN002608,52,2026-03-24,Industrial Resins,35,65487.41,P011
TXN002609,115,2026-03-25,Adhesives,33,10672.83,P004
TXN002610,115,2026-03-25,Sealants,59,36661.19,P004
TXN002611,103,2026-03-25,Adhesives,24,8971.09,P010
TXN002612,10,2026-03-25,Adhesives,41,14186.01,P014
TXN002613,12,2026-03-25,Construction Chemicals,22,29391.08,P024
TXN002614,13,2026-03-25,Industrial Resins,24,54362.18,P010
TXN002615,13,2026-03-25,Industrial Resins,52,112790.61,P010
TXN002616,13,2026-03-25,Industrial Resins,12,27137.67,P010
TXN002617,3,2026-03-25,Construction Chemicals,65,90990.27,P017
TXN002618,3,2026-03-25,Sealants,20,12131.86,P017
TXN002619,38,2026-03-25,Adhesives,75,27808.0,P010
TXN002620,70,2026-03-25,Construction Chemicals,1,1344.32,P017
TXN002621,115,2026-03-26,Art & Craft,47,9321.93,P004
TXN002622,39,2026-03-26,Industrial Resins,97,202798.98,P011
TXN002623,5,2026-03-26,Construction Chemicals,77,111075.19,P023
TXN002624,3,2026-03-26,Construction Chemicals,74,115958.78,P017
TXN002625,38,2026-03-26,Industrial Resins,57,112218.39,P010
TXN002626,71,2026-03-26,Construction Chemicals,20,26466.59,P024
TXN002627,75,2026-03-26,Construction Chemicals,32,42100.97,P020
TXN002628,76,2026-03-26,Construction Chemicals,27,37757.8,P026
TXN002629,115,2026-03-27,Art & Craft,53,10202.71,P004
TXN002630,115,2026-03-27,Sealants,49,30757.06,P004
TXN002631,10,2026-03-27,Industrial Resins,57,117061.87,P014
TXN002632,101,2026-03-27,Construction Chemicals,1,1337.82,P018
TXN002633,101,2026-03-27,Sealants,69,45237.08,P018
TXN002634,13,2026-03-27,Adhesives,112,37574.79,P010
TXN002635,3,2026-03-27,Construction Chemicals,53,84719.12,P017
TXN002636,106,2026-03-27,Sealants,12,7587.4,P016
TXN002637,37,2026-03-27,Construction Chemicals,26,38658.74,P026
TXN002638,10,2026-03-28,Industrial Resins,28,54184.42,P014
TXN002639,101,2026-03-28,Construction Chemicals,105,146454.5,P018
TXN002640,101,2026-03-28,Sealants,3,2047.7,P018
TXN002641,5,2026-03-28,Sealants,13,8096.81,P023
TXN002642,13,2026-03-28,Adhesives,66,23133.29,P010
TXN002643,38,2026-03-28,Industrial Resins,54,115852.53,P010
TXN002644,95,2026-03-28,Art & Craft,13,2482.96,P008
TXN002645,12,2026-03-29,Sealants,79,51283.53,P024
TXN002646,52,2026-03-29,Adhesives,26,8167.09,P011
TXN002647,103,2026-03-30,Adhesives,51,19268.95,P010
TXN002648,10,2026-03-30,Adhesives,43,14394.69,P014
TXN002649,12,2026-03-30,Sealants,50,34177.84,P024
TXN002650,101,2026-03-30,Sealants,25,17067.63,P018
TXN002651,23,2026-03-30,Construction Chemicals,48,76528.66,P017
TXN002652,3,2026-03-30,Sealants,68,43653.66,P017
TXN002653,90,2026-03-30,Construction Chemicals,10,16041.13,P020
TXN002654,68,2026-03-30,Construction Chemicals,10,13337.32,P024
TXN002655,10,2026-03-31,Adhesives,30,9564.44,P014
TXN002656,12,2026-03-31,Construction Chemicals,109,167576.83,P024
TXN002657,5,2026-03-31,Construction Chemicals,41,56648.95,P023
TXN002658,5,2026-04-01,Sealants,63,37582.96,P023
TXN002659,13,2026-04-01,Adhesives,64,22300.63,P010
TXN002660,110,2026-04-01,Sealants,21,14294.82,P024
TXN002661,110,2026-04-01,Sealants,34,21809.79,P024
TXN002662,102,2026-04-01,Sealants,40,24310.03,P024
TXN002663,115,2026-04-02,Art & Craft,75,14014.59,P004
TXN002664,39,2026-04-02,Industrial Resins,75,165844.4,P011
TXN002665,3,2026-04-02,Construction Chemicals,39,61684.02,P017
TXN002666,3,2026-04-02,Construction Chemicals,15,23316.61,P017
TXN002667,38,2026-04-02,Adhesives,93,35670.45,P010
TXN002668,76,2026-04-02,Sealants,6,3580.37,P026
TXN002669,10,2026-04-03,Industrial Resins,32,73454.35,P014
TXN002670,10,2026-04-03,Adhesives,74,23775.84,P014
TXN002671,12,2026-04-03,Construction Chemicals,56,89758.32,P024
TXN002672,101,2026-04-03,Construction Chemicals,33,52512.55,P018
TXN002673,110,2026-04-03,Construction Chemicals,88,122192.95,P024
TXN002674,120,2026-04-03,Adhesives,23,7517.83,P014
TXN002675,83,2026-04-03,Adhesives,46,16967.47,P011
TXN002676,108,2026-04-03,Sealants,37,23743.23,P005
TXN002677,115,2026-04-04,Art & Craft,7,1386.75,P004
TXN002678,103,2026-04-04,Adhesives,40,14252.96,P010
TXN002679,5,2026-04-04,Sealants,18,11894.39,P023
TXN002680,23,2026-04-04,Construction Chemicals,20,30171.11,P017
TXN002681,3,2026-04-04,Construction Chemicals,47,67504.86,P017
TXN002682,102,2026-04-04,Sealants,28,15296.67,P024
TXN002683,103,2026-04-05,Industrial Resins,53,99773.65,P010
TXN002684,39,2026-04-05,Adhesives,103,33335.3,P011
TXN002685,101,2026-04-05,Construction Chemicals,68,94389.65,P018
TXN002686,13,2026-04-05,Industrial Resins,97,213602.66,P010
TXN002687,13,2026-04-05,Adhesives,41,15943.06,P010
TXN002688,110,2026-04-05,Construction Chemicals,97,140141.49,P024
TXN002689,110,2026-04-05,Sealants,48,30833.39,P024
TXN002690,116,2026-04-05,Adhesives,23,7579.42,P004
TXN002691,70,2026-04-05,Sealants,3,1761.38,P017
TXN002692,26,2026-04-05,Sealants,36,22845.47,P022
TXN002693,114,2026-04-05,Construction Chemicals,19,27394.62,P024
TXN002694,115,2026-04-06,Art & Craft,57,10341.63,P004
TXN002695,12,2026-04-06,Construction Chemicals,70,108933.7,P024
TXN002696,101,2026-04-06,Sealants,70,40911.18,P018
TXN002697,5,2026-04-06,Construction Chemicals,68,95875.82,P023
TXN002698,5,2026-04-06,Sealants,62,35866.93,P023
TXN002699,110,2026-04-06,Sealants,53,29654.27,P024
TXN002700,116,2026-04-06,Art & Craft,18,3497.9,P004
TXN002701,84,2026-04-06,Sealants,27,18659.49,P018
TXN002702,77,2026-04-06,Construction Chemicals,34,52754.3,P020
TXN002703,115,2026-04-07,Adhesives,104,34816.05,P004
TXN002704,115,2026-04-07,Sealants,89,53070.04,P004
TXN002705,12,2026-04-07,Construction Chemicals,4,5977.75,P024
TXN002706,23,2026-04-07,Sealants,60,40256.57,P017
TXN002707,80,2026-04-07,Adhesives,6,2321.59,P010
TXN002708,26,2026-04-07,Sealants,1,670.51,P022
TXN002709,75,2026-04-07,Sealants,7,4244.92,P020
TXN002710,76,2026-04-07,Construction Chemicals,20,29149.76,P026
TXN002711,72,2026-04-07,Adhesives,14,4379.92,P010
TXN002712,115,2026-04-08,Adhesives,21,7633.35,P004
TXN002713,103,2026-04-08,Adhesives,81,27165.98,P010
TXN002714,12,2026-04-08,Sealants,69,37724.62,P024
TXN002715,5,2026-04-08,Construction Chemicals,1,1361.78,P023
TXN002716,5,2026-04-08,Sealants,3,1829.05,P023
TXN002717,23,2026-04-08,Construction Chemicals,67,96337.82,P017
TXN002718,13,2026-04-08,Adhesives,60,21418.26,P010
TXN002719,3,2026-04-08,Sealants,61,34714.98,P017
TXN002720,3,2026-04-08,Sealants,36,22834.82,P017
TXN002721,38,2026-04-08,Adhesives,50,19254.61,P010
TXN002722,80,2026-04-08,Industrial Resins,41,87281.0,P010
TXN002723,14,2026-04-08,Adhesives,29,9042.62,P005
TXN002724,47,2026-04-08,Construction Chemicals,29,41823.33,P018
TXN002725,50,2026-04-08,Adhesives,33,11783.88,P012
TXN002726,10,2026-04-09,Industrial Resins,39,75982.59,P014
TXN002727,39,2026-04-09,Adhesives,54,19282.33,P011
TXN002728,101,2026-04-09,Construction Chemicals,28,44938.23,P018
TXN002729,23,2026-04-09,Sealants,92,61513.2,P017
TXN002730,13,2026-04-09,Industrial Resins,22,51596.67,P010
TXN002731,90,2026-04-09,Construction Chemicals,26,34834.69,P020
TXN002732,12,2026-04-10,Construction Chemicals,42,66302.3,P024
TXN002733,12,2026-04-10,Sealants,71,44734.93,P024
TXN002734,101,2026-04-10,Sealants,32,18034.42,P018
TXN002735,23,2026-04-10,Construction Chemicals,61,87139.33,P017
TXN002736,23,2026-04-10,Construction Chemicals,13,20303.12,P017
TXN002737,3,2026-04-10,Construction Chemicals,55,86859.89,P017
TXN002738,3,2026-04-10,Sealants,53,33001.91,P017
TXN002739,110,2026-04-10,Sealants,27,17831.68,P024
TXN002740,77,2026-04-10,Sealants,16,9648.48,P020
TXN002741,34,2026-04-10,Construction Chemicals,22,31857.3,P020
TXN002742,113,2026-04-10,Sealants,10,6359.33,P004
TXN002743,81,2026-04-10,Sealants,20,12087.74,P008
TXN002744,10,2026-04-11,Adhesives,8,2911.27,P014
TXN002745,13,2026-04-11,Adhesives,16,5010.38,P010
TXN002746,3,2026-04-11,Sealants,70,39311.99,P017
TXN002747,103,2026-04-12,Industrial Resins,57,128349.05,P010
TXN002748,103,2026-04-12,Adhesives,88,34028.77,P010
TXN002749,39,2026-04-12,Industrial Resins,79,163343.94,P011
TXN002750,38,2026-04-12,Adhesives,39,14524.26,P010
TXN002751,75,2026-04-12,Sealants,29,17488.31,P020
TXN002752,56,2026-04-12,Sealants,24,15907.51,P016
TXN002753,27,2026-04-12,Art & Craft,14,2408.77,P006
TXN002754,31,2026-04-12,Adhesives,17,5312.06,P006
TXN002755,5,2026-04-13,Construction Chemicals,62,79924.11,P023
TXN002756,5,2026-04-13,Construction Chemicals,34,49799.01,P023
TXN002757,38,2026-04-13,Adhesives,15,4814.44,P010
TXN002758,90,2026-04-13,Sealants,20,13605.02,P020
TXN002759,48,2026-04-13,Construction Chemicals,11,16836.83,P017
TXN002760,86,2026-04-13,Construction Chemicals,4,5630.11,P018
TXN002761,115,2026-04-14,Adhesives,62,22912.02,P004
TXN002762,103,2026-04-14,Adhesives,16,5191.55,P010
TXN002763,37,2026-04-14,Construction Chemicals,50,72362.91,P026
TXN002764,37,2026-04-14,Sealants,1,692.51,P026
TXN002765,10,2026-04-15,Industrial Resins,95,202419.56,P014
TXN002766,12,2026-04-15,Sealants,78,43525.88,P024
TXN002767,101,2026-04-15,Sealants,58,40188.77,P018
TXN002768,23,2026-04-15,Sealants,65,36313.67,P017
TXN002769,78,2026-04-15,Industrial Resins,5,10043.19,P010
TXN002770,53,2026-04-15,Sealants,33,18313.8,P023
TXN002771,14,2026-04-15,Sealants,8,4672.65,P005
TXN002772,92,2026-04-15,Sealants,29,19166.6,P026
TXN002773,79,2026-04-15,Adhesives,39,13438.66,P006
TXN002774,115,2026-04-16,Adhesives,49,16437.25,P004
TXN002775,115,2026-04-16,Sealants,126,76259.34,P004
TXN002776,10,2026-04-16,Industrial Resins,1,2209.06,P014
TXN002777,12,2026-04-16,Sealants,18,12164.16,P024
TXN002778,13,2026-04-16,Adhesives,5,1903.99,P010
TXN002779,3,2026-04-16,Construction Chemicals,36,57569.39,P017
TXN002780,3,2026-04-16,Sealants,50,33309.83,P017
TXN002781,110,2026-04-16,Construction Chemicals,62,82059.09,P024
TXN002782,110,2026-04-16,Construction Chemicals,56,74409.21,P024
TXN002783,68,2026-04-16,Construction Chemicals,33,47983.04,P024
TXN002784,59,2026-04-16,Adhesives,25,8695.44,P010
TXN002785,10,2026-04-17,Adhesives,46,14418.24,P014
TXN002786,101,2026-04-17,Construction Chemicals,7,9815.89,P018
TXN002787,5,2026-04-17,Sealants,1,586.47,P023
TXN002788,23,2026-04-17,Construction Chemicals,140,180771.28,P017
TXN002789,3,2026-04-17,Construction Chemicals,73,106150.87,P017
TXN002790,9,2026-04-17,Sealants,42,29079.96,P020
TXN002791,70,2026-04-17,Construction Chemicals,15,21058.48,P017
TXN002792,78,2026-04-17,Adhesives,41,13511.16,P010
TXN002793,56,2026-04-17,Construction Chemicals,30,42665.72,P016
TXN002794,14,2026-04-17,Art & Craft,11,1774.12,P005
TXN002795,68,2026-04-17,Sealants,2,1272.65,P024
TXN002796,103,2026-04-18,Industrial Resins,50,99860.61,P010
TXN002797,13,2026-04-18,Adhesives,25,9147.52,P010
TXN002798,110,2026-04-18,Construction Chemicals,9,14445.79,P024
TXN002799,106,2026-04-18,Construction Chemicals,23,37277.65,P016
TXN002800,75,2026-04-18,Construction Chemicals,45,63172.53,P020
TXN002801,55,2026-04-18,Industrial Resins,28,62299.31,P010
TXN002802,12,2026-04-19,Sealants,71,45819.59,P024
TXN002803,39,2026-04-19,Industrial Resins,84,193024.49,P011
TXN002804,23,2026-04-19,Sealants,78,47441.5,P017
TXN002805,84,2026-04-19,Construction Chemicals,28,42434.64,P018
TXN002806,115,2026-04-20,Sealants,36,20850.33,P004
TXN002807,12,2026-04-20,Construction Chemicals,64,100198.2,P024
TXN002808,23,2026-04-20,Sealants,36,21133.83,P017
TXN002809,13,2026-04-20,Industrial Resins,14,31761.8,P010
TXN002810,3,2026-04-20,Sealants,48,33080.25,P017
TXN002811,110,2026-04-20,Sealants,70,43126.63,P024
TXN002812,104,2026-04-20,Industrial Resins,30,59839.6,P014
TXN002813,2,2026-04-20,Construction Chemicals,21,31964.22,P018
TXN002814,88,2026-04-20,Construction Chemicals,18,24920.66,P024
TXN002815,39,2026-04-21,Adhesives,89,32371.03,P011
TXN002816,101,2026-04-21,Sealants,87,51881.26,P018
TXN002817,13,2026-04-21,Industrial Resins,5,10624.67,P010
TXN002818,53,2026-04-21,Construction Chemicals,10,15615.67,P023
TXN002819,72,2026-04-21,Industrial Resins,32,59573.7,P010
TXN002820,103,2026-04-22,Industrial Resins,71,136891.49,P010
TXN002821,12,2026-04-22,Sealants,35,21352.98,P024
TXN002822,39,2026-04-22,Industrial Resins,52,111812.85,P011
TXN002823,23,2026-04-22,Sealants,59,38497.87,P017
TXN002824,23,2026-04-22,Sealants,41,23692.94,P017
TXN002825,38,2026-04-22,Industrial Resins,68,126944.14,P010
TXN002826,71,2026-04-22,Sealants,20,11332.48,P024
TXN002827,32,2026-04-22,Sealants,40,25082.62,P016
TXN002828,115,2026-04-23,Sealants,45,30744.44,P004
TXN002829,5,2026-04-23,Sealants,35,21217.66,P023
TXN002830,23,2026-04-23,Construction Chemicals,69,109188.19,P017
TXN002831,13,2026-04-23,Industrial Resins,76,171686.83,P010
TXN002832,3,2026-04-23,Construction Chemicals,97,140665.38,P017
TXN002833,120,2026-04-23,Industrial Resins,17,34536.29,P014
TXN002834,99,2026-04-23,Adhesives,9,3141.19,P012
TXN002835,2,2026-04-23,Sealants,3,1958.2,P018
TXN002836,55,2026-04-23,Adhesives,31,10877.88,P010
TXN002837,103,2026-04-24,Adhesives,66,21015.93,P010
TXN002838,10,2026-04-24,Adhesives,50,17234.32,P014
TXN002839,10,2026-04-24,Adhesives,59,19020.86,P014
TXN002840,101,2026-04-24,Sealants,1,632.75,P018
TXN002841,5,2026-04-24,Construction Chemicals,38,50524.23,P023
TXN002842,5,2026-04-24,Sealants,42,23864.03,P023
TXN002843,102,2026-04-24,Construction Chemicals,52,76205.34,P024
TXN002844,70,2026-04-24,Construction Chemicals,31,45239.86,P017
TXN002845,38,2026-04-25,Industrial Resins,45,102857.24,P010
TXN002846,110,2026-04-25,Construction Chemicals,94,133059.44,P024
TXN002847,26,2026-04-25,Construction Chemicals,34,43415.97,P022
TXN002848,93,2026-04-25,Industrial Resins,26,56234.42,P012
TXN002849,35,2026-04-25,Art & Craft,22,3630.76,P008
TXN002850,10,2026-04-26,Industrial Resins,90,204933.2,P014
TXN002851,101,2026-04-26,Construction Chemicals,47,71858.43,P018
TXN002852,5,2026-04-26,Construction Chemicals,1,1327.45,P023
TXN002853,5,2026-04-26,Construction Chemicals,67,102816.0,P023
TXN002854,110,2026-04-26,Construction Chemicals,110,169155.87,P024
TXN002855,71,2026-04-26,Construction Chemicals,1,1385.28,P024
TXN002856,106,2026-04-26,Sealants,5,3440.66,P016
TXN002857,93,2026-04-26,Adhesives,50,18119.04,P012
TXN002858,6,2026-04-26,Sealants,33,21753.95,P016
TXN002859,18,2026-04-26,Adhesives,30,11658.6,P011
TXN002860,12,2026-04-27,Construction Chemicals,1,1287.72,P024
TXN002861,12,2026-04-27,Construction Chemicals,58,82225.16,P024
TXN002862,39,2026-04-27,Industrial Resins,42,97148.0,P011
TXN002863,101,2026-04-27,Sealants,37,20323.83,P018
TXN002864,38,2026-04-27,Industrial Resins,82,181327.0,P010
TXN002865,38,2026-04-27,Industrial Resins,37,78123.78,P010
TXN002866,38,2026-04-27,Adhesives,56,18427.98,P010
TXN002867,9,2026-04-27,Construction Chemicals,15,21733.43,P020
TXN002868,60,2026-04-27,Sealants,36,23640.03,P004
TXN002869,108,2026-04-27,Art & Craft,28,5572.04,P005
TXN002870,34,2026-04-27,Sealants,19,12164.38,P020
TXN002871,12,2026-04-28,Sealants,40,23006.11,P024
TXN002872,39,2026-04-28,Adhesives,24,7924.46,P011
TXN002873,101,2026-04-28,Construction Chemicals,26,39873.84,P018
TXN002874,23,2026-04-28,Construction Chemicals,81,104114.29,P017
TXN002875,39,2026-04-29,Adhesives,49,17122.36,P011
TXN002876,3,2026-04-29,Sealants,73,44761.72,P017
TXN002877,38,2026-04-29,Industrial Resins,17,32434.19,P010
TXN002878,101,2026-04-30,Construction Chemicals,58,77233.22,P018
TXN002879,101,2026-04-30,Sealants,83,52087.19,P018
TXN002880,104,2026-04-30,Adhesives,41,13923.58,P014
TXN002881,115,2026-05-01,Sealants,21,14295.11,P004
TXN002882,103,2026-05-01,Adhesives,55,21298.49,P010
TXN002883,12,2026-05-01,Construction Chemicals,34,46354.11,P024
TXN002884,12,2026-05-01,Sealants,67,37368.11,P024
TXN002885,23,2026-05-01,Sealants,59,36331.42,P017
TXN002886,13,2026-05-01,Adhesives,40,14955.08,P010
TXN002887,115,2026-05-02,Sealants,44,27360.02,P004
TXN002888,10,2026-05-02,Adhesives,45,16770.78,P014
TXN002889,39,2026-05-02,Industrial Resins,4,8117.17,P011
TXN002890,39,2026-05-02,Adhesives,63,20027.07,P011
TXN002891,101,2026-05-02,Sealants,41,27750.27,P018
TXN002892,5,2026-05-02,Sealants,40,23157.9,P023
TXN002893,3,2026-05-02,Construction Chemicals,40,64822.38,P017
TXN002894,110,2026-05-02,Sealants,61,37081.53,P024
TXN002895,27,2026-05-02,Sealants,24,15837.01,P006
TXN002896,92,2026-05-02,Sealants,11,6618.2,P026
TXN002897,5,2026-05-03,Construction Chemicals,44,69606.67,P023
TXN002898,23,2026-05-03,Construction Chemicals,21,29454.3,P017
TXN002899,110,2026-05-03,Construction Chemicals,63,90752.33,P024
TXN002900,77,2026-05-03,Sealants,19,12812.09,P020
TXN002901,6,2026-05-03,Sealants,1,689.98,P016
TXN002902,11,2026-05-03,Sealants,18,9852.42,P026
TXN002903,115,2026-05-04,Art & Craft,45,8265.7,P004
TXN002904,3,2026-05-04,Sealants,66,42809.06,P017
TXN002905,110,2026-05-04,Construction Chemicals,24,36274.4,P024
TXN002906,34,2026-05-04,Sealants,26,17721.33,P020
TXN002907,15,2026-05-04,Art & Craft,13,2235.5,P004
TXN002908,115,2026-05-05,Sealants,67,36603.42,P004
TXN002909,10,2026-05-05,Industrial Resins,101,228062.46,P014
TXN002910,39,2026-05-05,Adhesives,72,24082.83,P011
TXN002911,23,2026-05-05,Construction Chemicals,50,72931.32,P017
TXN002912,3,2026-05-05,Sealants,30,16491.46,P017
TXN002913,120,2026-05-05,Industrial Resins,11,23941.7,P014
TXN002914,93,2026-05-05,Industrial Resins,1,2237.88,P012
TXN002915,5,2026-05-06,Sealants,37,21237.74,P023
TXN002916,3,2026-05-06,Construction Chemicals,64,88511.5,P017
TXN002917,110,2026-05-06,Construction Chemicals,54,82675.96,P024
TXN002918,116,2026-05-06,Art & Craft,32,5923.3,P004
TXN002919,80,2026-05-06,Industrial Resins,25,46260.5,P010
TXN002920,47,2026-05-06,Sealants,20,12905.05,P018
TXN002921,101,2026-05-07,Construction Chemicals,88,133446.08,P018
TXN002922,101,2026-05-07,Construction Chemicals,74,105421.4,P018
TXN002923,3,2026-05-07,Sealants,49,30660.72,P017
TXN002924,120,2026-05-07,Adhesives,19,7413.59,P014
TXN002925,37,2026-05-07,Sealants,49,31807.47,P026
TXN002926,90,2026-05-07,Construction Chemicals,11,14087.28,P020
TXN002927,103,2026-05-08,Industrial Resins,56,107482.01,P010
TXN002928,3,2026-05-08,Construction Chemicals,16,22462.17,P017
TXN002929,3,2026-05-08,Construction Chemicals,90,141577.18,P017
TXN002930,110,2026-05-08,Construction Chemicals,80,102755.24,P024
TXN002931,77,2026-05-08,Construction Chemicals,25,32566.13,P020
TXN002932,104,2026-05-08,Adhesives,16,5044.67,P014
TXN002933,93,2026-05-08,Adhesives,36,13844.45,P012
TXN002934,115,2026-05-09,Art & Craft,46,7330.54,P004
TXN002935,10,2026-05-09,Industrial Resins,43,86925.27,P014
TXN002936,12,2026-05-09,Sealants,46,29099.27,P024
TXN002937,39,2026-05-09,Adhesives,36,12959.59,P011
TXN002938,23,2026-05-09,Sealants,26,17073.63,P017
TXN002939,38,2026-05-09,Industrial Resins,50,98443.66,P010
TXN002940,110,2026-05-09,Construction Chemicals,78,111708.99,P024
TXN002941,106,2026-05-09,Sealants,4,2355.28,P016
TXN002942,9,2026-05-09,Construction Chemicals,16,20430.88,P020
TXN002943,60,2026-05-09,Sealants,40,23388.84,P004
TXN002944,5,2026-05-10,Construction Chemicals,13,17235.37,P023
TXN002945,13,2026-05-10,Adhesives,70,23428.92,P010
TXN002946,38,2026-05-10,Industrial Resins,81,155112.97,P010
TXN002947,38,2026-05-10,Adhesives,73,27055.12,P010
TXN002948,9,2026-05-10,Sealants,5,3307.88,P020
TXN002949,70,2026-05-10,Construction Chemicals,32,42374.68,P017
TXN002950,10,2026-05-11,Industrial Resins,65,122573.01,P014
TXN002951,101,2026-05-11,Construction Chemicals,55,77291.21,P018
TXN002952,101,2026-05-11,Sealants,83,49625.06,P018
TXN002953,5,2026-05-11,Sealants,97,57649.58,P023
TXN002954,38,2026-05-11,Adhesives,124,41192.8,P010
TXN002955,4,2026-05-11,Adhesives,33,10181.91,P010
TXN002956,115,2026-05-12,Art & Craft,15,2823.67,P004
TXN002957,101,2026-05-12,Sealants,92,52199.37,P018
TXN002958,5,2026-05-12,Construction Chemicals,83,123655.39,P023
TXN002959,5,2026-05-12,Construction Chemicals,85,132570.4,P023
TXN002960,23,2026-05-12,Construction Chemicals,55,70407.73,P017
TXN002961,13,2026-05-12,Industrial Resins,48,110995.09,P010
TXN002962,3,2026-05-12,Sealants,19,12048.61,P017
TXN002963,99,2026-05-12,Adhesives,37,13013.55,P012
TXN002964,56,2026-05-12,Sealants,25,16790.89,P016
TXN002965,53,2026-05-12,Construction Chemicals,18,26655.27,P023
TXN002966,90,2026-05-12,Sealants,25,16880.23,P020
TXN002967,48,2026-05-12,Construction Chemicals,27,43209.13,P017
TXN002968,117,2026-05-12,Construction Chemicals,24,35494.81,P024
TXN002969,115,2026-05-13,Adhesives,76,25902.76,P004
TXN002970,103,2026-05-13,Industrial Resins,6,12553.77,P010
TXN002971,10,2026-05-13,Adhesives,102,33711.3,P014
TXN002972,12,2026-05-13,Construction Chemicals,19,29712.48,P024
TXN002973,39,2026-05-13,Industrial Resins,71,148041.82,P011
TXN002974,5,2026-05-13,Sealants,33,20703.11,P023
TXN002975,76,2026-05-13,Sealants,25,17155.33,P026
TXN002976,30,2026-05-13,Adhesives,30,10960.18,P010
TXN002977,103,2026-05-14,Industrial Resins,29,65734.6,P010
TXN002978,101,2026-05-14,Construction Chemicals,55,78657.6,P018
TXN002979,101,2026-05-14,Construction Chemicals,16,21324.9,P018
TXN002980,5,2026-05-14,Sealants,42,24779.14,P023
TXN002981,83,2026-05-14,Industrial Resins,9,20163.92,P011
TXN002982,90,2026-05-14,Sealants,30,18936.79,P020
TXN002983,10,2026-05-15,Adhesives,1,341.12,P014
TXN002984,12,2026-05-15,Construction Chemicals,70,92957.54,P024
TXN002985,101,2026-05-15,Construction Chemicals,28,40099.07,P018
TXN002986,101,2026-05-15,Sealants,33,18935.56,P018
TXN002987,110,2026-05-15,Sealants,52,33902.77,P024
TXN002988,75,2026-05-15,Sealants,6,3775.32,P020
TXN002989,68,2026-05-15,Construction Chemicals,25,33170.26,P024
TXN002990,68,2026-05-15,Sealants,29,15884.9,P024
TXN002991,41,2026-05-15,Industrial Resins,33,70114.53,P014
TXN002992,39,2026-05-16,Industrial Resins,86,170170.18,P011
TXN002993,5,2026-05-16,Sealants,52,31427.17,P023
TXN002994,3,2026-05-16,Sealants,40,27273.54,P017
TXN002995,110,2026-05-16,Construction Chemicals,32,48305.25,P024
TXN002996,70,2026-05-16,Sealants,12,6842.81,P017
TXN002997,32,2026-05-16,Construction Chemicals,15,23730.92,P016
TXN002998,35,2026-05-16,Sealants,43,26529.54,P008
TXN002999,39,2026-05-17,Industrial Resins,47,99320.18,P011
TXN003000,5,2026-05-17,Sealants,23,13910.26,P023
TXN003001,23,2026-05-17,Construction Chemicals,70,99505.3,P017
TXN003002,110,2026-05-17,Sealants,79,45642.41,P024
TXN003003,71,2026-05-17,Construction Chemicals,15,20251.37,P024
TXN003004,2,2026-05-17,Sealants,15,9794.05,P018
TXN003005,115,2026-05-18,Adhesives,63,19763.55,P004
TXN003006,103,2026-05-18,Industrial Resins,60,138837.12,P010
TXN003007,103,2026-05-18,Adhesives,77,24646.13,P010
TXN003008,39,2026-05-18,Adhesives,76,26452.99,P011
TXN003009,101,2026-05-18,Sealants,67,37205.81,P018
TXN003010,106,2026-05-18,Construction Chemicals,20,26057.02,P016
TXN003011,60,2026-05-18,Art & Craft,22,4096.69,P004
TXN003012,29,2026-05-18,Construction Chemicals,33,47844.83,P026
TXN003013,10,2026-05-19,Industrial Resins,52,101185.4,P014
TXN003014,12,2026-05-19,Construction Chemicals,35,54837.5,P024
TXN003015,38,2026-05-19,Adhesives,1,322.23,P010
TXN003016,26,2026-05-19,Sealants,12,7210.76,P022
TXN003017,95,2026-05-19,Adhesives,28,10144.73,P008
TXN003018,76,2026-05-19,Construction Chemicals,30,48591.43,P026
TXN003019,115,2026-05-20,Adhesives,25,8452.01,P004
TXN003020,3,2026-05-20,Construction Chemicals,59,75577.51,P017
TXN003021,38,2026-05-20,Industrial Resins,44,102679.78,P010
TXN003022,102,2026-05-20,Construction Chemicals,8,11122.06,P024
TXN003023,56,2026-05-20,Sealants,5,2985.3,P016
TXN003024,40,2026-05-20,Construction Chemicals,26,40633.48,P022
TXN003025,100,2026-05-20,Art & Craft,11,1834.7,P004
TXN003026,115,2026-05-21,Sealants,58,39745.34,P004
TXN003027,12,2026-05-21,Sealants,104,62685.73,P024
TXN003028,39,2026-05-21,Adhesives,24,8678.02,P011
TXN003029,5,2026-05-21,Construction Chemicals,22,28867.79,P023
TXN003030,3,2026-05-21,Construction Chemicals,77,104339.59,P017
TXN003031,3,2026-05-21,Sealants,40,27603.76,P017
TXN003032,38,2026-05-21,Adhesives,107,36320.77,P010
TXN003033,110,2026-05-21,Sealants,44,25688.85,P024
TXN003034,84,2026-05-21,Construction Chemicals,26,34853.05,P018
TXN003035,84,2026-05-21,Sealants,8,4877.96,P018
TXN003036,26,2026-05-21,Construction Chemicals,21,27948.15,P022
TXN003037,108,2026-05-21,Art & Craft,52,9020.64,P005
TXN003038,15,2026-05-21,Sealants,26,16415.57,P004
TXN003039,103,2026-05-22,Industrial Resins,47,110049.9,P010
TXN003040,23,2026-05-22,Construction Chemicals,62,98134.9,P017
TXN003041,13,2026-05-22,Adhesives,70,25110.3,P010
TXN003042,104,2026-05-22,Industrial Resins,25,54959.24,P014
TXN003043,53,2026-05-22,Sealants,4,2757.14,P023
TXN003044,12,2026-05-23,Construction Chemicals,68,96030.93,P024
TXN003045,5,2026-05-23,Construction Chemicals,66,102455.46,P023
TXN003046,34,2026-05-23,Construction Chemicals,15,23718.51,P020
TXN003047,117,2026-05-23,Sealants,14,8746.13,P024
TXN003048,115,2026-05-24,Sealants,26,14232.11,P004
TXN003049,12,2026-05-24,Sealants,44,25361.35,P024
TXN003050,38,2026-05-24,Adhesives,1,309.05,P010
TXN003051,110,2026-05-24,Sealants,115,77558.86,P024
TXN003052,106,2026-05-24,Sealants,31,18758.12,P016
TXN003053,37,2026-05-24,Construction Chemicals,42,59403.57,P026
TXN003054,83,2026-05-24,Adhesives,23,8685.26,P011
TXN003055,50,2026-05-24,Industrial Resins,20,45842.16,P012
TXN003056,12,2026-05-25,Sealants,65,40537.7,P024
TXN003057,101,2026-05-25,Construction Chemicals,115,160575.43,P018
TXN003058,101,2026-05-25,Sealants,45,30015.2,P018
TXN003059,13,2026-05-25,Industrial Resins,45,105497.1,P010
TXN003060,13,2026-05-25,Industrial Resins,35,77987.17,P010
TXN003061,3,2026-05-25,Construction Chemicals,89,140667.62,P017
TXN003062,102,2026-05-25,Sealants,1,606.23,P024
TXN003063,108,2026-05-25,Sealants,13,7884.86,P005
TXN003064,53,2026-05-25,Construction Chemicals,40,55554.07,P023
TXN003065,10,2026-05-26,Industrial Resins,77,168290.69,P014
TXN003066,12,2026-05-26,Construction Chemicals,35,49973.57,P024
TXN003067,39,2026-05-26,Industrial Resins,52,103270.3,P011
TXN003068,23,2026-05-26,Sealants,59,32861.98,P017
TXN003069,23,2026-05-26,Sealants,58,36632.58,P017
TXN003070,13,2026-05-26,Adhesives,41,14331.74,P010
TXN003071,110,2026-05-26,Sealants,52,35104.62,P024
TXN003072,28,2026-05-26,Sealants,14,8894.09,P017
TXN003073,63,2026-05-26,Sealants,43,24306.19,P008
TXN003074,46,2026-05-26,Industrial Resins,16,36219.97,P010
TXN003075,10,2026-05-27,Adhesives,91,29452.48,P014
TXN003076,12,2026-05-27,Sealants,48,30494.64,P024
TXN003077,3,2026-05-27,Sealants,69,44615.85,P017
TXN003078,71,2026-05-27,Construction Chemicals,25,39775.58,P024
TXN003079,80,2026-05-27,Adhesives,17,5615.8,P010
TXN003080,2,2026-05-27,Construction Chemicals,23,29921.95,P018
TXN003081,56,2026-05-27,Construction Chemicals,7,9561.67,P016
TXN003082,14,2026-05-27,Adhesives,28,10650.94,P005
TXN003083,96,2026-05-27,Industrial Resins,27,62219.36,P011
TXN003084,67,2026-05-27,Construction Chemicals,5,7462.15,P017
TXN003085,1,2026-05-27,Adhesives,14,5247.31,P004
TXN003086,10,2026-05-28,Adhesives,91,30692.07,P014
TXN003087,12,2026-05-28,Sealants,62,38871.25,P024
TXN003088,23,2026-05-28,Construction Chemicals,63,94433.77,P017
TXN003089,23,2026-05-28,Sealants,65,44009.84,P017
TXN003090,23,2026-05-28,Sealants,18,10982.49,P017
TXN003091,110,2026-05-28,Sealants,92,62297.75,P024
TXN003092,95,2026-05-28,Art & Craft,22,3843.76,P008
TXN003093,1,2026-05-28,Sealants,41,22853.62,P004
TXN003094,10,2026-05-29,Industrial Resins,63,128921.79,P014
TXN003095,101,2026-05-29,Sealants,83,55182.48,P018
TXN003096,13,2026-05-29,Industrial Resins,92,203803.94,P010
TXN003097,13,2026-05-29,Adhesives,72,25561.71,P010
TXN003098,38,2026-05-29,Industrial Resins,56,124213.45,P010
TXN003099,38,2026-05-29,Industrial Resins,65,127256.34,P010
TXN003100,71,2026-05-29,Sealants,30,17192.85,P024
TXN003101,76,2026-05-29,Construction Chemicals,42,67339.54,P026
TXN003102,103,2026-05-30,Adhesives,74,25099.04,P010
TXN003103,103,2026-05-30,Adhesives,18,6009.79,P010
TXN003104,12,2026-05-30,Construction Chemicals,58,93566.78,P024
TXN003105,39,2026-05-30,Industrial Resins,36,82590.09,P011
TXN003106,5,2026-05-30,Construction Chemicals,36,55550.4,P023
TXN003107,23,2026-05-30,Construction Chemicals,35,49088.26,P017
TXN003108,110,2026-05-30,Construction Chemicals,97,139255.91,P024
TXN003109,78,2026-05-30,Industrial Resins,21,42098.7,P010
TXN003110,78,2026-05-30,Adhesives,19,6979.14,P010
TXN003111,103,2026-05-31,Adhesives,58,19486.05,P010
TXN003112,13,2026-05-31,Industrial Resins,137,268564.6,P010
TXN003113,99,2026-05-31,Industrial Resins,46,107255.83,P012
TXN003114,75,2026-05-31,Construction Chemicals,21,31270.38,P020
TXN003115,34,2026-05-31,Construction Chemicals,11,15764.6,P020
TXN003116,52,2026-05-31,Adhesives,25,8695.39,P011
TXN003117,10,2026-06-01,Adhesives,30,10330.43,P014
TXN003118,23,2026-06-01,Sealants,38,23509.13,P017
TXN003119,99,2026-06-01,Industrial Resins,17,37171.43,P012
TXN003120,108,2026-06-01,Adhesives,32,10098.44,P005
TXN003121,103,2026-06-02,Adhesives,72,22523.72,P010
TXN003122,12,2026-06-02,Construction Chemicals,78,106689.39,P024
TXN003123,39,2026-06-02,Adhesives,77,25281.78,P011
TXN003124,101,2026-06-02,Construction Chemicals,29,38638.58,P018
TXN003125,5,2026-06-02,Sealants,73,43334.82,P023
TXN003126,13,2026-06-02,Adhesives,60,21603.28,P010
TXN003127,3,2026-06-02,Sealants,71,41965.2,P017
TXN003128,3,2026-06-02,Sealants,89,50361.24,P017
TXN003129,110,2026-06-02,Sealants,79,45465.33,P024
TXN003130,71,2026-06-02,Sealants,19,10877.82,P024
TXN003131,83,2026-06-02,Adhesives,21,8199.37,P011
TXN003132,90,2026-06-02,Sealants,23,15274.94,P020
TXN003133,10,2026-06-03,Adhesives,49,17713.43,P014
TXN003134,12,2026-06-03,Construction Chemicals,72,103073.68,P024
TXN003135,23,2026-06-03,Construction Chemicals,71,114285.38,P017
TXN003136,71,2026-06-03,Construction Chemicals,6,9182.34,P024
TXN003137,80,2026-06-03,Adhesives,13,4368.7,P010
TXN003138,76,2026-06-03,Sealants,55,34305.54,P026
TXN003139,39,2026-06-04,Industrial Resins,10,20496.76,P011
TXN003140,101,2026-06-04,Sealants,26,17264.79,P018
TXN003141,5,2026-06-04,Construction Chemicals,23,37282.03,P023
TXN003142,9,2026-06-04,Construction Chemicals,11,15479.25,P020
TXN003143,47,2026-06-04,Sealants,39,24075.4,P018
TXN003144,115,2026-06-05,Art & Craft,11,2204.02,P004
TXN003145,115,2026-06-05,Sealants,48,27607.57,P004
TXN003146,10,2026-06-05,Adhesives,81,25530.19,P014
TXN003147,110,2026-06-05,Construction Chemicals,56,86297.45,P024
TXN003148,14,2026-06-05,Art & Craft,14,2309.72,P005
TXN003149,68,2026-06-05,Construction Chemicals,4,5232.92,P024
TXN003150,11,2026-06-05,Sealants,16,10104.18,P026
TXN003151,5,2026-06-06,Construction Chemicals,65,94039.49,P023
TXN003152,23,2026-06-06,Construction Chemicals,46,64194.45,P017
TXN003153,13,2026-06-06,Industrial Resins,99,184693.53,P010
TXN003154,38,2026-06-06,Industrial Resins,81,167060.43,P010
TXN003155,110,2026-06-06,Sealants,51,30761.02,P024
TXN003156,60,2026-06-06,Art & Craft,1,181.52,P004
TXN003157,53,2026-06-06,Sealants,24,15965.65,P023
TXN003158,10,2026-06-07,Industrial Resins,71,159851.92,P014
TXN003159,10,2026-06-07,Industrial Resins,28,62203.04,P014
TXN003160,12,2026-06-07,Sealants,99,66221.2,P024
TXN003161,101,2026-06-07,Construction Chemicals,67,91249.52,P018
TXN003162,5,2026-06-07,Sealants,51,29388.62,P023
TXN003163,3,2026-06-07,Construction Chemicals,50,76802.75,P017
TXN003164,116,2026-06-07,Art & Craft,34,6029.76,P004
TXN003165,9,2026-06-07,Sealants,14,8223.65,P020
TXN003166,77,2026-06-07,Sealants,34,20695.3,P020
TXN003167,76,2026-06-07,Construction Chemicals,37,49234.78,P026
TXN003168,86,2026-06-07,Sealants,11,7196.3,P018
TXN003169,115,2026-06-08,Art & Craft,87,13936.37,P004
TXN003170,115,2026-06-08,Art & Craft,59,10752.19,P004
TXN003171,115,2026-06-08,Sealants,54,34271.52,P004
TXN003172,12,2026-06-08,Construction Chemicals,50,67984.07,P024
TXN003173,5,2026-06-08,Construction Chemicals,67,101326.54,P023
TXN003174,3,2026-06-08,Sealants,18,11983.8,P017
TXN003175,110,2026-06-08,Sealants,71,42340.59,P024
TXN003176,110,2026-06-08,Sealants,56,32262.84,P024
TXN003177,56,2026-06-08,Construction Chemicals,22,33517.57,P016
TXN003178,56,2026-06-08,Sealants,19,11356.08,P016
TXN003179,62,2026-06-08,Sealants,30,17954.44,P005
TXN003180,12,2026-06-09,Sealants,37,24684.71,P024
TXN003181,101,2026-06-09,Construction Chemicals,67,94038.79,P018
TXN003182,101,2026-06-09,Sealants,4,2199.19,P018
TXN003183,84,2026-06-09,Sealants,10,6617.13,P018
TXN003184,34,2026-06-09,Sealants,20,12481.18,P020
TXN003185,93,2026-06-09,Adhesives,24,8334.44,P012
TXN003186,11,2026-06-09,Construction Chemicals,51,79606.0,P026
TXN003187,50,2026-06-09,Adhesives,25,9144.87,P012
TXN003188,39,2026-06-10,Industrial Resins,36,71693.95,P011
TXN003189,23,2026-06-10,Sealants,30,18723.48,P017
TXN003190,13,2026-06-10,Industrial Resins,32,67934.79,P010
TXN003191,110,2026-06-10,Construction Chemicals,34,52537.44,P024
TXN003192,27,2026-06-10,Art & Craft,20,3976.07,P006
TXN003193,47,2026-06-10,Construction Chemicals,25,39856.08,P018
TXN003194,35,2026-06-10,Art & Craft,45,7476.24,P008
TXN003195,10,2026-06-11,Industrial Resins,74,169525.37,P014
TXN003196,12,2026-06-11,Construction Chemicals,31,46143.02,P024
TXN003197,5,2026-06-11,Sealants,24,13883.83,P023
TXN003198,3,2026-06-11,Sealants,38,23433.64,P017
TXN003199,3,2026-06-11,Sealants,106,71752.86,P017
TXN003200,83,2026-06-11,Industrial Resins,29,54744.4,P011
TXN003201,75,2026-06-11,Sealants,11,6493.33,P020
TXN003202,68,2026-06-11,Sealants,12,6750.08,P024
TXN003203,62,2026-06-11,Art & Craft,7,1126.03,P005
TXN003204,103,2026-06-12,Industrial Resins,96,225342.85,P010
TXN003205,39,2026-06-12,Industrial Resins,64,137582.13,P011
TXN003206,39,2026-06-12,Adhesives,40,15199.32,P011
TXN003207,39,2026-06-12,Adhesives,22,7353.47,P011
TXN003208,101,2026-06-12,Construction Chemicals,97,131866.33,P018
TXN003209,101,2026-06-12,Sealants,36,19742.23,P018
TXN003210,5,2026-06-12,Construction Chemicals,40,52558.55,P023
TXN003211,110,2026-06-12,Construction Chemicals,58,79569.45,P024
TXN003212,115,2026-06-13,Adhesives,62,20695.08,P004
TXN003213,103,2026-06-13,Industrial Resins,57,114127.19,P010
TXN003214,23,2026-06-13,Sealants,104,71357.62,P017
TXN003215,37,2026-06-13,Construction Chemicals,7,10357.01,P026
TXN003216,102,2026-06-13,Construction Chemicals,31,41273.28,P024
TXN003217,26,2026-06-13,Sealants,16,10140.26,P022
TXN003218,108,2026-06-13,Art & Craft,28,5445.44,P005
TXN003219,43,2026-06-13,Construction Chemicals,28,39142.86,P022
TXN003220,115,2026-06-14,Adhesives,77,27988.15,P004
TXN003221,5,2026-06-14,Construction Chemicals,8,11278.73,P023
TXN003222,23,2026-06-14,Construction Chemicals,1,1520.27,P017
TXN003223,34,2026-06-14,Construction Chemicals,32,47049.88,P020
TXN003224,91,2026-06-14,Art & Craft,39,7803.15,P008
TXN003225,33,2026-06-14,Construction Chemicals,17,22380.05,P016
TXN003226,115,2026-06-15,Art & Craft,52,8778.97,P004
TXN003227,103,2026-06-15,Industrial Resins,49,91670.11,P010
TXN003228,10,2026-06-15,Industrial Resins,37,83660.27,P014
TXN003229,39,2026-06-15,Industrial Resins,74,154855.86,P011
TXN003230,5,2026-06-15,Sealants,28,18864.87,P023
TXN003231,5,2026-06-15,Sealants,67,40229.5,P023
TXN003232,3,2026-06-15,Sealants,53,31192.71,P017
TXN003233,38,2026-06-15,Industrial Resins,64,141504.56,P010
TXN003234,115,2026-06-16,Adhesives,55,16989.03,P004
TXN003235,115,2026-06-16,Adhesives,69,24222.21,P004
TXN003236,103,2026-06-16,Adhesives,47,16995.09,P010
TXN003237,23,2026-06-16,Construction Chemicals,87,131286.2,P017
TXN003238,13,2026-06-16,Adhesives,36,12280.61,P010
TXN003239,13,2026-06-16,Adhesives,55,17457.17,P010
TXN003240,3,2026-06-16,Construction Chemicals,59,86521.03,P017
TXN003241,115,2026-06-17,Sealants,62,42395.4,P004
TXN003242,103,2026-06-17,Adhesives,64,20878.86,P010
TXN003243,12,2026-06-17,Construction Chemicals,71,90930.57,P024
TXN003244,110,2026-06-17,Sealants,59,34041.14,P024
TXN003245,116,2026-06-17,Adhesives,26,9389.58,P004
TXN003246,75,2026-06-17,Construction Chemicals,33,48248.77,P020
TXN003247,12,2026-06-18,Sealants,59,35251.53,P024
TXN003248,38,2026-06-18,Industrial Resins,44,89752.93,P010
TXN003249,60,2026-06-18,Adhesives,26,9300.5,P004
TXN003250,78,2026-06-18,Adhesives,17,5671.71,P010
TXN003251,92,2026-06-18,Sealants,40,27326.07,P026
TXN003252,115,2026-06-19,Sealants,93,58803.63,P004
TXN003253,103,2026-06-19,Industrial Resins,55,126863.99,P010
TXN003254,103,2026-06-19,Adhesives,50,17210.22,P010
TXN003255,101,2026-06-19,Construction Chemicals,34,54176.91,P018
TXN003256,5,2026-06-19,Construction Chemicals,65,100393.66,P023
TXN003257,116,2026-06-19,Sealants,7,4592.83,P004
TXN003258,106,2026-06-19,Construction Chemicals,38,48551.9,P016
TXN003259,2,2026-06-19,Sealants,15,10084.93,P018
TXN003260,26,2026-06-19,Construction Chemicals,15,22678.6,P022
TXN003261,53,2026-06-19,Construction Chemicals,15,19803.04,P023
TXN003262,29,2026-06-19,Sealants,19,12384.04,P026
TXN003263,103,2026-06-20,Industrial Resins,102,235657.25,P010
TXN003264,101,2026-06-20,Sealants,71,45242.92,P018
TXN003265,5,2026-06-20,Sealants,37,24421.1,P023
TXN003266,23,2026-06-20,Construction Chemicals,2,2914.91,P017
TXN003267,23,2026-06-20,Sealants,58,34175.54,P017
TXN003268,13,2026-06-20,Industrial Resins,80,179335.52,P010
TXN003269,38,2026-06-20,Adhesives,55,20337.14,P010
TXN003270,77,2026-06-20,Sealants,39,22212.98,P020
TXN003271,10,2026-06-21,Adhesives,59,22451.03,P014
TXN003272,101,2026-06-21,Sealants,82,51074.14,P018
TXN003273,3,2026-06-21,Construction Chemicals,67,108468.41,P017
TXN003274,38,2026-06-21,Industrial Resins,1,2217.09,P010
TXN003275,38,2026-06-21,Adhesives,88,28836.67,P010
TXN003276,110,2026-06-21,Construction Chemicals,36,51209.12,P024
TXN003277,77,2026-06-21,Construction Chemicals,12,18519.17,P020
TXN003278,104,2026-06-21,Industrial Resins,25,53851.33,P014
TXN003279,14,2026-06-21,Sealants,25,16499.05,P005
TXN003280,6,2026-06-21,Construction Chemicals,46,67295.76,P016
TXN003281,51,2026-06-21,Construction Chemicals,37,48587.23,P018
TXN003282,10,2026-06-22,Adhesives,97,33309.79,P014
TXN003283,39,2026-06-22,Adhesives,63,23078.35,P011
TXN003284,5,2026-06-22,Sealants,42,25833.68,P023
TXN003285,13,2026-06-22,Industrial Resins,22,48982.93,P010
TXN003286,13,2026-06-22,Adhesives,34,12535.08,P010
TXN003287,3,2026-06-22,Construction Chemicals,40,55648.01,P017
TXN003288,3,2026-06-22,Sealants,99,55629.34,P017
TXN003289,37,2026-06-22,Sealants,20,11468.05,P026
TXN003290,102,2026-06-22,Sealants,32,20530.6,P024
TXN003291,93,2026-06-22,Industrial Resins,30,69774.61,P012
TXN003292,100,2026-06-22,Sealants,18,10431.04,P004
TXN003293,3,2026-06-23,Construction Chemicals,87,140445.44,P017
TXN003294,3,2026-06-23,Construction Chemicals,104,156561.18,P017
TXN003295,38,2026-06-23,Adhesives,22,8270.89,P010
TXN003296,84,2026-06-23,Construction Chemicals,39,51361.26,P018
TXN003297,115,2026-06-24,Art & Craft,39,7772.85,P004
TXN003298,12,2026-06-24,Construction Chemicals,43,58534.42,P024
TXN003299,12,2026-06-24,Sealants,96,59275.27,P024
TXN003300,23,2026-06-24,Construction Chemicals,54,74071.34,P017
TXN003301,13,2026-06-24,Adhesives,91,31116.85,P010
TXN003302,110,2026-06-24,Construction Chemicals,71,113560.13,P024
TXN003303,110,2026-06-24,Sealants,33,21450.64,P024
TXN003304,106,2026-06-24,Sealants,1,641.96,P016
TXN003305,90,2026-06-24,Construction Chemicals,29,46159.63,P020
TXN003306,10,2026-06-25,Adhesives,75,23419.88,P014
TXN003307,101,2026-06-25,Construction Chemicals,46,67669.56,P018
TXN003308,13,2026-06-25,Industrial Resins,34,79196.98,P010
TXN003309,13,2026-06-25,Adhesives,17,5481.53,P010
TXN003310,38,2026-06-25,Industrial Resins,95,195634.02,P010
TXN003311,80,2026-06-25,Industrial Resins,21,40199.41,P010
TXN003312,43,2026-06-25,Sealants,21,11790.89,P022
TXN003313,10,2026-06-26,Industrial Resins,26,58626.63,P014
TXN003314,3,2026-06-26,Construction Chemicals,58,79840.54,P017
TXN003315,28,2026-06-26,Construction Chemicals,48,65686.34,P017
TXN003316,101,2026-06-27,Sealants,54,30706.15,P018
TXN003317,23,2026-06-27,Sealants,110,74486.99,P017
TXN003318,29,2026-06-27,Construction Chemicals,40,59643.72,P026
TXN003319,115,2026-06-28,Sealants,31,18235.69,P004
TXN003320,12,2026-06-28,Construction Chemicals,85,114147.16,P024
TXN003321,12,2026-06-28,Sealants,40,23447.45,P024
TXN003322,23,2026-06-28,Sealants,32,19006.93,P017
TXN003323,38,2026-06-28,Adhesives,56,21242.71,P010
TXN003324,70,2026-06-28,Sealants,13,7931.66,P017
TXN003325,2,2026-06-28,Construction Chemicals,39,55529.36,P018
TXN003326,108,2026-06-28,Sealants,12,7977.57,P005
TXN003327,103,2026-06-29,Adhesives,53,18567.72,P010
TXN003328,39,2026-06-29,Industrial Resins,1,2179.86,P011
TXN003329,39,2026-06-29,Adhesives,110,34507.1,P011
TXN003330,38,2026-06-29,Adhesives,35,13452.96,P010
TXN003331,70,2026-06-29,Construction Chemicals,6,7866.06,P017
TXN003332,12,2026-06-30,Sealants,81,50228.2,P024
TXN003333,101,2026-06-30,Construction Chemicals,88,135790.79,P018
TXN003334,110,2026-06-30,Construction Chemicals,60,88032.7,P024
TXN003335,120,2026-06-30,Adhesives,21,7311.96,P014
TXN003336,104,2026-06-30,Adhesives,20,6869.32,P014
TXN003337,78,2026-06-30,Industrial Resins,11,24184.0,P010
TXN003338,114,2026-06-30,Construction Chemicals,10,14175.42,P024
TXN003339,115,2026-07-01,Adhesives,52,17796.2,P004
TXN003340,115,2026-07-01,Art & Craft,61,11074.17,P004
TXN003341,101,2026-07-01,Construction Chemicals,39,51742.73,P018
TXN003342,13,2026-07-01,Industrial Resins,52,114007.3,P010
TXN003343,47,2026-07-01,Sealants,37,23128.96,P018
TXN003344,33,2026-07-01,Construction Chemicals,10,16209.12,P016
TXN003345,10,2026-07-02,Adhesives,63,20419.02,P014
TXN003346,3,2026-07-02,Construction Chemicals,42,59886.62,P017
TXN003347,3,2026-07-02,Sealants,48,26781.31,P017
TXN003348,71,2026-07-02,Sealants,8,5316.12,P024
TXN003349,55,2026-07-02,Industrial Resins,33,77170.03,P010
TXN003350,115,2026-07-03,Art & Craft,35,6655.5,P004
TXN003351,115,2026-07-03,Art & Craft,64,12841.23,P004
TXN003352,77,2026-07-03,Sealants,18,10520.2,P020
TXN003353,2,2026-07-03,Construction Chemicals,23,31727.03,P018
TXN003354,75,2026-07-03,Sealants,28,15859.6,P020
TXN003355,94,2026-07-03,Adhesives,26,8536.1,P004
TXN003356,115,2026-07-04,Adhesives,36,13350.67,P004
TXN003357,3,2026-07-04,Construction Chemicals,1,1357.29,P017
TXN003358,38,2026-07-04,Adhesives,94,29683.26,P010
TXN003359,37,2026-07-04,Sealants,34,23156.94,P026
TXN003360,83,2026-07-04,Adhesives,16,6142.68,P011
TXN003361,108,2026-07-04,Sealants,41,26427.47,P005
TXN003362,10,2026-07-05,Adhesives,50,17459.49,P014
TXN003363,101,2026-07-05,Construction Chemicals,46,63888.26,P018
TXN003364,13,2026-07-05,Industrial Resins,68,157188.07,P010
TXN003365,38,2026-07-05,Industrial Resins,33,66883.27,P010
TXN003366,38,2026-07-05,Industrial Resins,44,93133.42,P010
TXN003367,60,2026-07-05,Adhesives,37,11721.32,P004
TXN003368,103,2026-07-06,Adhesives,28,9473.43,P010
TXN003369,103,2026-07-06,Adhesives,58,19933.81,P010
TXN003370,10,2026-07-06,Industrial Resins,26,51296.52,P014
TXN003371,13,2026-07-06,Adhesives,49,18106.51,P010
TXN003372,116,2026-07-06,Adhesives,20,7563.48,P004
TXN003373,83,2026-07-06,Industrial Resins,17,39538.38,P011
TXN003374,70,2026-07-06,Construction Chemicals,25,34996.82,P017
TXN003375,95,2026-07-06,Art & Craft,28,5602.48,P008
TXN003376,92,2026-07-06,Construction Chemicals,33,49437.48,P026
TXN003377,58,2026-07-06,Sealants,24,16006.51,P016
TXN003378,10,2026-07-07,Adhesives,81,30432.94,P014
TXN003379,13,2026-07-07,Industrial Resins,30,62906.63,P010
TXN003380,78,2026-07-07,Industrial Resins,42,78410.84,P010
TXN003381,56,2026-07-07,Construction Chemicals,6,8798.35,P016
TXN003382,27,2026-07-07,Art & Craft,25,4023.2,P006
TXN003383,113,2026-07-07,Art & Craft,7,1217.54,P004
TXN003384,115,2026-07-08,Art & Craft,42,8451.44,P004
TXN003385,103,2026-07-08,Adhesives,79,27570.83,P010
TXN003386,3,2026-07-08,Sealants,52,29951.03,P017
TXN003387,102,2026-07-08,Sealants,25,16384.28,P024
TXN003388,95,2026-07-08,Adhesives,18,6548.2,P008
TXN003389,48,2026-07-08,Sealants,32,17689.83,P017
TXN003390,39,2026-07-09,Industrial Resins,44,91382.83,P011
TXN003391,38,2026-07-09,Adhesives,37,11454.88,P010
TXN003392,75,2026-07-09,Construction Chemicals,13,19881.78,P020
TXN003393,103,2026-07-10,Industrial Resins,84,157670.14,P010
TXN003394,103,2026-07-10,Adhesives,39,12467.32,P010
TXN003395,23,2026-07-10,Sealants,36,21309.4,P017
TXN003396,13,2026-07-10,Industrial Resins,2,3988.34,P010
TXN003397,99,2026-07-10,Adhesives,11,3686.19,P012
TXN003398,10,2026-07-11,Industrial Resins,69,138107.49,P014
TXN003399,12,2026-07-11,Construction Chemicals,85,108983.91,P024
TXN003400,39,2026-07-11,Adhesives,28,10732.81,P011
TXN003401,101,2026-07-11,Sealants,58,31902.31,P018
TXN003402,3,2026-07-11,Construction Chemicals,53,80041.35,P017
TXN003403,110,2026-07-11,Construction Chemicals,96,147764.82,P024
TXN003404,120,2026-07-11,Adhesives,29,11246.57,P014
TXN003405,34,2026-07-11,Sealants,14,8474.84,P020
TXN003406,12,2026-07-12,Sealants,52,30815.99,P024
TXN003407,12,2026-07-12,Sealants,32,18327.88,P024
TXN003408,3,2026-07-12,Sealants,8,4675.29,P017
TXN003409,110,2026-07-12,Sealants,106,59494.53,P024
TXN003410,82,2026-07-12,Sealants,26,15174.3,P018
TXN003411,5,2026-07-13,Construction Chemicals,52,75304.67,P023
TXN003412,23,2026-07-13,Sealants,108,61515.05,P017
TXN003413,38,2026-07-13,Adhesives,55,18307.14,P010
TXN003414,84,2026-07-13,Construction Chemicals,16,20930.05,P018
TXN003415,38,2026-07-14,Adhesives,73,27413.75,P010
TXN003416,110,2026-07-14,Sealants,6,3788.27,P024
TXN003417,56,2026-07-14,Sealants,28,16092.81,P016
TXN003418,27,2026-07-14,Adhesives,17,6170.62,P006
TXN003419,10,2026-07-15,Industrial Resins,81,153999.65,P014
TXN003420,39,2026-07-15,Industrial Resins,26,53363.51,P011
TXN003421,5,2026-07-15,Construction Chemicals,53,77104.22,P023
TXN003422,68,2026-07-15,Sealants,24,16384.44,P024
TXN003423,5,2026-07-16,Sealants,8,5023.71,P023
TXN003424,110,2026-07-16,Sealants,7,4461.23,P024
TXN003425,25,2026-07-16,Sealants,21,11668.23,P005
TXN003426,51,2026-07-16,Construction Chemicals,17,21859.69,P018
TXN003427,115,2026-07-17,Sealants,35,24087.57,P004
TXN003428,103,2026-07-17,Industrial Resins,82,183231.59,P010
TXN003429,38,2026-07-17,Adhesives,74,26026.85,P010
TXN003430,103,2026-07-18,Industrial Resins,34,78866.76,P010
TXN003431,10,2026-07-18,Industrial Resins,56,128806.27,P014
TXN003432,3,2026-07-18,Construction Chemicals,56,72002.31,P017
TXN003433,80,2026-07-18,Industrial Resins,18,41953.29,P010
TXN003434,10,2026-07-19,Industrial Resins,100,214579.23,P014
TXN003435,5,2026-07-19,Sealants,63,34542.2,P023
TXN003436,70,2026-07-19,Sealants,21,13273.66,P017
TXN003437,103,2026-07-20,Industrial Resins,77,156973.83,P010
TXN003438,39,2026-07-20,Industrial Resins,28,58779.15,P011
TXN003439,111,2026-07-20,Art & Craft,29,5222.09,P006
TXN003440,12,2026-07-21,Construction Chemicals,28,42944.21,P024
TXN003441,5,2026-07-21,Sealants,49,28691.66,P023
TXN003442,23,2026-07-21,Construction Chemicals,44,56304.87,P017
TXN003443,13,2026-07-21,Adhesives,45,14243.39,P010
TXN003444,38,2026-07-21,Industrial Resins,52,96306.32,P010
TXN003445,60,2026-07-21,Art & Craft,42,6788.03,P004
TXN003446,26,2026-07-21,Construction Chemicals,40,52412.32,P022
TXN003447,108,2026-07-21,Art & Craft,17,3193.7,P005
TXN003448,101,2026-07-22,Sealants,64,37708.91,P018
TXN003449,5,2026-07-22,Sealants,45,30249.62,P023
TXN003450,110,2026-07-22,Construction Chemicals,26,40884.71,P024
TXN003451,9,2026-07-22,Sealants,13,8570.77,P020
TXN003452,78,2026-07-22,Adhesives,41,14949.75,P010
TXN003453,12,2026-07-23,Sealants,15,9288.64,P024
TXN003454,101,2026-07-23,Sealants,55,35070.65,P018
TXN003455,23,2026-07-23,Construction Chemicals,81,116386.75,P017
TXN003456,23,2026-07-23,Sealants,66,44504.83,P017
TXN003457,18,2026-07-23,Industrial Resins,16,37386.19,P011
TXN003458,115,2026-07-24,Adhesives,63,21998.9,P004
TXN003459,103,2026-07-24,Adhesives,61,19476.77,P010
TXN003460,10,2026-07-24,Adhesives,45,16980.94,P014
TXN003461,3,2026-07-24,Sealants,33,22070.68,P017
TXN003462,34,2026-07-24,Construction Chemicals,25,36768.98,P020
TXN003463,86,2026-07-24,Construction Chemicals,34,55000.81,P018
TXN003464,115,2026-07-25,Sealants,66,37284.13,P004
TXN003465,101,2026-07-25,Construction Chemicals,120,172317.65,P018
TXN003466,97,2026-07-25,Sealants,13,8502.02,P016
TXN003467,39,2026-07-26,Industrial Resins,45,91905.12,P011
TXN003468,23,2026-07-26,Sealants,61,39961.8,P017
TXN003469,104,2026-07-26,Adhesives,13,5026.06,P014
TXN003470,76,2026-07-26,Sealants,14,8635.23,P026
TXN003471,8,2026-07-26,Sealants,29,16409.69,P026
TXN003472,39,2026-07-27,Adhesives,8,3055.28,P011
TXN003473,101,2026-07-27,Sealants,75,50280.16,P018
TXN003474,5,2026-07-27,Construction Chemicals,48,75136.32,P023
TXN003475,5,2026-07-27,Construction Chemicals,54,75011.33,P023
TXN003476,13,2026-07-27,Adhesives,28,9136.36,P010
TXN003477,115,2026-07-28,Art & Craft,87,16062.64,P004
TXN003478,39,2026-07-28,Adhesives,51,19882.47,P011
TXN003479,23,2026-07-28,Construction Chemicals,54,76604.2,P017
TXN003480,38,2026-07-28,Industrial Resins,56,123279.91,P010
TXN003481,110,2026-07-28,Construction Chemicals,85,115614.4,P024
TXN003482,26,2026-07-28,Sealants,19,12060.65,P022
TXN003483,115,2026-07-29,Adhesives,101,31868.48,P004
TXN003484,12,2026-07-29,Construction Chemicals,61,89130.89,P024
TXN003485,39,2026-07-29,Adhesives,62,19463.9,P011
TXN003486,39,2026-07-29,Adhesives,109,35808.12,P011
TXN003487,13,2026-07-29,Adhesives,1,320.61,P010
TXN003488,13,2026-07-29,Adhesives,86,29314.82,P010
TXN003489,95,2026-07-29,Sealants,33,19319.76,P008
TXN003490,91,2026-07-29,Sealants,12,7082.31,P008
TXN003491,59,2026-07-29,Adhesives,15,5251.93,P010
TXN003492,103,2026-07-30,Industrial Resins,111,205276.38,P010
TXN003493,39,2026-07-30,Industrial Resins,68,157950.65,P011
TXN003494,23,2026-07-30,Construction Chemicals,47,63781.69,P017
TXN003495,38,2026-07-30,Industrial Resins,59,125026.23,P010
TXN003496,104,2026-07-30,Industrial Resins,18,41782.76,P014
TXN003497,93,2026-07-30,Adhesives,21,7209.8,P012
TXN003498,10,2026-07-31,Adhesives,54,21117.54,P014
TXN003499,12,2026-07-31,Sealants,72,44239.28,P024
TXN003500,120,2026-07-31,Industrial Resins,11,23816.38,P014
TXN003501,100,2026-07-31,Art & Craft,15,2690.87,P004
TXN003502,103,2026-08-01,Industrial Resins,42,87829.22,P010
TXN003503,10,2026-08-01,Industrial Resins,46,90376.13,P014
TXN003504,101,2026-08-01,Sealants,38,23118.32,P018
TXN003505,5,2026-08-01,Sealants,49,31922.16,P023
TXN003506,13,2026-08-01,Industrial Resins,100,224042.61,P010
TXN003507,13,2026-08-01,Industrial Resins,65,149953.07,P010
TXN003508,3,2026-08-01,Sealants,57,37620.73,P017
TXN003509,110,2026-08-01,Construction Chemicals,47,75013.25,P024
TXN003510,110,2026-08-01,Construction Chemicals,18,26353.14,P024
TXN003511,60,2026-08-01,Art & Craft,23,4071.31,P004
TXN003512,26,2026-08-01,Construction Chemicals,31,45094.96,P022
TXN003513,38,2026-08-02,Industrial Resins,77,172231.12,P010
TXN003514,39,2026-08-03,Industrial Resins,50,116022.76,P011
TXN003515,39,2026-08-03,Adhesives,50,18400.05,P011
TXN003516,101,2026-08-03,Construction Chemicals,17,23534.53,P018
TXN003517,38,2026-08-03,Adhesives,41,13725.98,P010
TXN003518,77,2026-08-03,Sealants,7,4552.66,P020
TXN003519,51,2026-08-03,Construction Chemicals,46,66047.0,P018
TXN003520,17,2026-08-03,Adhesives,11,3712.74,P011
TXN003521,14,2026-08-04,Art & Craft,9,1449.45,P005
TXN003522,47,2026-08-04,Construction Chemicals,23,33936.67,P018
TXN003523,10,2026-08-05,Adhesives,5,1842.97,P014
TXN003524,5,2026-08-05,Construction Chemicals,96,124291.51,P023
TXN003525,3,2026-08-05,Construction Chemicals,19,24779.81,P017
TXN003526,110,2026-08-05,Sealants,90,53655.92,P024
TXN003527,18,2026-08-05,Industrial Resins,25,58701.55,P011
TXN003528,103,2026-08-06,Adhesives,103,34581.21,P010
TXN003529,12,2026-08-06,Construction Chemicals,11,14607.94,P024
TXN003530,116,2026-08-06,Adhesives,23,7939.42,P004
TXN003531,48,2026-08-06,Construction Chemicals,19,26782.51,P017
TXN003532,103,2026-08-07,Adhesives,24,9308.2,P010
TXN003533,10,2026-08-07,Industrial Resins,92,216382.36,P014
TXN003534,5,2026-08-07,Construction Chemicals,49,63367.55,P023
TXN003535,110,2026-08-07,Sealants,52,29009.3,P024
TXN003536,102,2026-08-07,Construction Chemicals,27,42966.36,P024
TXN003537,103,2026-08-08,Adhesives,24,8714.45,P010
TXN003538,12,2026-08-08,Construction Chemicals,80,123043.13,P024
TXN003539,10,2026-08-09,Adhesives,16,6062.97,P014
TXN003540,5,2026-08-09,Sealants,71,47366.49,P023
TXN003541,38,2026-08-09,Industrial Resins,50,116590.32,P010
TXN003542,77,2026-08-09,Construction Chemicals,1,1584.41,P020
TXN003543,10,2026-08-10,Industrial Resins,62,122384.39,P014
TXN003544,12,2026-08-10,Sealants,73,45897.71,P024
TXN003545,39,2026-08-10,Industrial Resins,84,175741.61,P011
TXN003546,39,2026-08-10,Adhesives,101,37146.4,P011
TXN003547,101,2026-08-10,Sealants,17,9723.49,P018
TXN003548,84,2026-08-10,Construction Chemicals,21,30081.77,P018
TXN003549,80,2026-08-10,Industrial Resins,44,96310.0,P010
TXN003550,101,2026-08-11,Construction Chemicals,54,81649.47,P018
TXN003551,23,2026-08-11,Sealants,75,47144.91,P017
TXN003552,3,2026-08-11,Construction Chemicals,22,31222.78,P017
TXN003553,27,2026-08-11,Sealants,19,12547.22,P006
TXN003554,92,2026-08-11,Sealants,9,5633.65,P026
TXN003555,12,2026-08-12,Sealants,39,24814.7,P024
TXN003556,9,2026-08-12,Construction Chemicals,32,49892.86,P020
TXN003557,46,2026-08-12,Adhesives,50,16764.69,P010
TXN003558,103,2026-08-13,Industrial Resins,84,189456.27,P010
TXN003559,23,2026-08-13,Construction Chemicals,4,6102.55,P017
TXN003560,23,2026-08-13,Sealants,49,31022.04,P017
TXN003561,13,2026-08-13,Industrial Resins,18,36069.94,P010
TXN003562,110,2026-08-13,Sealants,48,31895.24,P024
TXN003563,83,2026-08-13,Industrial Resins,19,37075.52,P011
TXN003564,56,2026-08-13,Sealants,24,14038.87,P016
TXN003565,12,2026-08-14,Sealants,18,11030.64,P024
TXN003566,101,2026-08-14,Sealants,42,26559.36,P018
TXN003567,5,2026-08-14,Construction Chemicals,17,26822.64,P023
TXN003568,38,2026-08-14,Adhesives,67,26224.3,P010
TXN003569,115,2026-08-15,Adhesives,57,19667.4,P004
TXN003570,3,2026-08-15,Sealants,31,20523.2,P017
TXN003571,103,2026-08-16,Industrial Resins,60,116185.62,P010
TXN003572,23,2026-08-16,Construction Chemicals,79,106362.02,P017
TXN003573,23,2026-08-16,Sealants,101,59617.16,P017
TXN003574,14,2026-08-16,Adhesives,34,11613.83,P005
TXN003575,76,2026-08-16,Sealants,13,7183.88,P026
TXN003576,84,2026-08-17,Sealants,20,12441.27,P018
TXN003577,53,2026-08-17,Construction Chemicals,26,33659.4,P023
TXN003578,11,2026-08-17,Construction Chemicals,6,8052.7,P026
TXN003579,103,2026-08-18,Industrial Resins,25,53124.81,P010
TXN003580,12,2026-08-18,Sealants,43,27460.64,P024
TXN003581,23,2026-08-18,Construction Chemicals,79,106495.43,P017
TXN003582,110,2026-08-18,Construction Chemicals,102,151513.82,P024
TXN003583,104,2026-08-18,Industrial Resins,31,58629.03,P014
TXN003584,26,2026-08-18,Sealants,30,16708.09,P022
TXN003585,68,2026-08-18,Construction Chemicals,34,47516.44,P024
TXN003586,59,2026-08-18,Adhesives,23,8576.2,P010
TXN003587,78,2026-08-19,Industrial Resins,42,85609.59,P010
TXN003588,108,2026-08-19,Adhesives,6,2186.84,P005
TXN003589,115,2026-08-20,Art & Craft,76,14222.36,P004
TXN003590,115,2026-08-20,Art & Craft,60,10691.51,P004
TXN003591,115,2026-08-20,Art & Craft,59,10716.4,P004
TXN003592,115,2026-08-20,Sealants,38,26042.33,P004
TXN003593,5,2026-08-20,Sealants,17,9808.12,P023
TXN003594,13,2026-08-20,Industrial Resins,45,88227.95,P010
TXN003595,71,2026-08-20,Construction Chemicals,13,18445.6,P024
TXN003596,93,2026-08-20,Industrial Resins,31,69029.63,P012
TXN003597,8,2026-08-20,Construction Chemicals,1,1610.85,P026
TXN003598,10,2026-08-21,Adhesives,63,20576.1,P014
TXN003599,5,2026-08-21,Sealants,94,51446.12,P023
TXN003600,23,2026-08-21,Construction Chemicals,84,122970.58,P017
TXN003601,13,2026-08-21,Industrial Resins,36,69576.31,P010
TXN003602,102,2026-08-21,Sealants,5,2836.36,P024
TXN003603,10,2026-08-22,Adhesives,44,13640.55,P014
TXN003604,38,2026-08-22,Industrial Resins,53,124274.38,P010
TXN003605,104,2026-08-22,Adhesives,20,7451.3,P014
TXN003606,55,2026-08-22,Industrial Resins,43,96712.44,P010
TXN003607,115,2026-08-23,Sealants,24,15665.56,P004
TXN003608,103,2026-08-23,Adhesives,54,20861.96,P010
TXN003609,10,2026-08-23,Industrial Resins,18,38744.33,P014
TXN003610,5,2026-08-23,Construction Chemicals,60,91345.68,P023
TXN003611,13,2026-08-23,Adhesives,35,11990.03,P010
TXN003612,120,2026-08-23,Adhesives,14,5362.39,P014
TXN003613,68,2026-08-23,Sealants,36,22011.89,P024
TXN003614,85,2026-08-23,Sealants,32,21544.51,P005
TXN003615,41,2026-08-23,Industrial Resins,19,35384.92,P014
TXN003616,12,2026-08-24,Construction Chemicals,21,29434.51,P024
TXN003617,39,2026-08-24,Adhesives,82,28528.11,P011
TXN003618,13,2026-08-24,Adhesives,87,30008.35,P010
TXN003619,3,2026-08-24,Construction Chemicals,40,59698.16,P017
TXN003620,38,2026-08-24,Adhesives,88,28416.02,P010
TXN003621,75,2026-08-24,Sealants,41,23624.34,P020
TXN003622,90,2026-08-24,Sealants,34,21029.77,P020
TXN003623,39,2026-08-25,Industrial Resins,52,103067.98,P011
TXN003624,3,2026-08-25,Construction Chemicals,83,120279.69,P017
TXN003625,38,2026-08-25,Adhesives,41,14593.49,P010
TXN003626,71,2026-08-25,Sealants,11,6801.01,P024
TXN003627,37,2026-08-25,Construction Chemicals,37,51984.34,P026
TXN003628,72,2026-08-25,Adhesives,9,2778.32,P010
TXN003629,8,2026-08-25,Sealants,22,14367.28,P026
TXN003630,39,2026-08-26,Industrial Resins,21,48741.06,P011
TXN003631,23,2026-08-26,Sealants,39,24840.06,P017
TXN003632,99,2026-08-26,Adhesives,26,9492.93,P012
TXN003633,115,2026-08-27,Adhesives,73,24517.59,P004
TXN003634,115,2026-08-27,Adhesives,47,15594.71,P004
TXN003635,115,2026-08-27,Art & Craft,44,7981.12,P004
TXN003636,103,2026-08-27,Adhesives,29,9080.97,P010
TXN003637,10,2026-08-27,Adhesives,71,22148.15,P014
TXN003638,39,2026-08-27,Industrial Resins,71,161433.38,P011
TXN003639,13,2026-08-27,Adhesives,56,19700.0,P010
TXN003640,2,2026-08-27,Sealants,33,21123.6,P018
TXN003641,95,2026-08-27,Art & Craft,32,5489.79,P008
TXN003642,38,2026-08-28,Industrial Resins,70,133653.0,P010
TXN003643,38,2026-08-28,Industrial Resins,57,109169.62,P010
TXN003644,110,2026-08-28,Construction Chemicals,21,29374.36,P024
TXN003645,106,2026-08-28,Construction Chemicals,15,23650.28,P016
TXN003646,70,2026-08-28,Sealants,18,11186.14,P017
TXN003647,95,2026-08-28,Adhesives,26,8588.81,P008
TXN003648,10,2026-08-29,Industrial Resins,19,35255.48,P014
TXN003649,101,2026-08-29,Construction Chemicals,17,23770.61,P018
TXN003650,3,2026-08-29,Sealants,18,10788.13,P017
TXN003651,38,2026-08-29,Adhesives,66,23138.59,P010
TXN003652,116,2026-08-29,Art & Craft,33,5505.46,P004
TXN003653,99,2026-08-29,Industrial Resins,41,83723.24,P012
TXN003654,6,2026-08-29,Construction Chemicals,35,54213.12,P016
TXN003655,35,2026-08-29,Sealants,37,22475.98,P008
TXN003656,13,2026-08-30,Adhesives,44,14214.77,P010
TXN003657,83,2026-08-30,Adhesives,22,7605.55,P011
TXN003658,78,2026-08-30,Adhesives,30,11747.89,P010
TXN003659,39,2026-08-31,Adhesives,71,22717.93,P011
TXN003660,80,2026-08-31,Adhesives,24,9254.18,P010
TXN003661,70,2026-08-31,Construction Chemicals,11,14299.92,P017
TXN003662,108,2026-08-31,Sealants,34,21773.04,P005
TXN900001,99999,2026-05-14,Adhesives,12,4620.0,P024
TXN900002,12,2026-13-45,Sealants,8,5120.0,P024
TXN900003,12,2026-06-02,Sealants,-5,3100.0,P024
TXN900004,12,2026-06-11,adhesives,15,,P024
