transaction_id,customer_code,transaction_date,product_category,quantity,revenue,salesperson_id
T000001,101,2025-03-01,Construction Chemicals,17,23834.95,P018
T000002,23,2025-03-01,Construction Chemicals,70,93183.46,P017
T000003,23,2025-03-01,Sealants,71,45820.57,P017
T000004,13,2025-03-01,Adhesives,35,11156.94,P010
T000005,77,2025-03-01,Sealants,25,16637.16,P020
T000006,90,2025-03-01,Sealants,37,24602.74,P020
T000007,10,2025-03-02,Adhesives,44,16936.66,P014
T000008,39,2025-03-02,Adhesives,10,3407.1,P011
T000009,101,2025-03-02,Construction Chemicals,59,87368.75,P018
T000010,5,2025-03-02,Sealants,52,31841.38,P023
T000011,37,2025-03-02,Sealants,47,27161.5,P026
T000012,94,2025-03-02,Adhesives,28,10660.7,P004
T000013,39,2025-03-03,Adhesives,56,20026.59,P011
T000014,5,2025-03-03,Sealants,61,41839.93,P023
T000015,23,2025-03-03,Sealants,48,29305.01,P017
T000016,110,2025-03-03,Sealants,101,66389.42,P024
T000017,116,2025-03-03,Sealants,34,20235.96,P004
T000018,45,2025-03-03,Industrial Resins,18,36238.27,P011
T000019,8,2025-03-03,Construction Chemicals,34,44973.5,P026
T000020,12,2025-03-04,Construction Chemicals,134,198107.61,P024
T000021,39,2025-03-04,Industrial Resins,46,87845.81,P011
T000022,5,2025-03-04,Sealants,69,37755.11,P023
T000023,5,2025-03-04,Sealants,67,45193.85,P023
T000024,23,2025-03-04,Construction Chemicals,78,125504.93,P017
T000025,3,2025-03-04,Construction Chemicals,56,79124.09,P017
T000026,38,2025-03-04,Industrial Resins,62,145047.08,P010
T000027,38,2025-03-04,Adhesives,112,34721.32,P010
T000028,110,2025-03-04,Sealants,93,61877.33,P024
T000029,77,2025-03-04,Construction Chemicals,25,36245.94,P020
T000030,14,2025-03-04,Adhesives,33,11818.08,P005
T000031,27,2025-03-04,Adhesives,43,15233.87,P006
T000032,63,2025-03-04,Adhesives,18,6318.63,P008
T000033,115,2025-03-05,Sealants,18,11653.33,P004
T000034,115,2025-03-05,Sealants,75,42052.52,P004
T000035,103,2025-03-05,Industrial Resins,26,48821.59,P010
T000036,10,2025-03-05,Adhesives,48,15017.74,P014
T000037,10,2025-03-05,Adhesives,50,19270.03,P014
T000038,39,2025-03-05,Adhesives,41,12922.58,P011
T000039,5,2025-03-05,Construction Chemicals,77,104513.7,P023
T000040,38,2025-03-05,Industrial Resins,32,63236.19,P010
T000041,38,2025-03-05,Adhesives,64,24356.62,P010
T000042,84,2025-03-05,Sealants,47,26486.63,P018
T000043,99,2025-03-05,Adhesives,30,9949.0,P012
T000044,2,2025-03-05,Construction Chemicals,12,18429.13,P018
T000045,93,2025-03-05,Adhesives,7,2169.55,P012
T000046,118,2025-03-05,Industrial Resins,37,79349.58,P010
T000047,103,2025-03-06,Industrial Resins,74,141893.5,P010
T000048,103,2025-03-06,Industrial Resins,4,8146.45,P010
T000049,103,2025-03-06,Adhesives,51,17066.08,P010
T000050,23,2025-03-06,Sealants,33,22572.6,P017
T000051,53,2025-03-06,Sealants,1,604.47,P023
T000052,35,2025-03-06,Adhesives,23,7990.23,P008
T000053,100,2025-03-06,Adhesives,24,9023.25,P004
T000054,103,2025-03-07,Adhesives,58,20750.03,P010
T000055,10,2025-03-07,Industrial Resins,52,96407.93,P014
T000056,12,2025-03-07,Construction Chemicals,58,90603.49,P024
T000057,23,2025-03-07,Sealants,40,22556.04,P017
T000058,71,2025-03-07,Construction Chemicals,18,29037.94,P024
T000059,98,2025-03-07,Adhesives,30,9888.68,P010
T000060,103,2025-03-08,Adhesives,76,28403.88,P010
T000061,12,2025-03-08,Construction Chemicals,101,150611.76,P024
T000062,39,2025-03-08,Adhesives,54,20557.47,P011
T000063,3,2025-03-08,Sealants,91,49957.64,P017
T000064,110,2025-03-08,Construction Chemicals,85,130808.6,P024
T000065,104,2025-03-08,Adhesives,15,4746.45,P014
T000066,26,2025-03-08,Construction Chemicals,29,45485.86,P022
T000067,90,2025-03-08,Construction Chemicals,5,6794.36,P020
T000068,103,2025-03-09,Industrial Resins,16,31233.46,P010
T000069,12,2025-03-09,Construction Chemicals,28,43384.11,P024
T000070,23,2025-03-09,Construction Chemicals,37,48759.6,P017
T000071,3,2025-03-09,Construction Chemicals,35,55086.37,P017
T000072,38,2025-03-09,Industrial Resins,59,136581.29,P010
T000073,95,2025-03-09,Art & Craft,8,1481.34,P008
T000074,15,2025-03-09,Adhesives,23,7103.67,P004
T000075,101,2025-03-10,Sealants,28,17743.12,P018
T000076,5,2025-03-10,Construction Chemicals,70,108861.76,P023
T000077,13,2025-03-10,Industrial Resins,70,133969.77,P010
T000078,13,2025-03-10,Adhesives,37,12583.08,P010
T000079,3,2025-03-10,Sealants,60,38765.42,P017
T000080,5,2025-03-11,Construction Chemicals,104,159103.13,P023
T000081,5,2025-03-11,Construction Chemicals,59,88031.59,P023
T000082,5,2025-03-11,Sealants,23,15062.03,P023
T000083,38,2025-03-11,Industrial Resins,68,133808.98,P010
T000084,110,2025-03-11,Sealants,77,42828.81,P024
T000085,110,2025-03-11,Sealants,1,673.1,P024
T000086,106,2025-03-11,Sealants,30,18460.48,P016
T000087,99,2025-03-11,Industrial Resins,22,47358.01,P012
T000088,115,2025-03-12,Art & Craft,61,10199.63,P004
T000089,10,2025-03-12,Adhesives,41,15861.09,P014
T000090,39,2025-03-12,Industrial Resins,47,102182.09,P011
T000091,3,2025-03-12,Construction Chemicals,13,20389.43,P017
T000092,3,2025-03-12,Construction Chemicals,94,131225.27,P017
T000093,110,2025-03-12,Construction Chemicals,55,73898.83,P024
T000094,106,2025-03-12,Construction Chemicals,10,14621.79,P016
T000095,102,2025-03-12,Construction Chemicals,33,50533.97,P024
T000096,24,2025-03-12,Sealants,27,17011.0,P026
T000097,12,2025-03-13,Sealants,65,36225.33,P024
T000098,5,2025-03-13,Construction Chemicals,29,44142.65,P023
T000099,13,2025-03-13,Industrial Resins,24,56292.75,P010
T000100,83,2025-03-13,Industrial Resins,39,82981.69,P011
T000101,76,2025-03-13,Sealants,33,19475.35,P026
T000102,15,2025-03-13,Sealants,34,23442.52,P004
T000103,12,2025-03-14,Sealants,35,21241.99,P024
T000104,39,2025-03-14,Adhesives,106,34465.49,P011
T000105,78,2025-03-14,Industrial Resins,29,63084.27,P010
T000106,108,2025-03-14,Art & Craft,21,4080.86,P005
T000107,53,2025-03-14,Construction Chemicals,31,41155.16,P023
T000108,68,2025-03-14,Sealants,29,18974.52,P024
T000109,85,2025-03-14,Art & Craft,15,2382.17,P005
T000110,115,2025-03-15,Adhesives,25,7970.78,P004
T000111,115,2025-03-15,Art & Craft,31,6240.33,P004
T000112,10,2025-03-15,Industrial Resins,28,56357.83,P014
T000113,13,2025-03-15,Industrial Resins,72,142944.02,P010
T000114,110,2025-03-15,Sealants,61,33570.36,P024
T000115,37,2025-03-15,Construction Chemicals,16,20866.94,P026
T000116,8,2025-03-15,Sealants,22,15153.85,P026
T000117,103,2025-03-16,Adhesives,41,15835.46,P010
T000118,12,2025-03-16,Construction Chemicals,80,126327.94,P024
T000119,12,2025-03-16,Construction Chemicals,36,46240.07,P024
T000120,12,2025-03-16,Sealants,33,20004.84,P024
T000121,101,2025-03-16,Sealants,71,41629.51,P018
T000122,34,2025-03-16,Construction Chemicals,39,62293.94,P020
T000123,39,2025-03-17,Industrial Resins,31,67687.6,P011
T000124,39,2025-03-17,Industrial Resins,27,58138.28,P011
T000125,23,2025-03-17,Construction Chemicals,44,63835.19,P017
T000126,110,2025-03-17,Sealants,31,21428.34,P024
T000127,71,2025-03-17,Sealants,20,13518.98,P024
T000128,83,2025-03-17,Adhesives,23,7854.82,P011
T000129,103,2025-03-18,Adhesives,47,16484.56,P010
T000130,39,2025-03-18,Industrial Resins,106,204482.08,P011
T000131,13,2025-03-18,Industrial Resins,28,56226.09,P010
T000132,13,2025-03-18,Adhesives,20,7838.0,P010
T000133,2,2025-03-18,Sealants,42,26678.67,P018
T000134,34,2025-03-18,Sealants,25,14517.78,P020
T000135,10,2025-03-19,Industrial Resins,84,189365.98,P014
T000136,12,2025-03-19,Sealants,70,46930.83,P024
T000137,3,2025-03-19,Sealants,99,57098.66,P017
T000138,56,2025-03-19,Sealants,20,10984.13,P016
T000139,39,2025-03-20,Industrial Resins,69,158319.97,P011
T000140,101,2025-03-20,Sealants,77,44016.66,P018
T000141,3,2025-03-20,Construction Chemicals,111,177331.19,P017
T000142,84,2025-03-20,Construction Chemicals,15,22999.1,P018
T000143,102,2025-03-20,Sealants,40,24215.33,P024
T000144,56,2025-03-20,Construction Chemicals,20,30606.25,P016
T000145,13,2025-03-21,Adhesives,63,24126.95,P010
T000146,60,2025-03-21,Adhesives,12,4100.71,P004
T000147,60,2025-03-21,Sealants,24,13384.9,P004
T000148,70,2025-03-21,Construction Chemicals,13,18475.25,P017
T000149,95,2025-03-21,Sealants,2,1105.32,P008
T000150,68,2025-03-21,Construction Chemicals,19,26534.29,P024
T000151,89,2025-03-21,Sealants,30,18488.2,P026
T000152,115,2025-03-22,Adhesives,43,15748.83,P004
T000153,39,2025-03-22,Adhesives,62,20608.07,P011
T000154,101,2025-03-22,Sealants,90,61270.45,P018
T000155,101,2025-03-22,Sealants,51,33054.47,P018
T000156,26,2025-03-22,Sealants,25,15338.59,P022
T000157,3,2025-03-23,Sealants,94,55664.15,P017
T000158,103,2025-03-24,Industrial Resins,55,103261.34,P010
T000159,23,2025-03-24,Construction Chemicals,56,80091.15,P017
T000160,110,2025-03-24,Construction Chemicals,35,54862.65,P024
T000161,120,2025-03-24,Industrial Resins,20,44834.76,P014
T000162,80,2025-03-24,Adhesives,30,10421.65,P010
T000163,104,2025-03-24,Industrial Resins,26,51115.44,P014
T000164,75,2025-03-24,Construction Chemicals,25,37437.63,P020
T000165,118,2025-03-24,Adhesives,1,362.01,P010
T000166,103,2025-03-25,Adhesives,67,21197.63,P010
T000167,12,2025-03-25,Sealants,48,26756.33,P024
T000168,13,2025-03-25,Industrial Resins,33,66042.29,P010
T000169,38,2025-03-25,Adhesives,19,6268.08,P010
T000170,88,2025-03-25,Sealants,3,1970.53,P024
T000171,86,2025-03-25,Construction Chemicals,32,46461.99,P018
T000172,103,2025-03-26,Industrial Resins,69,147981.19,P010
T000173,10,2025-03-26,Adhesives,64,21048.68,P014
T000174,101,2025-03-26,Construction Chemicals,49,70496.51,P018
T000175,101,2025-03-26,Sealants,103,57274.4,P018
T000176,3,2025-03-26,Sealants,54,30362.59,P017
T000177,38,2025-03-26,Industrial Resins,56,103583.56,P010
T000178,38,2025-03-26,Industrial Resins,69,150989.14,P010
T000179,38,2025-03-26,Adhesives,69,24268.25,P010
T000180,110,2025-03-26,Construction Chemicals,1,1585.68,P024
T000181,110,2025-03-26,Construction Chemicals,48,70264.69,P024
T000182,9,2025-03-26,Construction Chemicals,19,28513.18,P020
T000183,115,2025-03-27,Sealants,33,20844.55,P004
T000184,101,2025-03-27,Construction Chemicals,32,44747.82,P018
T000185,9,2025-03-27,Sealants,12,7048.96,P020
T000186,76,2025-03-27,Construction Chemicals,31,41548.16,P026
T000187,47,2025-03-27,Sealants,34,18947.85,P018
T000188,1,2025-03-27,Adhesives,9,2811.87,P004
T000189,115,2025-03-28,Adhesives,83,25735.8,P004
T000190,12,2025-03-28,Sealants,60,35349.84,P024
T000191,101,2025-03-28,Construction Chemicals,28,39203.42,P018
T000192,101,2025-03-28,Construction Chemicals,38,56555.44,P018
T000193,23,2025-03-28,Sealants,55,33722.44,P017
T000194,23,2025-03-28,Sealants,30,17311.34,P017
T000195,13,2025-03-28,Adhesives,70,22457.07,P010
T000196,3,2025-03-28,Sealants,56,37936.55,P017
T000197,80,2025-03-28,Industrial Resins,31,66031.38,P010
T000198,115,2025-03-29,Adhesives,96,29967.47,P004
T000199,10,2025-03-29,Industrial Resins,37,80156.91,P014
T000200,5,2025-03-29,Construction Chemicals,27,35859.21,P023
T000201,3,2025-03-29,Construction Chemicals,59,89789.3,P017
T000202,38,2025-03-29,Adhesives,74,24282.38,P010
T000203,78,2025-03-29,Adhesives,25,8962.22,P010
T000204,93,2025-03-29,Industrial Resins,34,65837.76,P012
T000205,115,2025-03-30,Art & Craft,10,2011.78,P004
T000206,10,2025-03-30,Industrial Resins,39,88164.17,P014
T000207,5,2025-03-30,Sealants,75,42112.43,P023
T000208,23,2025-03-30,Construction Chemicals,1,1383.9,P017
T000209,38,2025-03-30,Adhesives,53,19803.71,P010
T000210,110,2025-03-30,Construction Chemicals,85,122508.02,P024
T000211,120,2025-03-30,Adhesives,28,10236.27,P014
T000212,70,2025-03-30,Sealants,1,683.71,P017
T000213,115,2025-03-31,Sealants,14,8371.96,P004
T000214,10,2025-03-31,Industrial Resins,82,159057.74,P014
T000215,13,2025-03-31,Industrial Resins,46,85133.47,P010
T000216,38,2025-03-31,Industrial Resins,29,60115.52,P010
T000217,75,2025-03-31,Sealants,38,21844.48,P020
T000218,98,2025-03-31,Industrial Resins,38,78921.96,P010
T000219,103,2025-04-01,Industrial Resins,34,63390.37,P010
T000220,12,2025-04-01,Construction Chemicals,49,74771.91,P024
T000221,101,2025-04-01,Sealants,26,15703.98,P018
T000222,5,2025-04-01,Sealants,62,39705.2,P023
T000223,23,2025-04-01,Construction Chemicals,42,58948.84,P017
T000224,13,2025-04-01,Industrial Resins,112,246185.81,P010
T000225,110,2025-04-01,Construction Chemicals,25,35661.29,P024
T000226,110,2025-04-01,Construction Chemicals,65,89191.55,P024
T000227,2,2025-04-01,Sealants,34,23567.67,P018
T000228,14,2025-04-01,Art & Craft,19,3128.18,P005
T000229,115,2025-04-02,Sealants,86,51170.42,P004
T000230,3,2025-04-02,Construction Chemicals,58,80056.28,P017
T000231,84,2025-04-02,Sealants,20,11604.83,P018
T000232,104,2025-04-02,Industrial Resins,17,35774.05,P014
T000233,27,2025-04-02,Sealants,10,6170.19,P006
T000234,97,2025-04-02,Sealants,15,9041.04,P016
T000235,5,2025-04-03,Construction Chemicals,112,169468.59,P023
T000236,23,2025-04-03,Sealants,131,90524.15,P017
T000237,3,2025-04-03,Construction Chemicals,36,51802.66,P017
T000238,26,2025-04-03,Construction Chemicals,17,23263.55,P022
T000239,53,2025-04-03,Sealants,18,12435.17,P023
T000240,115,2025-04-04,Art & Craft,82,15870.77,P004
T000241,101,2025-04-04,Construction Chemicals,61,88797.3,P018
T000242,3,2025-04-04,Construction Chemicals,32,42993.1,P017
T000243,3,2025-04-04,Sealants,33,20056.57,P017
T000244,9,2025-04-04,Construction Chemicals,41,57155.29,P020
T000245,104,2025-04-04,Adhesives,19,6193.34,P014
T000246,83,2025-04-04,Industrial Resins,27,55929.81,P011
T000247,32,2025-04-04,Construction Chemicals,30,43489.61,P016
T000248,92,2025-04-04,Construction Chemicals,22,28889.66,P026
T000249,94,2025-04-04,Adhesives,18,7000.7,P004
T000250,10,2025-04-05,Adhesives,57,19287.34,P014
T000251,60,2025-04-05,Adhesives,29,9277.78,P004
T000252,80,2025-04-05,Industrial Resins,10,22408.68,P010
T000253,96,2025-04-05,Industrial Resins,13,28048.26,P011
T000254,21,2025-04-05,Sealants,15,9470.45,P006
T000255,101,2025-04-06,Sealants,100,55032.18,P018
T000256,13,2025-04-06,Adhesives,78,25934.59,P010
T000257,38,2025-04-06,Industrial Resins,98,203524.78,P010
T000258,38,2025-04-06,Adhesives,35,11332.79,P010
T000259,110,2025-04-06,Sealants,70,45873.1,P024
T000260,37,2025-04-06,Sealants,1,549.54,P026
T000261,34,2025-04-06,Construction Chemicals,16,23729.05,P020
T000262,901,2025-04-06,Adhesives,37,11902.19,P004
T000263,10,2025-04-07,Industrial Resins,3,6418.09,P014
T000264,12,2025-04-07,Sealants,23,13871.53,P024
T000265,23,2025-04-07,Construction Chemicals,30,46401.76,P017
T000266,38,2025-04-07,Industrial Resins,81,150545.3,P010
T000267,38,2025-04-07,Adhesives,1,384.41,P010
T000268,60,2025-04-07,Art & Craft,39,6814.42,P004
T000269,10,2025-04-08,Adhesives,47,16975.64,P014
T000270,12,2025-04-08,Construction Chemicals,80,104324.45,P024
T000271,5,2025-04-08,Construction Chemicals,52,79300.08,P023
T000272,3,2025-04-08,Sealants,35,23408.39,P017
T000273,99,2025-04-08,Adhesives,30,11329.53,P012
T000274,90,2025-04-08,Construction Chemicals,15,20209.4,P020
T000275,42,2025-04-08,Industrial Resins,28,62550.51,P012
T000276,10,2025-04-09,Industrial Resins,33,75564.51,P014
T000277,39,2025-04-09,Industrial Resins,21,39184.24,P011
T000278,3,2025-04-09,Construction Chemicals,59,82819.57,P017
T000279,78,2025-04-09,Industrial Resins,16,32696.84,P010
T000280,29,2025-04-09,Sealants,29,17715.7,P026
T000281,115,2025-04-10,Sealants,31,21056.37,P004
T000282,39,2025-04-10,Industrial Resins,54,124743.82,P011
T000283,71,2025-04-10,Sealants,16,9013.04,P024
T000284,102,2025-04-10,Sealants,14,8628.98,P024
T000285,2,2025-04-10,Construction Chemicals,26,35004.38,P018
T000286,14,2025-04-10,Adhesives,1,312.53,P005
T000287,87,2025-04-10,Adhesives,10,3810.66,P012
T000288,103,2025-04-11,Adhesives,18,6988.96,P010
T000289,39,2025-04-11,Industrial Resins,25,52882.15,P011
T000290,101,2025-04-11,Construction Chemicals,43,58564.56,P018
T000291,101,2025-04-11,Construction Chemicals,46,71807.07,P018
T000292,5,2025-04-11,Sealants,79,50686.8,P023
T000293,13,2025-04-11,Industrial Resins,74,160551.9,P010
T000294,110,2025-04-11,Construction Chemicals,35,49725.32,P024
T000295,110,2025-04-11,Sealants,72,41987.1,P024
T000296,71,2025-04-11,Construction Chemicals,22,30381.71,P024
T000297,76,2025-04-11,Sealants,30,18813.91,P026
T000298,100,2025-04-11,Sealants,38,20820.63,P004
T000299,103,2025-04-12,Industrial Resins,95,206625.4,P010
T000300,39,2025-04-12,Industrial Resins,27,54812.19,P011
T000301,5,2025-04-12,Sealants,68,39016.22,P023
T000302,3,2025-04-12,Sealants,91,59678.81,P017
T000303,106,2025-04-12,Sealants,12,7020.62,P016
T000304,10,2025-04-13,Industrial Resins,8,16075.69,P014
T000305,12,2025-04-13,Construction Chemicals,60,90383.04,P024
T000306,13,2025-04-13,Adhesives,69,21766.37,P010
T000307,3,2025-04-13,Sealants,85,50855.23,P017
T000308,77,2025-04-13,Sealants,11,7208.42,P020
T000309,115,2025-04-14,Adhesives,63,20306.93,P004
T000310,12,2025-04-14,Construction Chemicals,67,92270.7,P024
T000311,39,2025-04-14,Adhesives,68,24164.92,P011
T000312,5,2025-04-14,Construction Chemicals,52,68444.07,P023
T000313,23,2025-04-14,Construction Chemicals,27,42918.94,P017
T000314,23,2025-04-14,Sealants,22,12620.99,P017
T000315,13,2025-04-14,Industrial Resins,90,175046.66,P010
T000316,3,2025-04-14,Sealants,72,47658.86,P017
T000317,110,2025-04-14,Construction Chemicals,68,102950.31,P024
T000318,60,2025-04-14,Sealants,4,2214.45,P004
T000319,95,2025-04-14,Sealants,12,7301.1,P008
T000320,117,2025-04-14,Sealants,12,7811.93,P024
T000321,115,2025-04-15,Art & Craft,10,1627.53,P004
T000322,83,2025-04-15,Adhesives,27,8460.06,P011
T000323,14,2025-04-15,Sealants,20,12269.67,P005
T000324,68,2025-04-15,Construction Chemicals,4,5395.91,P024
T000325,62,2025-04-15,Art & Craft,17,2900.97,P005
T000326,103,2025-04-16,Adhesives,33,12493.72,P010
T000327,12,2025-04-16,Sealants,1,602.81,P024
T000328,101,2025-04-16,Construction Chemicals,13,20740.99,P018
T000329,101,2025-04-16,Sealants,6,3495.35,P018
T000330,27,2025-04-16,Art & Craft,32,6421.16,P006
T000331,10,2025-04-17,Adhesives,78,25116.0,P014
T000332,101,2025-04-17,Sealants,59,38839.34,P018
T000333,3,2025-04-17,Construction Chemicals,57,75592.72,P017
T000334,84,2025-04-17,Construction Chemicals,27,36448.1,P018
T000335,56,2025-04-17,Construction Chemicals,34,44497.42,P016
T000336,22,2025-04-17,Construction Chemicals,36,52683.52,P026
T000337,22,2025-04-17,Sealants,40,23754.12,P026
T000338,20,2025-04-17,Adhesives,30,11104.87,P010
T000339,103,2025-04-18,Adhesives,32,11116.26,P010
T000340,39,2025-04-18,Adhesives,25,8614.72,P011
T000341,101,2025-04-18,Construction Chemicals,82,132338.79,P018
T000342,23,2025-04-18,Construction Chemicals,80,102994.55,P017
T000343,13,2025-04-18,Industrial Resins,49,104730.51,P010
T000344,38,2025-04-18,Adhesives,84,28083.21,P010
T000345,12,2025-04-19,Sealants,86,51221.61,P024
T000346,5,2025-04-19,Construction Chemicals,35,53354.63,P023
T000347,23,2025-04-19,Sealants,42,26143.46,P017
T000348,3,2025-04-19,Sealants,27,18621.04,P017
T000349,110,2025-04-19,Construction Chemicals,69,100505.94,P024
T000350,110,2025-04-19,Construction Chemicals,18,24753.65,P024
T000351,106,2025-04-19,Construction Chemicals,27,39615.79,P016
T000352,56,2025-04-19,Sealants,25,16084.02,P016
T000353,53,2025-04-19,Construction Chemicals,33,48936.33,P023
T000354,115,2025-04-20,Sealants,78,52596.35,P004
T000355,103,2025-04-20,Adhesives,81,25584.94,P010
T000356,103,2025-04-20,Adhesives,52,17552.39,P010
T000357,39,2025-04-20,Adhesives,1,345.65,P011
T000358,5,2025-04-20,Construction Chemicals,11,14270.06,P023
T000359,23,2025-04-20,Sealants,56,30871.7,P017
T000360,110,2025-04-20,Construction Chemicals,84,122165.25,P024
T000361,37,2025-04-20,Construction Chemicals,24,36164.58,P026
T000362,112,2025-04-20,Sealants,33,20961.35,P016
T000363,10,2025-04-21,Industrial Resins,67,144262.51,P014
T000364,12,2025-04-21,Construction Chemicals,92,138190.35,P024
T000365,12,2025-04-21,Sealants,14,7900.8,P024
T000366,5,2025-04-21,Sealants,46,27114.23,P023
T000367,13,2025-04-21,Adhesives,23,8740.35,P010
T000368,38,2025-04-21,Adhesives,8,3066.03,P010
T000369,82,2025-04-21,Construction Chemicals,41,62340.67,P018
T000370,100,2025-04-21,Art & Craft,7,1288.75,P004
T000371,12,2025-04-22,Sealants,42,27310.2,P024
T000372,101,2025-04-22,Sealants,13,7992.79,P018
T000373,5,2025-04-22,Sealants,50,28254.73,P023
T000374,3,2025-04-22,Construction Chemicals,43,69094.78,P017
T000375,116,2025-04-22,Sealants,21,14390.0,P004
T000376,120,2025-04-22,Adhesives,13,4102.06,P014
T000377,67,2025-04-22,Sealants,26,17136.71,P017
T000378,75,2025-04-23,Construction Chemicals,30,42707.09,P020
T000379,10,2025-04-24,Adhesives,54,21063.28,P014
T000380,39,2025-04-24,Industrial Resins,48,101651.98,P011
T000381,39,2025-04-24,Adhesives,82,30442.68,P011
T000382,5,2025-04-24,Construction Chemicals,35,46671.18,P023
T000383,23,2025-04-24,Sealants,49,30404.37,P017
T000384,23,2025-04-24,Sealants,63,35974.78,P017
T000385,3,2025-04-24,Construction Chemicals,66,97016.47,P017
T000386,3,2025-04-24,Sealants,86,48040.92,P017
T000387,38,2025-04-24,Industrial Resins,87,175454.58,P010
T000388,110,2025-04-24,Sealants,91,54009.93,P024
T000389,110,2025-04-24,Sealants,75,49020.72,P024
T000390,115,2025-04-25,Sealants,42,27697.39,P004
T000391,115,2025-04-25,Sealants,84,53940.18,P004
T000392,12,2025-04-25,Sealants,41,23494.12,P024
T000393,38,2025-04-25,Adhesives,69,25392.91,P010
T000394,26,2025-04-25,Sealants,42,24516.09,P022
T000395,56,2025-04-25,Construction Chemicals,12,16601.35,P016
T000396,93,2025-04-25,Adhesives,41,14765.85,P012
T000397,76,2025-04-25,Construction Chemicals,31,43565.65,P026
T000398,90,2025-04-25,Sealants,32,17887.82,P020
T000399,7,2025-04-25,Sealants,36,24714.18,P008
T000400,10,2025-04-26,Industrial Resins,1,2333.38,P014
T000401,12,2025-04-26,Construction Chemicals,90,139892.45,P024
T000402,101,2025-04-26,Construction Chemicals,48,67491.07,P018
T000403,13,2025-04-26,Industrial Resins,107,234229.33,P010
T000404,70,2025-04-26,Construction Chemicals,20,25763.25,P017
T000405,70,2025-04-26,Sealants,32,21707.68,P017
T000406,68,2025-04-26,Sealants,21,13155.59,P024
T000407,114,2025-04-26,Construction Chemicals,13,18230.39,P024
T000408,73,2025-04-26,Sealants,23,15295.5,P026
T000409,115,2025-04-27,Adhesives,84,32052.8,P004
T000410,103,2025-04-27,Industrial Resins,48,105075.47,P010
T000411,10,2025-04-27,Adhesives,41,15962.45,P014
T000412,101,2025-04-27,Sealants,48,32174.11,P018
T000413,5,2025-04-27,Construction Chemicals,47,70649.61,P023
T000414,23,2025-04-27,Construction Chemicals,79,111449.29,P017
T000415,23,2025-04-27,Construction Chemicals,68,100094.87,P017
T000416,13,2025-04-27,Adhesives,64,24287.44,P010
T000417,80,2025-04-27,Adhesives,50,18318.15,P010
T000418,26,2025-04-27,Sealants,14,8546.86,P022
T000419,75,2025-04-27,Sealants,21,14043.59,P020
T000420,35,2025-04-27,Art & Craft,44,8722.13,P008
T000421,86,2025-04-27,Sealants,51,34900.32,P018
T000422,89,2025-04-27,Sealants,42,26662.18,P026
T000423,115,2025-04-28,Adhesives,64,20711.01,P004
T000424,23,2025-04-28,Construction Chemicals,65,97100.07,P017
T000425,23,2025-04-28,Sealants,72,40343.67,P017
T000426,38,2025-04-28,Industrial Resins,60,117093.15,P010
T000427,110,2025-04-28,Sealants,46,28706.09,P024
T000428,77,2025-04-28,Construction Chemicals,27,38172.98,P020
T000429,120,2025-04-28,Industrial Resins,27,61988.16,P014
T000430,108,2025-04-28,Sealants,14,8882.79,P005
T000431,34,2025-04-28,Construction Chemicals,30,40203.77,P020
T000432,115,2025-04-29,Art & Craft,75,14160.86,P004
T000433,103,2025-04-29,Industrial Resins,81,176062.34,P010
T000434,12,2025-04-29,Sealants,63,36585.65,P024
T000435,39,2025-04-29,Adhesives,34,11561.33,P011
T000436,38,2025-04-29,Industrial Resins,76,167514.97,P010
T000437,110,2025-04-29,Sealants,79,53122.13,P024
T000438,102,2025-04-29,Construction Chemicals,25,37342.39,P024
T000439,34,2025-04-29,Sealants,23,13568.55,P020
T000440,28,2025-04-29,Sealants,19,10368.82,P017
T000441,61,2025-04-29,Sealants,38,24883.35,P017
T000442,64,2025-04-29,Construction Chemicals,49,69504.51,P020
T000443,103,2025-04-30,Industrial Resins,46,98681.94,P010
T000444,12,2025-04-30,Construction Chemicals,63,88636.12,P024
T000445,101,2025-04-30,Construction Chemicals,92,133157.04,P018
T000446,5,2025-04-30,Sealants,47,30669.78,P023
T000447,13,2025-04-30,Adhesives,38,12025.66,P010
T000448,9,2025-04-30,Sealants,18,11897.63,P020
T000449,78,2025-04-30,Adhesives,18,6581.65,P010
T000450,26,2025-04-30,Construction Chemicals,49,75710.87,P022
T000451,95,2025-04-30,Adhesives,33,12195.35,P008
T000452,74,2025-04-30,Construction Chemicals,25,37488.4,P024
T000453,23,2025-05-01,Sealants,57,37752.64,P017
T000454,3,2025-05-01,Construction Chemicals,55,71166.94,P017
T000455,3,2025-05-01,Sealants,43,27667.9,P017
T000456,104,2025-05-01,Adhesives,3,1133.54,P014
T000457,70,2025-05-01,Sealants,33,19779.93,P017
T000458,53,2025-05-01,Construction Chemicals,21,29148.75,P023
T000459,34,2025-05-01,Sealants,24,13954.22,P020
T000460,14,2025-05-01,Sealants,13,7339.92,P005
T000461,67,2025-05-01,Sealants,27,14882.02,P017
T000462,109,2025-05-01,Art & Craft,13,2202.49,P005
T000463,24,2025-05-01,Construction Chemicals,27,35241.56,P026
T000464,115,2025-05-02,Art & Craft,50,8099.47,P004
T000465,12,2025-05-02,Sealants,61,41044.87,P024
T000466,12,2025-05-02,Sealants,22,12842.21,P024
T000467,39,2025-05-02,Industrial Resins,40,88217.39,P011
T000468,38,2025-05-02,Adhesives,71,23873.14,P010
T000469,70,2025-05-02,Construction Chemicals,22,30564.75,P017
T000470,22,2025-05-02,Construction Chemicals,35,55903.26,P026
T000471,115,2025-05-03,Sealants,125,80349.62,P004
T000472,12,2025-05-03,Sealants,4,2397.49,P024
T000473,23,2025-05-03,Sealants,30,17352.05,P017
T000474,110,2025-05-03,Construction Chemicals,81,116797.73,P024
T000475,110,2025-05-03,Sealants,89,54014.58,P024
T000476,99,2025-05-03,Adhesives,32,11305.3,P012
T000477,8,2025-05-03,Construction Chemicals,1,1406.02,P026
T000478,98,2025-05-03,Adhesives,24,7838.85,P010
T000479,20,2025-05-03,Industrial Resins,7,15146.22,P010
T000480,103,2025-05-04,Industrial Resins,35,73713.41,P010
T000481,103,2025-05-04,Industrial Resins,70,148107.1,P010
T000482,39,2025-05-04,Adhesives,91,34072.15,P011
T000483,38,2025-05-04,Adhesives,47,16894.68,P010
T000484,110,2025-05-04,Sealants,15,9490.83,P024
T000485,9,2025-05-04,Construction Chemicals,30,39564.06,P020
T000486,60,2025-05-04,Art & Craft,22,3620.78,P004
T000487,115,2025-05-05,Sealants,24,15649.92,P004
T000488,103,2025-05-05,Adhesives,40,14121.22,P010
T000489,101,2025-05-05,Construction Chemicals,69,102724.59,P018
T000490,101,2025-05-05,Construction Chemicals,50,76810.76,P018
T000491,71,2025-05-05,Construction Chemicals,37,50349.46,P024
T000492,10,2025-05-06,Adhesives,63,22518.4,P014
T000493,101,2025-05-06,Construction Chemicals,71,110143.11,P018
T000494,101,2025-05-06,Sealants,82,47160.6,P018
T000495,5,2025-05-06,Construction Chemicals,60,81807.72,P023
T000496,3,2025-05-06,Construction Chemicals,32,46926.63,P017
T000497,70,2025-05-06,Construction Chemicals,30,46878.22,P017
T000498,2,2025-05-06,Sealants,8,4436.16,P018
T000499,26,2025-05-06,Construction Chemicals,16,21454.67,P022
T000500,52,2025-05-06,Adhesives,27,9260.38,P011
T000501,10,2025-05-07,Adhesives,2,668.92,P014
T000502,12,2025-05-07,Sealants,48,29809.1,P024
T000503,110,2025-05-07,Construction Chemicals,68,102844.64,P024
T000504,26,2025-05-07,Sealants,9,5839.37,P022
T000505,51,2025-05-07,Construction Chemicals,16,22471.62,P018
T000506,115,2025-05-08,Sealants,20,11585.32,P004
T000507,12,2025-05-08,Construction Chemicals,54,71520.85,P024
T000508,101,2025-05-08,Sealants,67,39583.52,P018
T000509,23,2025-05-08,Construction Chemicals,9,11624.91,P017
T000510,13,2025-05-08,Industrial Resins,59,124349.11,P010
T000511,13,2025-05-08,Adhesives,50,18618.89,P010
T000512,80,2025-05-08,Adhesives,28,9071.46,P010
T000513,93,2025-05-08,Industrial Resins,31,59118.96,P012
T000514,90,2025-05-08,Construction Chemicals,18,29008.98,P020
T000515,119,2025-05-08,Sealants,25,17233.93,P023
T000516,115,2025-05-09,Art & Craft,8,1503.65,P004
T000517,13,2025-05-09,Industrial Resins,38,87669.18,P010
T000518,110,2025-05-09,Sealants,93,54746.51,P024
T000519,11,2025-05-09,Sealants,21,11800.45,P026
T000520,12,2025-05-10,Construction Chemicals,57,83986.47,P024
T000521,39,2025-05-10,Adhesives,37,12119.33,P011
T000522,5,2025-05-10,Construction Chemicals,7,11112.25,P023
T000523,13,2025-05-10,Adhesives,69,21284.63,P010
T000524,37,2025-05-10,Construction Chemicals,32,42965.16,P026
T000525,83,2025-05-10,Industrial Resins,21,46173.61,P011
T000526,99,2025-05-10,Industrial Resins,26,57160.91,P012
T000527,6,2025-05-10,Construction Chemicals,10,14023.61,P016
T000528,35,2025-05-10,Sealants,32,19515.88,P008
T000529,65,2025-05-10,Construction Chemicals,33,49740.71,P024
T000530,66,2025-05-10,Industrial Resins,16,37195.17,P012
T000531,12,2025-05-11,Sealants,61,36317.55,P024
T000532,39,2025-05-11,Adhesives,85,26862.7,P011
T000533,13,2025-05-11,Industrial Resins,50,102216.95,P010
T000534,3,2025-05-11,Construction Chemicals,94,145761.59,P017
T000535,29,2025-05-11,Construction Chemicals,33,52848.09,P026
T000536,29,2025-05-11,Sealants,26,16505.96,P026
T000537,94,2025-05-11,Sealants,32,19471.9,P004
T000538,89,2025-05-11,Sealants,12,7152.09,P026
T000539,100,2025-05-11,Adhesives,27,8547.12,P004
T000540,103,2025-05-12,Industrial Resins,24,46179.4,P010
T000541,101,2025-05-12,Sealants,72,47782.27,P018
T000542,13,2025-05-12,Industrial Resins,49,110908.29,P010
T000543,13,2025-05-12,Industrial Resins,14,28562.34,P010
T000544,38,2025-05-12,Adhesives,59,22076.68,P010
T000545,110,2025-05-12,Construction Chemicals,46,69838.92,P024
T000546,9,2025-05-12,Sealants,35,21864.17,P020
T000547,56,2025-05-12,Construction Chemicals,1,1302.24,P016
T000548,31,2025-05-12,Sealants,12,7752.67,P006
T000549,64,2025-05-12,Sealants,1,661.9,P020
T000550,42,2025-05-12,Industrial Resins,29,57957.41,P012
T000551,115,2025-05-13,Adhesives,59,18879.41,P004
T000552,12,2025-05-13,Construction Chemicals,24,34076.82,P024
T000553,12,2025-05-13,Construction Chemicals,9,13816.67,P024
T000554,101,2025-05-13,Sealants,40,22069.17,P018
T000555,3,2025-05-13,Construction Chemicals,29,40164.77,P017
T000556,78,2025-05-13,Adhesives,30,10158.74,P010
T000557,103,2025-05-14,Adhesives,51,16790.8,P010
T000558,10,2025-05-14,Industrial Resins,40,92496.13,P014
T000559,101,2025-05-14,Construction Chemicals,42,63633.97,P018
T000560,26,2025-05-14,Construction Chemicals,23,29441.64,P022
T000561,82,2025-05-14,Construction Chemicals,36,49327.57,P018
T000562,101,2025-05-15,Construction Chemicals,39,52514.2,P018
T000563,23,2025-05-15,Construction Chemicals,54,77460.58,P017
T000564,10,2025-05-16,Industrial Resins,69,146637.36,P014
T000565,12,2025-05-16,Construction Chemicals,35,45796.36,P024
T000566,3,2025-05-16,Construction Chemicals,79,106064.1,P017
T000567,37,2025-05-16,Construction Chemicals,18,25652.98,P026
T000568,43,2025-05-16,Sealants,29,19343.34,P022
T000569,117,2025-05-16,Construction Chemicals,42,53847.6,P024
T000570,13,2025-05-17,Adhesives,80,30311.27,P010
T000571,110,2025-05-17,Sealants,83,49960.22,P024
T000572,2,2025-05-17,Construction Chemicals,24,31687.95,P018
T000573,53,2025-05-17,Sealants,43,29733.8,P023
T000574,68,2025-05-17,Construction Chemicals,9,11794.79,P024
T000575,36,2025-05-17,Construction Chemicals,31,48953.91,P023
T000576,3,2025-05-18,Construction Chemicals,83,107365.61,P017
T000577,110,2025-05-18,Construction Chemicals,72,93021.8,P024
T000578,60,2025-05-18,Sealants,17,11755.85,P004
T000579,12,2025-05-19,Construction Chemicals,42,61316.97,P024
T000580,12,2025-05-19,Construction Chemicals,72,116735.39,P024
T000581,101,2025-05-19,Sealants,41,23603.3,P018
T000582,23,2025-05-19,Construction Chemicals,54,84635.24,P017
T000583,38,2025-05-19,Industrial Resins,62,119480.03,P010
T000584,110,2025-05-19,Sealants,61,35819.16,P024
T000585,77,2025-05-19,Sealants,24,15391.14,P020
T000586,76,2025-05-19,Sealants,45,26167.57,P026
T000587,118,2025-05-19,Adhesives,35,12530.74,P010
T000588,115,2025-05-20,Sealants,69,43429.56,P004
T000589,103,2025-05-20,Industrial Resins,9,20490.47,P010
T000590,12,2025-05-20,Sealants,57,36992.45,P024
T000591,39,2025-05-20,Industrial Resins,76,175898.08,P011
T000592,5,2025-05-20,Sealants,75,49243.55,P023
T000593,23,2025-05-20,Construction Chemicals,31,40537.19,P017
T000594,23,2025-05-20,Construction Chemicals,15,22262.45,P017
T000595,23,2025-05-20,Construction Chemicals,53,78810.18,P017
T000596,23,2025-05-20,Sealants,9,4939.46,P017
T000597,13,2025-05-20,Adhesives,53,18102.95,P010
T000598,3,2025-05-20,Sealants,67,36606.46,P017
T000599,38,2025-05-20,Adhesives,31,10439.01,P010
T000600,110,2025-05-20,Sealants,36,24799.76,P024
T000601,56,2025-05-20,Sealants,32,18396.92,P016
T000602,90,2025-05-20,Sealants,43,25216.53,P020
T000603,39,2025-05-21,Industrial Resins,40,92209.33,P011
T000604,5,2025-05-21,Construction Chemicals,14,19346.59,P023
T000605,3,2025-05-21,Sealants,70,45689.5,P017
T000606,38,2025-05-21,Industrial Resins,75,161147.21,P010
T000607,84,2025-05-21,Construction Chemicals,35,52656.45,P018
T000608,76,2025-05-21,Construction Chemicals,15,20558.89,P026
T000609,85,2025-05-21,Sealants,44,28060.08,P005
T000610,42,2025-05-21,Adhesives,24,9211.53,P012
T000611,115,2025-05-22,Adhesives,56,19570.23,P004
T000612,10,2025-05-22,Industrial Resins,13,25605.31,P014
T000613,101,2025-05-22,Construction Chemicals,39,54013.22,P018
T000614,23,2025-05-22,Sealants,25,16017.45,P017
T000615,23,2025-05-22,Sealants,43,25748.84,P017
T000616,3,2025-05-22,Construction Chemicals,38,58724.67,P017
T000617,77,2025-05-22,Construction Chemicals,15,21973.42,P020
T000618,104,2025-05-22,Industrial Resins,28,53555.46,P014
T000619,108,2025-05-22,Sealants,21,11562.98,P005
T000620,93,2025-05-22,Adhesives,32,11681.26,P012
T000621,25,2025-05-22,Adhesives,47,15872.85,P005
T000622,103,2025-05-23,Adhesives,44,13965.61,P010
T000623,5,2025-05-23,Sealants,40,27150.2,P023
T000624,23,2025-05-23,Sealants,19,12742.46,P017
T000625,110,2025-05-23,Construction Chemicals,21,30071.6,P024
T000626,106,2025-05-23,Sealants,24,13912.52,P016
T000627,37,2025-05-23,Sealants,19,11623.35,P026
T000628,5,2025-05-24,Construction Chemicals,18,25594.84,P023
T000629,13,2025-05-24,Adhesives,1,347.73,P010
T000630,38,2025-05-24,Industrial Resins,19,36267.31,P010
T000631,110,2025-05-24,Sealants,40,24649.19,P024
T000632,75,2025-05-24,Construction Chemicals,9,13827.81,P020
T000633,103,2025-05-25,Adhesives,46,16811.19,P010
T000634,10,2025-05-25,Industrial Resins,78,149111.96,P014
T000635,10,2025-05-25,Adhesives,60,22190.08,P014
T000636,39,2025-05-25,Adhesives,58,20640.53,P011
T000637,5,2025-05-25,Construction Chemicals,33,49418.4,P023
T000638,102,2025-05-25,Construction Chemicals,21,32748.56,P024
T000639,95,2025-05-25,Adhesives,8,2949.71,P008
T000640,39,2025-05-26,Industrial Resins,17,32942.98,P011
T000641,101,2025-05-26,Construction Chemicals,24,38534.14,P018
T000642,5,2025-05-26,Construction Chemicals,72,110774.65,P023
T000643,3,2025-05-26,Sealants,70,43287.21,P017
T000644,38,2025-05-26,Adhesives,111,36287.15,P010
T000645,84,2025-05-26,Sealants,23,14843.09,P018
T000646,27,2025-05-26,Sealants,43,24041.03,P006
T000647,115,2025-05-27,Art & Craft,64,10738.71,P004
T000648,103,2025-05-27,Adhesives,52,18750.0,P010
T000649,39,2025-05-27,Industrial Resins,17,39636.22,P011
T000650,39,2025-05-27,Adhesives,1,355.84,P011
T000651,101,2025-05-27,Sealants,80,45527.22,P018
T000652,5,2025-05-27,Sealants,22,14124.57,P023
T000653,23,2025-05-27,Sealants,20,11089.23,P017
T000654,38,2025-05-27,Industrial Resins,49,103634.23,P010
T000655,34,2025-05-27,Construction Chemicals,17,21760.6,P020
T000656,7,2025-05-27,Art & Craft,20,3352.31,P008
T000657,100,2025-05-27,Art & Craft,31,6037.5,P004
T000658,44,2025-05-27,Adhesives,25,9629.32,P005
T000659,10,2025-05-28,Industrial Resins,30,69671.96,P014
T000660,39,2025-05-28,Adhesives,29,9185.96,P011
T000661,101,2025-05-28,Sealants,61,37984.13,P018
T000662,5,2025-05-28,Sealants,15,10267.15,P023
T000663,110,2025-05-28,Construction Chemicals,57,84613.12,P024
T000664,116,2025-05-28,Sealants,6,3348.83,P004
T000665,106,2025-05-28,Construction Chemicals,34,47724.27,P016
T000666,59,2025-05-28,Adhesives,23,8565.49,P010
T000667,35,2025-05-28,Adhesives,26,9977.95,P008
T000668,103,2025-05-29,Industrial Resins,35,79365.88,P010
T000669,5,2025-05-29,Sealants,36,21464.25,P023
T000670,23,2025-05-29,Construction Chemicals,36,56787.89,P017
T000671,3,2025-05-29,Sealants,42,29001.14,P017
T000672,102,2025-05-29,Sealants,27,14927.69,P024
T000673,78,2025-05-29,Industrial Resins,22,49155.35,P010
T000674,75,2025-05-29,Sealants,26,15150.76,P020
T000675,34,2025-05-29,Construction Chemicals,6,8272.03,P020
T000676,112,2025-05-29,Sealants,8,5086.83,P016
T000677,115,2025-05-30,Adhesives,64,22022.77,P004
T000678,10,2025-05-30,Adhesives,30,9583.39,P014
T000679,10,2025-05-30,Adhesives,28,8778.79,P014
T000680,3,2025-05-30,Sealants,71,46884.53,P017
T000681,38,2025-05-30,Industrial Resins,64,127232.74,P010
T000682,110,2025-05-30,Construction Chemicals,57,85438.22,P024
T000683,74,2025-05-30,Sealants,33,21864.26,P024
T000684,115,2025-05-31,Art & Craft,71,13319.48,P004
T000685,5,2025-05-31,Construction Chemicals,38,54474.27,P023
T000686,5,2025-05-31,Sealants,70,44709.57,P023
T000687,23,2025-05-31,Construction Chemicals,44,68845.18,P017
T000688,71,2025-05-31,Sealants,19,11874.48,P024
T000689,106,2025-05-31,Construction Chemicals,45,67703.94,P016
T000690,120,2025-05-31,Adhesives,9,3221.55,P014
T000691,95,2025-05-31,Art & Craft,41,7713.88,P008
T000692,68,2025-05-31,Sealants,30,19950.5,P024
T000693,27,2025-05-31,Adhesives,36,11144.5,P006
T000694,115,2025-06-01,Adhesives,36,12322.53,P004
T000695,103,2025-06-01,Adhesives,87,27361.41,P010
T000696,5,2025-06-01,Sealants,54,34378.22,P023
T000697,23,2025-06-01,Construction Chemicals,49,64127.8,P017
T000698,23,2025-06-01,Construction Chemicals,65,95947.97,P017
T000699,110,2025-06-01,Sealants,65,40985.53,P024
T000700,77,2025-06-01,Construction Chemicals,30,44229.23,P020
T000701,78,2025-06-01,Adhesives,9,3474.36,P010
T000702,14,2025-06-01,Sealants,13,8606.14,P005
T000703,57,2025-06-01,Adhesives,50,19423.06,P012
T000704,46,2025-06-01,Industrial Resins,10,20259.59,P010
T000705,39,2025-06-02,Industrial Resins,31,61055.22,P011
T000706,39,2025-06-02,Adhesives,61,23713.42,P011
T000707,101,2025-06-02,Sealants,33,20205.62,P018
T000708,5,2025-06-02,Sealants,83,50558.51,P023
T000709,38,2025-06-02,Industrial Resins,86,200972.06,P010
T000710,110,2025-06-02,Construction Chemicals,56,79840.25,P024
T000711,53,2025-06-02,Sealants,24,15929.87,P023
T000712,72,2025-06-02,Adhesives,20,6382.1,P010
T000713,31,2025-06-02,Art & Craft,24,4339.33,P006
T000714,10,2025-06-03,Adhesives,129,41550.89,P014
T000715,5,2025-06-03,Construction Chemicals,56,78553.76,P023
T000716,23,2025-06-03,Construction Chemicals,25,34595.69,P017
T000717,56,2025-06-03,Construction Chemicals,22,32737.18,P016
T000718,93,2025-06-03,Adhesives,35,10998.46,P012
T000719,97,2025-06-03,Construction Chemicals,24,33145.75,P016
T000720,3,2025-06-04,Construction Chemicals,21,32595.25,P017
T000721,38,2025-06-04,Industrial Resins,80,170169.53,P010
T000722,38,2025-06-04,Adhesives,40,15497.49,P010
T000723,9,2025-06-04,Construction Chemicals,6,7749.17,P020
T000724,80,2025-06-04,Adhesives,19,6018.29,P010
T000725,99,2025-06-04,Industrial Resins,22,42870.38,P012
T000726,70,2025-06-04,Construction Chemicals,25,36347.89,P017
T000727,91,2025-06-04,Adhesives,16,6161.58,P008
T000728,62,2025-06-04,Sealants,7,4395.08,P005
T000729,100,2025-06-04,Sealants,18,12214.1,P004
T000730,115,2025-06-05,Adhesives,25,8820.21,P004
T000731,39,2025-06-05,Adhesives,81,29632.07,P011
T000732,5,2025-06-05,Construction Chemicals,67,86661.42,P023
T000733,13,2025-06-05,Industrial Resins,12,25447.16,P010
T000734,34,2025-06-05,Construction Chemicals,33,47106.38,P020
T000735,90,2025-06-05,Sealants,38,24264.11,P020
T000736,29,2025-06-05,Sealants,18,10963.44,P026
T000737,73,2025-06-05,Sealants,33,19836.64,P026
T000738,103,2025-06-06,Adhesives,49,18899.99,P010
T000739,10,2025-06-06,Industrial Resins,27,50501.96,P014
T000740,12,2025-06-06,Construction Chemicals,78,116528.34,P024
T000741,13,2025-06-06,Adhesives,67,26145.49,P010
T000742,3,2025-06-06,Construction Chemicals,33,50838.24,P017
T000743,110,2025-06-06,Construction Chemicals,82,129564.9,P024
T000744,110,2025-06-06,Construction Chemicals,82,116838.46,P024
T000745,71,2025-06-06,Construction Chemicals,22,29398.39,P024
T000746,71,2025-06-06,Sealants,36,21064.53,P024
T000747,75,2025-06-06,Construction Chemicals,8,10565.52,P020
T000748,27,2025-06-06,Sealants,19,11906.63,P006
T000749,15,2025-06-06,Adhesives,36,11866.75,P004
T000750,115,2025-06-07,Art & Craft,45,7525.15,P004
T000751,39,2025-06-07,Industrial Resins,25,51223.96,P011
T000752,101,2025-06-07,Sealants,31,17440.98,P018
T000753,5,2025-06-07,Construction Chemicals,29,40892.18,P023
T000754,23,2025-06-07,Construction Chemicals,104,151449.08,P017
T000755,38,2025-06-07,Adhesives,60,22478.73,P010
T000756,95,2025-06-07,Adhesives,25,9284.15,P008
T000757,69,2025-06-07,Industrial Resins,22,51642.86,P011
T000758,115,2025-06-08,Sealants,53,31826.85,P004
T000759,10,2025-06-08,Industrial Resins,44,88795.32,P014
T000760,10,2025-06-08,Adhesives,58,21658.7,P014
T000761,39,2025-06-08,Industrial Resins,79,153293.73,P011
T000762,101,2025-06-08,Construction Chemicals,87,137386.37,P018
T000763,13,2025-06-08,Adhesives,36,13599.9,P010
T000764,3,2025-06-08,Construction Chemicals,29,44648.5,P017
T000765,3,2025-06-08,Construction Chemicals,40,57974.34,P017
T000766,3,2025-06-08,Sealants,86,51110.18,P017
T000767,38,2025-06-08,Adhesives,62,23371.69,P010
T000768,110,2025-06-08,Sealants,29,20099.62,P024
T000769,9,2025-06-08,Sealants,29,19694.32,P020
T000770,70,2025-06-08,Sealants,42,26916.35,P017
T000771,103,2025-06-09,Adhesives,35,11519.1,P010
T000772,10,2025-06-09,Adhesives,75,26122.54,P014
T000773,12,2025-06-09,Sealants,64,39941.59,P024
T000774,102,2025-06-09,Construction Chemicals,16,22850.17,P024
T000775,53,2025-06-09,Construction Chemicals,29,46780.06,P023
T000776,69,2025-06-09,Adhesives,39,13129.91,P011
T000777,24,2025-06-09,Sealants,37,24075.93,P026
T000778,10,2025-06-10,Industrial Resins,127,249642.53,P014
T000779,10,2025-06-10,Industrial Resins,55,115917.4,P014
T000780,12,2025-06-10,Construction Chemicals,57,76233.96,P024
T000781,101,2025-06-10,Construction Chemicals,93,121517.77,P018
T000782,101,2025-06-10,Construction Chemicals,87,116389.8,P018
T000783,38,2025-06-10,Industrial Resins,51,103340.8,P010
T000784,34,2025-06-10,Sealants,26,14377.48,P020
T000785,6,2025-06-10,Sealants,11,7265.19,P016
T000786,74,2025-06-10,Sealants,9,6014.06,P024
T000787,10,2025-06-11,Adhesives,82,29837.66,P014
T000788,12,2025-06-11,Construction Chemicals,50,75877.13,P024
T000789,12,2025-06-11,Sealants,49,30685.18,P024
T000790,3,2025-06-11,Construction Chemicals,38,58121.29,P017
T000791,38,2025-06-11,Adhesives,72,26610.39,P010
T000792,60,2025-06-11,Sealants,34,23240.62,P004
T000793,68,2025-06-11,Sealants,40,23536.51,P024
T000794,1,2025-06-11,Adhesives,20,6810.56,P004
T000795,5,2025-06-12,Sealants,46,26977.8,P023
T000796,13,2025-06-12,Adhesives,80,29181.1,P010
T000797,3,2025-06-12,Construction Chemicals,17,23271.37,P017
T000798,108,2025-06-12,Adhesives,34,12766.45,P005
T000799,39,2025-06-13,Adhesives,110,42853.35,P011
T000800,101,2025-06-13,Construction Chemicals,69,107607.09,P018
T000801,13,2025-06-13,Adhesives,73,27841.68,P010
T000802,3,2025-06-13,Construction Chemicals,29,39751.75,P017
T000803,110,2025-06-13,Sealants,67,42078.16,P024
T000804,99,2025-06-13,Adhesives,40,12501.66,P012
T000805,56,2025-06-13,Sealants,22,13670.07,P016
T000806,14,2025-06-13,Adhesives,21,7235.39,P005
T000807,90,2025-06-13,Construction Chemicals,23,36287.05,P020
T000808,27,2025-06-13,Adhesives,32,12051.8,P006
T000809,27,2025-06-13,Art & Craft,17,3290.7,P006
T000810,25,2025-06-13,Adhesives,39,14664.34,P005
T000811,115,2025-06-14,Art & Craft,71,12578.09,P004
T000812,5,2025-06-14,Construction Chemicals,95,153815.88,P023
T000813,23,2025-06-14,Sealants,81,50789.16,P017
T000814,3,2025-06-14,Sealants,61,33345.32,P017
T000815,3,2025-06-14,Sealants,92,52399.61,P017
T000816,110,2025-06-14,Construction Chemicals,58,78269.34,P024
T000817,84,2025-06-14,Construction Chemicals,26,36313.03,P018
T000818,73,2025-06-14,Construction Chemicals,26,33687.57,P026
T000819,115,2025-06-15,Art & Craft,39,6325.98,P004
T000820,115,2025-06-15,Sealants,57,33224.41,P004
T000821,115,2025-06-15,Sealants,81,50194.7,P004
T000822,103,2025-06-15,Industrial Resins,73,162784.05,P010
T000823,10,2025-06-15,Industrial Resins,56,127321.98,P014
T000824,39,2025-06-15,Adhesives,73,24471.54,P011
T000825,102,2025-06-15,Sealants,26,17330.8,P024
T000826,23,2025-06-16,Construction Chemicals,60,88841.23,P017
T000827,3,2025-06-16,Sealants,64,38642.19,P017
T000828,110,2025-06-16,Sealants,90,50984.4,P024
T000829,115,2025-06-17,Art & Craft,73,13622.81,P004
T000830,103,2025-06-17,Adhesives,68,26204.01,P010
T000831,12,2025-06-17,Sealants,73,45425.33,P024
T000832,5,2025-06-17,Construction Chemicals,34,50156.48,P023
T000833,13,2025-06-17,Industrial Resins,40,90814.38,P010
T000834,110,2025-06-17,Sealants,56,35077.41,P024
T000835,14,2025-06-17,Art & Craft,9,1791.15,P005
T000836,52,2025-06-17,Adhesives,9,3061.97,P011
T000837,61,2025-06-17,Sealants,19,10798.71,P017
T000838,12,2025-06-18,Sealants,34,20705.09,P024
T000839,39,2025-06-18,Industrial Resins,14,31502.05,P011
T000840,110,2025-06-18,Construction Chemicals,64,85703.26,P024
T000841,33,2025-06-18,Sealants,32,20216.21,P016
T000842,39,2025-06-19,Adhesives,42,14249.81,P011
T000843,101,2025-06-19,Construction Chemicals,51,82119.76,P018
T000844,101,2025-06-19,Sealants,93,52872.07,P018
T000845,5,2025-06-19,Construction Chemicals,89,131734.18,P023
T000846,3,2025-06-19,Sealants,10,5775.63,P017
T000847,83,2025-06-19,Adhesives,38,13433.24,P011
T000848,78,2025-06-19,Industrial Resins,44,98406.88,P010
T000849,12,2025-06-20,Construction Chemicals,83,122155.45,P024
T000850,12,2025-06-20,Sealants,75,47903.85,P024
T000851,23,2025-06-20,Sealants,42,27575.16,P017
T000852,13,2025-06-20,Industrial Resins,36,81491.37,P010
T000853,37,2025-06-20,Sealants,13,8013.02,P026
T000854,11,2025-06-20,Sealants,16,10882.45,P026
T000855,103,2025-06-21,Industrial Resins,49,102950.15,P010
T000856,103,2025-06-21,Industrial Resins,85,174141.65,P010
T000857,10,2025-06-21,Adhesives,85,32010.97,P014
T000858,101,2025-06-21,Construction Chemicals,54,71002.97,P018
T000859,101,2025-06-21,Sealants,37,23492.08,P018
T000860,23,2025-06-21,Sealants,55,35556.76,P017
T000861,38,2025-06-21,Adhesives,52,18548.26,P010
T000862,110,2025-06-21,Construction Chemicals,84,111409.7,P024
T000863,120,2025-06-21,Industrial Resins,33,76479.21,P014
T000864,37,2025-06-21,Construction Chemicals,40,55964.25,P026
T000865,18,2025-06-21,Industrial Resins,27,62330.06,P011
T000866,115,2025-06-22,Sealants,54,35491.82,P004
T000867,12,2025-06-22,Construction Chemicals,38,59897.3,P024
T000868,23,2025-06-22,Construction Chemicals,61,94046.6,P017
T000869,23,2025-06-22,Sealants,60,35687.32,P017
T000870,95,2025-06-22,Art & Craft,43,8567.96,P008
T000871,76,2025-06-22,Construction Chemicals,19,27237.97,P026
T000872,76,2025-06-22,Sealants,24,14021.34,P026
T000873,68,2025-06-22,Construction Chemicals,1,1549.22,P024
T000874,105,2025-06-22,Sealants,29,16907.97,P023
T000875,103,2025-06-23,Industrial Resins,41,83900.67,P010
T000876,23,2025-06-23,Sealants,85,48930.59,P017
T000877,38,2025-06-23,Industrial Resins,80,152790.14,P010
T000878,110,2025-06-23,Construction Chemicals,4,5421.18,P024
T000879,110,2025-06-23,Sealants,42,23093.67,P024
T000880,93,2025-06-23,Industrial Resins,22,50658.17,P012
T000881,25,2025-06-23,Art & Craft,25,4653.85,P005
T000882,103,2025-06-24,Adhesives,62,23437.91,P010
T000883,10,2025-06-24,Adhesives,36,11173.75,P014
T000884,12,2025-06-24,Construction Chemicals,37,47714.12,P024
T000885,5,2025-06-24,Sealants,22,12623.57,P023
T000886,61,2025-06-24,Construction Chemicals,16,24411.62,P017
T000887,12,2025-06-25,Construction Chemicals,35,48646.23,P024
T000888,38,2025-06-25,Industrial Resins,55,106394.33,P010
T000889,26,2025-06-25,Construction Chemicals,28,36692.72,P022
T000890,82,2025-06-25,Construction Chemicals,22,35379.21,P018
T000891,58,2025-06-25,Sealants,40,22126.01,P016
T000892,12,2025-06-26,Sealants,39,24123.06,P024
T000893,101,2025-06-26,Sealants,104,69593.69,P018
T000894,5,2025-06-26,Sealants,116,72051.87,P023
T000895,13,2025-06-26,Industrial Resins,59,138045.55,P010
T000896,38,2025-06-26,Industrial Resins,35,82308.47,P010
T000897,18,2025-06-26,Adhesives,41,15924.51,P011
T000898,39,2025-06-27,Industrial Resins,82,156133.07,P011
T000899,23,2025-06-27,Sealants,27,17554.38,P017
T000900,84,2025-06-27,Sealants,1,679.16,P018
T000901,77,2025-06-27,Sealants,13,7402.51,P020
T000902,120,2025-06-27,Adhesives,18,6715.57,P014
T000903,115,2025-06-28,Adhesives,4,1320.53,P004
T000904,115,2025-06-28,Art & Craft,26,4285.27,P004
T000905,103,2025-06-28,Industrial Resins,54,120563.34,P010
T000906,13,2025-06-28,Industrial Resins,43,96137.09,P010
T000907,38,2025-06-28,Adhesives,50,18260.46,P010
T000908,106,2025-06-28,Sealants,21,12209.63,P016
T000909,75,2025-06-28,Sealants,43,24796.19,P020
T000910,113,2025-06-28,Adhesives,19,6102.31,P004
T000911,101,2025-06-29,Sealants,56,32515.03,P018
T000912,23,2025-06-29,Sealants,69,39496.87,P017
T000913,13,2025-06-29,Adhesives,33,10195.09,P010
T000914,3,2025-06-29,Sealants,49,32210.69,P017
T000915,106,2025-06-29,Construction Chemicals,20,26933.63,P016
T000916,80,2025-06-29,Industrial Resins,23,43548.4,P010
T000917,2,2025-06-29,Sealants,12,7560.77,P018
T000918,5,2025-06-30,Construction Chemicals,40,53121.82,P023
T000919,5,2025-06-30,Sealants,91,54107.64,P023
T000920,23,2025-06-30,Construction Chemicals,43,66945.63,P017
T000921,104,2025-06-30,Adhesives,15,5605.49,P014
T000922,2,2025-06-30,Construction Chemicals,16,21991.96,P018
T000923,26,2025-06-30,Sealants,27,16165.97,P022
T000924,115,2025-07-01,Art & Craft,50,9533.43,P004
T000925,5,2025-07-01,Sealants,57,37039.42,P023
T000926,13,2025-07-01,Adhesives,62,22844.96,P010
T000927,84,2025-07-01,Sealants,7,4743.24,P018
T000928,77,2025-07-01,Sealants,18,11085.35,P020
T000929,93,2025-07-01,Industrial Resins,1,2144.71,P012
T000930,10,2025-07-02,Adhesives,47,15773.03,P014
T000931,39,2025-07-02,Industrial Resins,37,72929.31,P011
T000932,101,2025-07-02,Construction Chemicals,18,25149.0,P018
T000933,13,2025-07-02,Adhesives,92,31546.12,P010
T000934,60,2025-07-02,Adhesives,36,14046.23,P004
T000935,120,2025-07-02,Industrial Resins,14,30275.35,P014
T000936,115,2025-07-03,Adhesives,84,29863.79,P004
T000937,115,2025-07-03,Art & Craft,46,9006.08,P004
T000938,103,2025-07-03,Adhesives,79,25889.61,P010
T000939,39,2025-07-03,Industrial Resins,132,279154.36,P011
T000940,5,2025-07-03,Sealants,17,11713.01,P023
T000941,3,2025-07-03,Sealants,35,23328.59,P017
T000942,70,2025-07-03,Construction Chemicals,10,12779.75,P017
T000943,75,2025-07-03,Sealants,18,10259.17,P020
T000944,39,2025-07-04,Adhesives,36,11417.79,P011
T000945,12,2025-07-05,Sealants,26,15687.51,P024
T000946,101,2025-07-05,Sealants,22,13159.03,P018
T000947,16,2025-07-05,Adhesives,33,12144.76,P011
T000948,115,2025-07-06,Adhesives,62,23743.12,P004
T000949,39,2025-07-06,Adhesives,14,4450.86,P011
T000950,5,2025-07-06,Sealants,37,20365.38,P023
T000951,13,2025-07-06,Industrial Resins,58,135727.19,P010
T000952,80,2025-07-06,Adhesives,28,8981.0,P010
T000953,2,2025-07-06,Construction Chemicals,20,30326.02,P018
T000954,52,2025-07-06,Adhesives,12,4219.56,P011
T000955,101,2025-07-07,Construction Chemicals,101,155522.6,P018
T000956,101,2025-07-07,Sealants,92,59140.33,P018
T000957,3,2025-07-07,Sealants,47,26899.21,P017
T000958,78,2025-07-07,Adhesives,46,16370.96,P010
T000959,14,2025-07-07,Art & Craft,6,1077.1,P005
T000960,901,2025-07-07,Art & Craft,14,2613.48,P004
T000961,38,2025-07-08,Adhesives,71,25241.18,P010
T000962,83,2025-07-08,Adhesives,34,11336.77,P011
T000963,93,2025-07-08,Adhesives,16,6249.52,P012
T000964,63,2025-07-08,Adhesives,38,12556.78,P008
T000965,31,2025-07-08,Adhesives,21,7622.06,P006
T000966,115,2025-07-09,Art & Craft,65,12220.08,P004
T000967,103,2025-07-09,Industrial Resins,92,197241.02,P010
T000968,12,2025-07-09,Sealants,45,31163.49,P024
T000969,68,2025-07-09,Sealants,6,3656.85,P024
T000970,109,2025-07-09,Art & Craft,1,200.4,P005
T000971,115,2025-07-10,Adhesives,29,10026.6,P004
T000972,5,2025-07-10,Construction Chemicals,37,49128.21,P023
T000973,13,2025-07-10,Industrial Resins,40,80595.65,P010
T000974,13,2025-07-10,Industrial Resins,36,73297.04,P010
T000975,13,2025-07-10,Adhesives,40,15212.51,P010
T000976,38,2025-07-10,Industrial Resins,109,220929.05,P010
T000977,108,2025-07-10,Art & Craft,26,5063.8,P005
T000978,24,2025-07-10,Construction Chemicals,26,33883.45,P026
T000979,10,2025-07-11,Adhesives,96,29977.24,P014
T000980,39,2025-07-11,Industrial Resins,45,91027.29,P011
T000981,95,2025-07-11,Art & Craft,28,4538.91,P008
T000982,46,2025-07-11,Industrial Resins,35,78566.03,P010
T000983,103,2025-07-12,Industrial Resins,60,140711.44,P010
T000984,12,2025-07-12,Sealants,60,37077.45,P024
T000985,39,2025-07-12,Industrial Resins,85,175894.1,P011
T000986,110,2025-07-12,Construction Chemicals,63,83297.42,P024
T000987,110,2025-07-12,Sealants,65,35931.15,P024
T000988,102,2025-07-12,Construction Chemicals,6,8783.95,P024
T000989,83,2025-07-12,Industrial Resins,35,77992.8,P011
T000990,115,2025-07-13,Art & Craft,63,10301.44,P004
T000991,103,2025-07-13,Adhesives,59,20311.36,P010
T000992,13,2025-07-13,Adhesives,92,34428.54,P010
T000993,3,2025-07-13,Construction Chemicals,62,97758.59,P017
T000994,106,2025-07-13,Construction Chemicals,15,21002.72,P016
T000995,120,2025-07-13,Adhesives,31,10966.05,P014
T000996,12,2025-07-14,Construction Chemicals,18,26844.47,P024
T000997,23,2025-07-14,Construction Chemicals,74,103681.69,P017
T000998,8,2025-07-14,Sealants,28,16787.11,P026
T000999,10,2025-07-15,Adhesives,94,34934.66,P014
T001000,10,2025-07-15,Adhesives,45,17466.13,P014
T001001,101,2025-07-15,Construction Chemicals,31,48825.37,P018
T001002,5,2025-07-15,Construction Chemicals,80,103656.63,P023
T001003,23,2025-07-15,Construction Chemicals,30,45260.8,P017
T001004,3,2025-07-15,Construction Chemicals,63,81786.74,P017
T001005,3,2025-07-15,Construction Chemicals,38,54796.52,P017
T001006,110,2025-07-15,Construction Chemicals,38,51120.75,P024
T001007,27,2025-07-15,Art & Craft,17,3063.74,P006
T001008,42,2025-07-15,Adhesives,24,8995.46,P012
T001009,115,2025-07-16,Sealants,95,59418.34,P004
T001010,38,2025-07-16,Industrial Resins,23,52796.17,P010
T001011,84,2025-07-16,Construction Chemicals,13,19806.43,P018
T001012,106,2025-07-16,Sealants,28,16203.15,P016
T001013,115,2025-07-17,Sealants,52,34663.69,P004
T001014,115,2025-07-17,Sealants,55,37415.62,P004
T001015,101,2025-07-17,Sealants,24,14084.24,P018
T001016,26,2025-07-17,Sealants,21,13758.49,P022
T001017,76,2025-07-17,Sealants,42,23801.26,P026
T001018,85,2025-07-17,Art & Craft,51,8345.72,P005
T001019,52,2025-07-17,Industrial Resins,36,74010.32,P011
T001020,38,2025-07-18,Industrial Resins,89,199549.48,P010
T001021,110,2025-07-18,Sealants,23,14453.55,P024
T001022,11,2025-07-18,Construction Chemicals,22,28956.65,P026
T001023,103,2025-07-19,Adhesives,1,360.18,P010
T001024,12,2025-07-19,Construction Chemicals,41,54269.54,P024
T001025,101,2025-07-19,Construction Chemicals,64,90810.25,P018
T001026,75,2025-07-19,Construction Chemicals,14,20776.89,P020
T001027,95,2025-07-19,Adhesives,9,3346.56,P008
T001028,90,2025-07-19,Construction Chemicals,27,39165.15,P020
T001029,103,2025-07-20,Industrial Resins,72,163616.07,P010
T001030,10,2025-07-20,Industrial Resins,64,126224.36,P014
T001031,12,2025-07-20,Construction Chemicals,52,71335.24,P024
T001032,60,2025-07-20,Art & Craft,17,2712.32,P004
T001033,38,2025-07-21,Adhesives,28,10260.8,P010
T001034,108,2025-07-21,Adhesives,38,14136.23,P005
T001035,56,2025-07-21,Construction Chemicals,4,6297.51,P016
T001036,90,2025-07-21,Sealants,13,7099.97,P020
T001037,85,2025-07-21,Sealants,58,38782.95,P005
T001038,66,2025-07-21,Industrial Resins,1,2008.77,P012
T001039,103,2025-07-22,Industrial Resins,75,174280.51,P010
T001040,23,2025-07-22,Sealants,34,23437.78,P017
T001041,34,2025-07-22,Sealants,21,12394.07,P020
T001042,91,2025-07-22,Sealants,10,6150.03,P008
T001043,13,2025-07-23,Adhesives,28,10441.7,P010
T001044,110,2025-07-23,Sealants,34,18968.72,P024
T001045,9,2025-07-23,Sealants,34,19069.88,P020
T001046,104,2025-07-23,Adhesives,29,11064.75,P014
T001047,51,2025-07-23,Construction Chemicals,23,30394.15,P018
T001048,39,2025-07-24,Adhesives,1,315.75,P011
T001049,5,2025-07-24,Construction Chemicals,32,43116.33,P023
T001050,5,2025-07-24,Sealants,29,16635.62,P023
T001051,23,2025-07-24,Construction Chemicals,26,37403.02,P017
T001052,23,2025-07-24,Sealants,37,21842.88,P017
T001053,3,2025-07-24,Sealants,44,26374.11,P017
T001054,38,2025-07-24,Adhesives,69,22720.73,P010
T001055,71,2025-07-24,Construction Chemicals,4,6493.67,P024
T001056,10,2025-07-25,Industrial Resins,43,86124.53,P014
T001057,12,2025-07-25,Sealants,24,14620.65,P024
T001058,55,2025-07-25,Industrial Resins,21,48799.74,P010
T001059,23,2025-07-26,Sealants,62,33875.04,P017
T001060,110,2025-07-26,Construction Chemicals,1,1565.23,P024
T001061,99,2025-07-26,Industrial Resins,33,71864.39,P012
T001062,56,2025-07-26,Sealants,44,25837.5,P016
T001063,76,2025-07-26,Construction Chemicals,7,10319.24,P026
T001064,32,2025-07-26,Construction Chemicals,56,87408.36,P016
T001065,40,2025-07-26,Construction Chemicals,10,16163.15,P022
T001066,103,2025-07-27,Adhesives,96,33830.42,P010
T001067,38,2025-07-27,Industrial Resins,29,54300.27,P010
T001068,80,2025-07-27,Industrial Resins,21,40849.01,P010
T001069,39,2025-07-28,Adhesives,9,2838.55,P011
T001070,5,2025-07-28,Construction Chemicals,37,58866.22,P023
T001071,3,2025-07-28,Sealants,66,42228.15,P017
T001072,38,2025-07-28,Industrial Resins,44,100265.44,P010
T001073,2,2025-07-28,Sealants,15,8560.48,P018
T001074,10,2025-07-29,Industrial Resins,32,67717.38,P014
T001075,13,2025-07-29,Industrial Resins,29,60675.22,P010
T001076,38,2025-07-29,Adhesives,92,32315.66,P010
T001077,110,2025-07-29,Sealants,110,67987.82,P024
T001078,103,2025-07-30,Adhesives,84,26832.96,P010
T001079,10,2025-07-30,Industrial Resins,40,92071.62,P014
T001080,39,2025-07-30,Adhesives,57,19537.31,P011
T001081,103,2025-07-31,Industrial Resins,52,96638.83,P010
T001082,10,2025-07-31,Industrial Resins,75,166268.14,P014
T001083,23,2025-07-31,Sealants,90,49383.32,P017
T001084,104,2025-07-31,Industrial Resins,32,69715.95,P014
T001085,78,2025-07-31,Industrial Resins,7,14814.92,P010
T001086,53,2025-07-31,Sealants,29,15941.63,P023
T001087,68,2025-07-31,Construction Chemicals,29,40234.56,P024
T001088,103,2025-08-01,Industrial Resins,58,111343.26,P010
T001089,83,2025-08-01,Industrial Resins,56,104104.56,P011
T001090,56,2025-08-01,Sealants,13,8383.39,P016
T001091,69,2025-08-01,Industrial Resins,20,45835.66,P011
T001092,12,2025-08-02,Sealants,64,36989.18,P024
T001093,39,2025-08-02,Industrial Resins,63,131132.32,P011
T001094,5,2025-08-02,Construction Chemicals,22,28764.35,P023
T001095,120,2025-08-02,Adhesives,12,4028.28,P014
T001096,104,2025-08-02,Industrial Resins,30,63372.83,P014
T001097,95,2025-08-02,Adhesives,22,8345.76,P008
T001098,13,2025-08-03,Adhesives,65,20493.69,P010
T001099,3,2025-08-03,Construction Chemicals,42,55605.1,P017
T001100,68,2025-08-03,Construction Chemicals,18,25861.03,P024
T001101,110,2025-08-04,Sealants,48,31919.15,P024
T001102,77,2025-08-04,Construction Chemicals,22,28532.46,P020
T001103,55,2025-08-04,Industrial Resins,30,63864.57,P010
T001104,12,2025-08-05,Construction Chemicals,60,84868.57,P024
T001105,39,2025-08-05,Adhesives,106,39240.95,P011
T001106,23,2025-08-05,Sealants,62,38322.52,P017
T001107,116,2025-08-05,Adhesives,27,9469.33,P004
T001108,26,2025-08-05,Construction Chemicals,21,27060.5,P022
T001109,113,2025-08-05,Art & Craft,36,7016.44,P004
T001110,103,2025-08-06,Industrial Resins,28,60759.38,P010
T001111,10,2025-08-06,Industrial Resins,19,43078.59,P014
T001112,12,2025-08-06,Construction Chemicals,25,38052.82,P024
T001113,39,2025-08-06,Industrial Resins,66,150322.39,P011
T001114,39,2025-08-06,Industrial Resins,39,91671.83,P011
T001115,3,2025-08-06,Sealants,49,27442.21,P017
T001116,38,2025-08-06,Adhesives,70,26087.65,P010
T001117,38,2025-08-06,Adhesives,37,12984.66,P010
T001118,56,2025-08-06,Construction Chemicals,5,6511.42,P016
T001119,34,2025-08-06,Sealants,10,6554.4,P020
T001120,39,2025-08-07,Adhesives,1,381.11,P011
T001121,38,2025-08-07,Industrial Resins,58,112804.64,P010
T001122,38,2025-08-07,Adhesives,49,15408.31,P010
T001123,84,2025-08-07,Construction Chemicals,28,39152.99,P018
T001124,76,2025-08-07,Construction Chemicals,44,57101.02,P026
T001125,115,2025-08-08,Sealants,25,15317.01,P004
T001126,103,2025-08-08,Adhesives,78,26712.62,P010
T001127,101,2025-08-08,Construction Chemicals,12,17955.17,P018
T001128,3,2025-08-08,Construction Chemicals,84,112049.4,P017
T001129,110,2025-08-08,Construction Chemicals,57,81001.27,P024
T001130,9,2025-08-08,Sealants,32,21622.51,P020
T001131,37,2025-08-08,Sealants,7,3830.76,P026
T001132,83,2025-08-08,Adhesives,8,2673.07,P011
T001133,90,2025-08-08,Sealants,21,11463.94,P020
T001134,10,2025-08-09,Industrial Resins,42,86216.42,P014
T001135,10,2025-08-09,Adhesives,68,24460.7,P014
T001136,39,2025-08-09,Adhesives,84,30402.89,P011
T001137,13,2025-08-09,Industrial Resins,8,16714.07,P010
T001138,28,2025-08-09,Sealants,24,13389.34,P017
T001139,12,2025-08-10,Sealants,75,42516.57,P024
T001140,13,2025-08-10,Industrial Resins,56,109997.84,P010
T001141,38,2025-08-10,Adhesives,74,26742.01,P010
T001142,78,2025-08-10,Adhesives,21,7421.2,P010
T001143,115,2025-08-11,Sealants,29,16237.33,P004
T001144,101,2025-08-11,Sealants,45,30275.73,P018
T001145,5,2025-08-11,Construction Chemicals,70,90826.43,P023
T001146,13,2025-08-12,Industrial Resins,95,196333.79,P010
T001147,13,2025-08-12,Industrial Resins,10,23407.24,P010
T001148,38,2025-08-12,Industrial Resins,84,189756.74,P010
T001149,104,2025-08-12,Adhesives,9,3448.02,P014
T001150,93,2025-08-12,Industrial Resins,29,54305.27,P012
T001151,103,2025-08-13,Industrial Resins,63,127192.64,P010
T001152,5,2025-08-13,Sealants,65,36946.14,P023
T001153,13,2025-08-13,Industrial Resins,81,160133.75,P010
T001154,18,2025-08-13,Industrial Resins,42,79274.31,P011
T001155,10,2025-08-14,Industrial Resins,35,68173.23,P014
T001156,5,2025-08-14,Construction Chemicals,106,153207.79,P023
T001157,23,2025-08-14,Construction Chemicals,52,79734.84,P017
T001158,3,2025-08-14,Sealants,67,43334.04,P017
T001159,38,2025-08-14,Adhesives,68,22833.15,P010
T001160,68,2025-08-14,Sealants,22,12982.4,P024
T001161,115,2025-08-15,Adhesives,85,27773.12,P004
T001162,23,2025-08-15,Sealants,49,33777.15,P017
T001163,13,2025-08-15,Adhesives,49,16328.92,P010
T001164,38,2025-08-15,Industrial Resins,63,118805.43,P010
T001165,110,2025-08-15,Sealants,59,36206.13,P024
T001166,75,2025-08-15,Sealants,24,15965.77,P020
T001167,115,2025-08-16,Sealants,50,31599.95,P004
T001168,103,2025-08-16,Industrial Resins,68,131574.57,P010
T001169,103,2025-08-16,Industrial Resins,18,35493.81,P010
T001170,39,2025-08-16,Industrial Resins,74,155366.66,P011
T001171,60,2025-08-16,Adhesives,29,10108.0,P004
T001172,99,2025-08-16,Industrial Resins,20,40413.05,P012
T001173,103,2025-08-17,Adhesives,15,4693.22,P010
T001174,101,2025-08-17,Sealants,47,29816.28,P018
T001175,115,2025-08-18,Adhesives,3,1023.61,P004
T001176,103,2025-08-18,Adhesives,96,33012.71,P010
T001177,10,2025-08-18,Adhesives,24,8283.98,P014
T001178,39,2025-08-18,Adhesives,1,348.28,P011
T001179,101,2025-08-18,Construction Chemicals,43,63241.52,P018
T001180,13,2025-08-18,Adhesives,28,9054.61,P010
T001181,13,2025-08-18,Adhesives,69,23373.19,P010
T001182,38,2025-08-18,Industrial Resins,48,104335.59,P010
T001183,115,2025-08-19,Art & Craft,72,12218.56,P004
T001184,10,2025-08-19,Industrial Resins,100,211067.08,P014
T001185,101,2025-08-19,Construction Chemicals,33,44724.52,P018
T001186,101,2025-08-19,Sealants,44,29140.54,P018
T001187,5,2025-08-19,Sealants,91,55995.54,P023
T001188,32,2025-08-19,Sealants,23,12574.78,P016
T001189,16,2025-08-19,Adhesives,30,9398.98,P011
T001190,103,2025-08-20,Adhesives,77,28233.98,P010
T001191,10,2025-08-20,Adhesives,45,15830.64,P014
T001192,70,2025-08-20,Sealants,24,15427.67,P017
T001193,26,2025-08-20,Sealants,18,9863.96,P022
T001194,115,2025-08-21,Adhesives,66,20680.23,P004
T001195,103,2025-08-21,Adhesives,86,29623.09,P010
T001196,10,2025-08-21,Adhesives,11,3816.54,P014
T001197,23,2025-08-21,Construction Chemicals,20,30557.76,P017
T001198,120,2025-08-21,Industrial Resins,38,73450.37,P014
T001199,93,2025-08-21,Adhesives,48,17510.7,P012
T001200,12,2025-08-22,Construction Chemicals,67,91406.95,P024
T001201,39,2025-08-22,Industrial Resins,52,115858.67,P011
T001202,101,2025-08-22,Construction Chemicals,67,91558.07,P018
T001203,110,2025-08-22,Construction Chemicals,52,84181.28,P024
T001204,78,2025-08-22,Industrial Resins,1,2016.14,P010
T001205,98,2025-08-22,Industrial Resins,27,56515.8,P010
T001206,20,2025-08-22,Adhesives,23,7821.01,P010
T001207,115,2025-08-23,Art & Craft,36,7203.82,P004
T001208,13,2025-08-23,Adhesives,50,18096.34,P010
T001209,110,2025-08-23,Sealants,88,50250.93,P024
T001210,80,2025-08-23,Industrial Resins,15,28160.75,P010
T001211,14,2025-08-23,Art & Craft,17,2966.56,P005
T001212,38,2025-08-24,Industrial Resins,84,161704.95,P010
T001213,71,2025-08-24,Construction Chemicals,16,21729.24,P024
T001214,10,2025-08-25,Adhesives,94,33537.44,P014
T001215,63,2025-08-25,Art & Craft,4,654.14,P008
T001216,67,2025-08-25,Sealants,36,20538.44,P017
T001217,30,2025-08-25,Adhesives,18,6354.14,P010
T001218,12,2025-08-26,Sealants,30,18192.07,P024
T001219,77,2025-08-26,Sealants,20,13361.73,P020
T001220,115,2025-08-27,Art & Craft,114,20315.88,P004
T001221,42,2025-08-27,Industrial Resins,6,11929.79,P012
T001222,5,2025-08-28,Construction Chemicals,80,112100.48,P023
T001223,60,2025-08-28,Art & Craft,33,5426.88,P004
T001224,107,2025-08-28,Sealants,27,14810.66,P016
T001225,5,2025-08-29,Sealants,69,42792.15,P023
T001226,110,2025-08-29,Construction Chemicals,54,80900.61,P024
T001227,43,2025-08-29,Construction Chemicals,28,36255.84,P022
T001228,115,2025-08-30,Art & Craft,100,16667.62,P004
T001229,10,2025-08-30,Industrial Resins,40,92540.6,P014
T001230,23,2025-08-30,Sealants,33,20528.17,P017
T001231,3,2025-08-30,Construction Chemicals,52,83497.08,P017
T001232,3,2025-08-30,Sealants,36,23169.48,P017
T001233,116,2025-08-30,Art & Craft,26,5212.59,P004
T001234,99,2025-08-30,Adhesives,31,11981.43,P012
T001235,81,2025-08-30,Sealants,33,19687.41,P008
T001236,39,2025-08-31,Adhesives,52,16371.07,P011
T001237,23,2025-08-31,Construction Chemicals,44,70907.46,P017
T001238,53,2025-08-31,Sealants,1,600.62,P023
T001239,91,2025-08-31,Art & Craft,31,6115.83,P008
T001240,115,2025-09-01,Adhesives,45,16143.97,P004
T001241,103,2025-09-01,Industrial Resins,1,2326.23,P010
T001242,39,2025-09-01,Industrial Resins,33,72107.83,P011
T001243,38,2025-09-01,Adhesives,35,11216.54,P010
T001244,116,2025-09-01,Art & Craft,18,2968.8,P004
T001245,90,2025-09-01,Sealants,21,14275.95,P020
T001246,87,2025-09-01,Adhesives,4,1278.67,P012
T001247,115,2025-09-03,Sealants,14,9200.2,P004
T001248,103,2025-09-03,Adhesives,65,24396.29,P010
T001249,13,2025-09-03,Adhesives,102,38525.57,P010
T001250,38,2025-09-03,Industrial Resins,100,232971.88,P010
T001251,110,2025-09-03,Construction Chemicals,32,50972.64,P024
T001252,78,2025-09-03,Industrial Resins,1,1914.27,P010
T001253,43,2025-09-03,Construction Chemicals,26,39271.1,P022
T001254,115,2025-09-04,Art & Craft,10,1639.63,P004
T001255,10,2025-09-04,Industrial Resins,81,153649.0,P014
T001256,39,2025-09-04,Adhesives,120,42905.92,P011
T001257,25,2025-09-04,Adhesives,26,8310.96,P005
T001258,47,2025-09-04,Sealants,8,4419.45,P018
T001259,23,2025-09-05,Construction Chemicals,68,87603.98,P017
T001260,3,2025-09-05,Construction Chemicals,56,80737.05,P017
T001261,110,2025-09-05,Sealants,64,36979.09,P024
T001262,71,2025-09-05,Construction Chemicals,29,38292.85,P024
T001263,104,2025-09-05,Adhesives,20,6955.77,P014
T001264,102,2025-09-05,Construction Chemicals,37,54640.68,P024
T001265,76,2025-09-05,Construction Chemicals,48,69044.86,P026
T001266,57,2025-09-05,Adhesives,17,6431.38,P012
T001267,107,2025-09-05,Construction Chemicals,36,53321.69,P016
T001268,105,2025-09-05,Sealants,1,629.05,P023
T001269,10,2025-09-06,Industrial Resins,50,105007.77,P014
T001270,5,2025-09-06,Sealants,48,32278.77,P023
T001271,13,2025-09-06,Adhesives,65,24243.44,P010
T001272,27,2025-09-06,Sealants,22,13776.26,P006
T001273,103,2025-09-07,Adhesives,32,12146.01,P010
T001274,39,2025-09-07,Industrial Resins,65,144277.6,P011
T001275,60,2025-09-07,Art & Craft,35,7013.69,P004
T001276,80,2025-09-07,Industrial Resins,31,64384.71,P010
T001277,14,2025-09-07,Sealants,30,18627.44,P005
T001278,88,2025-09-07,Sealants,6,3937.04,P024
T001279,901,2025-09-07,Art & Craft,13,2449.68,P004
T001280,115,2025-09-08,Adhesives,97,32675.22,P004
T001281,115,2025-09-08,Art & Craft,1,177.99,P004
T001282,103,2025-09-08,Adhesives,25,8659.17,P010
T001283,10,2025-09-08,Industrial Resins,63,124838.04,P014
T001284,39,2025-09-08,Industrial Resins,65,147667.6,P011
T001285,39,2025-09-08,Adhesives,27,8568.29,P011
T001286,101,2025-09-08,Construction Chemicals,38,53803.99,P018
T001287,5,2025-09-08,Construction Chemicals,63,100167.04,P023
T001288,38,2025-09-08,Industrial Resins,70,153956.34,P010
T001289,38,2025-09-08,Industrial Resins,31,57828.89,P010
T001290,103,2025-09-09,Industrial Resins,57,121025.2,P010
T001291,5,2025-09-09,Construction Chemicals,80,123835.59,P023
T001292,106,2025-09-09,Construction Chemicals,38,56782.82,P016
T001293,26,2025-09-09,Construction Chemicals,30,47344.86,P022
T001294,103,2025-09-10,Adhesives,60,22228.57,P010
T001295,10,2025-09-10,Industrial Resins,19,42750.65,P014
T001296,12,2025-09-10,Sealants,15,8189.14,P024
T001297,12,2025-09-10,Sealants,50,33912.1,P024
T001298,5,2025-09-10,Construction Chemicals,47,69988.0,P023
T001299,37,2025-09-10,Sealants,40,24588.6,P026
T001300,83,2025-09-10,Adhesives,14,5437.0,P011
T001301,2,2025-09-10,Construction Chemicals,4,5482.09,P018
T001302,14,2025-09-10,Art & Craft,10,1741.79,P005
T001303,69,2025-09-10,Industrial Resins,45,90310.35,P011
T001304,81,2025-09-10,Art & Craft,26,4694.83,P008
T001305,115,2025-09-11,Sealants,47,28685.57,P004
T001306,10,2025-09-11,Adhesives,93,32733.99,P014
T001307,12,2025-09-11,Sealants,48,32594.71,P024
T001308,101,2025-09-11,Construction Chemicals,36,57384.14,P018
T001309,101,2025-09-11,Sealants,72,42656.49,P018
T001310,34,2025-09-11,Construction Chemicals,35,54210.27,P020
T001311,11,2025-09-11,Sealants,43,24260.39,P026
T001312,5,2025-09-12,Sealants,32,19262.63,P023
T001313,3,2025-09-12,Sealants,74,40554.8,P017
T001314,38,2025-09-12,Industrial Resins,57,109460.63,P010
T001315,90,2025-09-12,Construction Chemicals,29,43862.72,P020
T001316,12,2025-09-13,Construction Chemicals,119,160330.77,P024
T001317,66,2025-09-13,Adhesives,24,7447.42,P012
T001318,115,2025-09-14,Adhesives,19,5898.06,P004
T001319,75,2025-09-14,Sealants,39,26629.75,P020
T001320,31,2025-09-14,Sealants,31,19690.32,P006
T001321,115,2025-09-15,Art & Craft,15,2689.08,P004
T001322,103,2025-09-15,Adhesives,30,10225.79,P010
T001323,39,2025-09-15,Adhesives,24,9034.4,P011
T001324,101,2025-09-15,Construction Chemicals,47,63112.72,P018
T001325,101,2025-09-15,Construction Chemicals,41,57843.79,P018
T001326,23,2025-09-15,Construction Chemicals,28,37934.79,P017
T001327,3,2025-09-15,Sealants,23,15665.92,P017
T001328,38,2025-09-15,Adhesives,93,29092.91,P010
T001329,110,2025-09-15,Construction Chemicals,70,113598.47,P024
T001330,110,2025-09-15,Construction Chemicals,35,52219.94,P024
T001331,110,2025-09-15,Sealants,78,44353.48,P024
T001332,99,2025-09-15,Adhesives,36,12415.63,P012
T001333,55,2025-09-15,Adhesives,43,16316.05,P010
T001334,85,2025-09-15,Sealants,26,16893.17,P005
T001335,30,2025-09-15,Adhesives,32,11553.89,P010
T001336,12,2025-09-16,Construction Chemicals,82,105831.15,P024
T001337,12,2025-09-16,Construction Chemicals,66,87333.79,P024
T001338,39,2025-09-16,Adhesives,8,2606.41,P011
T001339,101,2025-09-16,Sealants,52,34726.48,P018
T001340,23,2025-09-16,Sealants,71,47145.2,P017
T001341,13,2025-09-16,Industrial Resins,64,128476.08,P010
T001342,38,2025-09-16,Adhesives,97,32972.45,P010
T001343,77,2025-09-16,Construction Chemicals,21,32066.88,P020
T001344,80,2025-09-16,Adhesives,11,3931.12,P010
T001345,40,2025-09-16,Construction Chemicals,41,62758.68,P022
T001346,40,2025-09-16,Sealants,17,11511.68,P022
T001347,114,2025-09-16,Construction Chemicals,18,24495.16,P024
T001348,10,2025-09-17,Adhesives,32,10505.29,P014
T001349,5,2025-09-17,Sealants,78,50441.52,P023
T001350,23,2025-09-17,Construction Chemicals,32,51724.94,P017
T001351,13,2025-09-17,Adhesives,63,24179.72,P010
T001352,93,2025-09-17,Adhesives,31,10773.9,P012
T001353,39,2025-09-18,Industrial Resins,68,130890.15,P011
T001354,39,2025-09-18,Adhesives,106,37006.5,P011
T001355,3,2025-09-18,Construction Chemicals,36,57645.7,P017
T001356,120,2025-09-18,Adhesives,36,11769.19,P014
T001357,51,2025-09-18,Sealants,7,4673.33,P018
T001358,23,2025-09-19,Sealants,101,61176.83,P017
T001359,23,2025-09-19,Sealants,1,674.04,P017
T001360,110,2025-09-19,Sealants,72,43215.81,P024
T001361,56,2025-09-19,Sealants,35,21789.43,P016
T001362,39,2025-09-20,Industrial Resins,92,187466.99,P011
T001363,23,2025-09-20,Sealants,52,30650.69,P017
T001364,3,2025-09-20,Sealants,104,58309.57,P017
T001365,120,2025-09-20,Industrial Resins,28,55438.2,P014
T001366,108,2025-09-20,Adhesives,27,8801.42,P005
T001367,93,2025-09-20,Industrial Resins,19,35754.8,P012
T001368,12,2025-09-21,Sealants,24,14533.45,P024
T001369,101,2025-09-21,Construction Chemicals,28,36939.7,P018
T001370,101,2025-09-21,Sealants,62,38162.39,P018
T001371,3,2025-09-21,Construction Chemicals,42,57024.2,P017
T001372,70,2025-09-21,Sealants,14,8337.34,P017
T001373,78,2025-09-21,Adhesives,38,13751.17,P010
T001374,55,2025-09-21,Industrial Resins,38,84627.44,P010
T001375,12,2025-09-22,Construction Chemicals,63,87571.81,P024
T001376,39,2025-09-22,Adhesives,101,36568.72,P011
T001377,13,2025-09-22,Industrial Resins,64,124481.57,P010
T001378,13,2025-09-22,Industrial Resins,46,99119.2,P010
T001379,38,2025-09-22,Industrial Resins,57,124832.47,P010
T001380,110,2025-09-22,Construction Chemicals,80,108514.84,P024
T001381,110,2025-09-22,Sealants,58,33668.27,P024
T001382,20,2025-09-22,Industrial Resins,1,2143.82,P010
T001383,115,2025-09-23,Sealants,61,39125.0,P004
T001384,103,2025-09-23,Industrial Resins,24,50175.72,P010
T001385,10,2025-09-23,Industrial Resins,16,30136.28,P014
T001386,3,2025-09-23,Sealants,69,47402.25,P017
T001387,95,2025-09-23,Adhesives,31,10941.56,P008
T001388,76,2025-09-23,Sealants,13,7389.26,P026
T001389,43,2025-09-23,Sealants,10,5817.86,P022
T001390,86,2025-09-23,Construction Chemicals,25,35974.77,P018
T001391,10,2025-09-24,Adhesives,98,36567.3,P014
T001392,101,2025-09-24,Sealants,95,52350.54,P018
T001393,23,2025-09-24,Construction Chemicals,69,96998.21,P017
T001394,3,2025-09-24,Construction Chemicals,88,122621.41,P017
T001395,38,2025-09-24,Adhesives,67,25690.83,P010
T001396,116,2025-09-24,Adhesives,27,9465.18,P004
T001397,26,2025-09-24,Sealants,27,15620.21,P022
T001398,68,2025-09-24,Sealants,27,17435.22,P024
T001399,5,2025-09-25,Construction Chemicals,45,59406.93,P023
T001400,5,2025-09-25,Sealants,29,15932.95,P023
T001401,38,2025-09-25,Adhesives,65,25142.16,P010
T001402,99,2025-09-25,Industrial Resins,11,25656.79,P012
T001403,21,2025-09-25,Sealants,40,22267.98,P006
T001404,39,2025-09-26,Industrial Resins,30,56822.45,P011
T001405,84,2025-09-26,Sealants,28,17852.08,P018
T001406,108,2025-09-26,Art & Craft,34,5951.24,P005
T001407,33,2025-09-26,Sealants,9,5935.53,P016
T001408,103,2025-09-27,Industrial Resins,19,35939.06,P010
T001409,103,2025-09-27,Adhesives,1,373.53,P010
T001410,12,2025-09-27,Construction Chemicals,41,52357.43,P024
T001411,13,2025-09-27,Industrial Resins,76,177796.7,P010
T001412,3,2025-09-27,Sealants,113,62220.02,P017
T001413,110,2025-09-27,Sealants,33,20239.22,P024
T001414,102,2025-09-27,Sealants,48,29840.44,P024
T001415,34,2025-09-27,Sealants,2,1242.53,P020
T001416,119,2025-09-27,Sealants,35,20899.03,P023
T001417,115,2025-09-28,Art & Craft,108,19085.77,P004
T001418,103,2025-09-28,Industrial Resins,55,120843.1,P010
T001419,10,2025-09-28,Adhesives,40,14181.56,P014
T001420,10,2025-09-28,Adhesives,89,28991.64,P014
T001421,3,2025-09-28,Construction Chemicals,78,126319.6,P017
T001422,38,2025-09-28,Adhesives,58,21790.08,P010
T001423,9,2025-09-28,Construction Chemicals,23,37293.78,P020
T001424,27,2025-09-28,Art & Craft,27,4587.26,P006
T001425,98,2025-09-28,Industrial Resins,9,19565.76,P010
T001426,10,2025-09-29,Industrial Resins,103,216988.78,P014
T001427,5,2025-09-29,Sealants,72,46805.0,P023
T001428,13,2025-09-29,Industrial Resins,61,114029.24,P010
T001429,13,2025-09-29,Adhesives,43,16433.63,P010
T001430,94,2025-09-29,Sealants,38,25156.09,P004
T001431,13,2025-09-30,Adhesives,41,15077.34,P010
T001432,70,2025-09-30,Construction Chemicals,29,44781.66,P017
T001433,2,2025-09-30,Sealants,9,5864.93,P018
T001434,35,2025-09-30,Art & Craft,3,565.47,P008
T001435,103,2025-10-01,Industrial Resins,39,88195.35,P010
T001436,39,2025-10-01,Adhesives,27,10348.0,P011
T001437,5,2025-10-01,Construction Chemicals,55,74299.62,P023
T001438,5,2025-10-01,Sealants,45,24667.03,P023
T001439,108,2025-10-01,Sealants,28,18116.41,P005
T001440,5,2025-10-02,Sealants,52,29519.54,P023
T001441,23,2025-10-02,Construction Chemicals,50,74501.42,P017
T001442,5,2025-10-03,Construction Chemicals,75,110869.09,P023
T001443,23,2025-10-03,Construction Chemicals,60,92004.76,P017
T001444,3,2025-10-03,Construction Chemicals,66,96464.76,P017
T001445,110,2025-10-03,Sealants,95,60054.89,P024
T001446,110,2025-10-03,Sealants,46,25753.17,P024
T001447,68,2025-10-03,Construction Chemicals,30,44594.08,P024
T001448,97,2025-10-03,Sealants,17,10147.8,P016
T001449,86,2025-10-03,Construction Chemicals,13,17573.18,P018
T001450,20,2025-10-03,Industrial Resins,35,78782.92,P010
T001451,103,2025-10-04,Adhesives,58,20627.55,P010
T001452,39,2025-10-04,Adhesives,57,19729.04,P011
T001453,23,2025-10-04,Sealants,25,16542.61,P017
T001454,3,2025-10-04,Construction Chemicals,69,91754.71,P017
T001455,38,2025-10-04,Industrial Resins,72,155032.85,P010
T001456,38,2025-10-04,Adhesives,43,14294.66,P010
T001457,110,2025-10-04,Construction Chemicals,108,156981.52,P024
T001458,99,2025-10-04,Industrial Resins,13,27041.73,P012
T001459,75,2025-10-04,Construction Chemicals,19,24614.56,P020
T001460,56,2025-10-04,Sealants,20,12448.97,P016
T001461,46,2025-10-04,Industrial Resins,38,74095.48,P010
T001462,115,2025-10-05,Adhesives,29,9824.28,P004
T001463,39,2025-10-05,Industrial Resins,49,110489.23,P011
T001464,13,2025-10-05,Industrial Resins,72,165570.22,P010
T001465,38,2025-10-05,Adhesives,34,11815.22,P010
T001466,38,2025-10-05,Adhesives,59,22761.59,P010
T001467,93,2025-10-05,Industrial Resins,29,57310.03,P012
T001468,113,2025-10-05,Adhesives,27,9720.44,P004
T001469,10,2025-10-06,Adhesives,90,28501.98,P014
T001470,39,2025-10-06,Adhesives,38,12918.92,P011
T001471,13,2025-10-06,Adhesives,62,20648.2,P010
T001472,38,2025-10-06,Industrial Resins,49,112346.91,P010
T001473,84,2025-10-06,Construction Chemicals,23,30633.88,P018
T001474,102,2025-10-06,Construction Chemicals,39,58501.02,P024
T001475,70,2025-10-06,Sealants,41,26501.25,P017
T001476,2,2025-10-06,Sealants,20,12115.62,P018
T001477,53,2025-10-06,Sealants,37,20467.94,P023
T001478,52,2025-10-06,Industrial Resins,16,32250.3,P011
T001479,44,2025-10-06,Adhesives,19,6568.27,P005
T001480,115,2025-10-07,Sealants,52,33638.87,P004
T001481,103,2025-10-07,Industrial Resins,89,206018.3,P010
T001482,103,2025-10-07,Adhesives,38,14472.63,P010
T001483,39,2025-10-07,Industrial Resins,21,47680.92,P011
T001484,101,2025-10-07,Sealants,85,50212.87,P018
T001485,13,2025-10-07,Adhesives,52,19789.05,P010
T001486,110,2025-10-07,Sealants,47,31369.85,P024
T001487,108,2025-10-07,Art & Craft,32,5229.71,P005
T001488,25,2025-10-07,Adhesives,36,11575.35,P005
T001489,115,2025-10-08,Art & Craft,56,11056.41,P004
T001490,103,2025-10-08,Adhesives,61,21278.38,P010
T001491,10,2025-10-08,Adhesives,36,11537.27,P014
T001492,39,2025-10-08,Adhesives,1,335.37,P011
T001493,3,2025-10-08,Construction Chemicals,67,108415.73,P017
T001494,104,2025-10-08,Adhesives,25,9081.29,P014
T001495,102,2025-10-08,Sealants,18,10762.88,P024
T001496,69,2025-10-08,Industrial Resins,7,15630.85,P011
T001497,113,2025-10-08,Art & Craft,21,4191.63,P004
T001498,12,2025-10-09,Sealants,49,28842.46,P024
T001499,101,2025-10-09,Construction Chemicals,26,40050.99,P018
T001500,23,2025-10-09,Construction Chemicals,29,37193.85,P017
T001501,3,2025-10-09,Sealants,8,5292.07,P017
T001502,38,2025-10-09,Adhesives,12,3957.45,P010
T001503,120,2025-10-09,Industrial Resins,16,33789.31,P014
T001504,2,2025-10-09,Construction Chemicals,30,41973.13,P018
T001505,103,2025-10-10,Adhesives,21,6489.37,P010
T001506,101,2025-10-10,Construction Chemicals,21,33823.95,P018
T001507,3,2025-10-10,Sealants,75,51319.83,P017
T001508,3,2025-10-10,Sealants,78,46350.6,P017
T001509,38,2025-10-10,Industrial Resins,40,79928.42,P010
T001510,39,2025-10-11,Adhesives,61,19136.15,P011
T001511,101,2025-10-11,Sealants,93,59161.9,P018
T001512,5,2025-10-11,Construction Chemicals,14,20595.73,P023
T001513,5,2025-10-11,Construction Chemicals,23,31548.33,P023
T001514,110,2025-10-11,Construction Chemicals,49,75375.13,P024
T001515,71,2025-10-11,Construction Chemicals,16,21512.92,P024
T001516,96,2025-10-11,Adhesives,18,5984.87,P011
T001517,92,2025-10-11,Sealants,28,15397.95,P026
T001518,12,2025-10-12,Construction Chemicals,2,3161.29,P024
T001519,12,2025-10-12,Construction Chemicals,24,33068.33,P024
T001520,38,2025-10-12,Industrial Resins,107,226563.45,P010
T001521,38,2025-10-12,Industrial Resins,42,81789.56,P010
T001522,71,2025-10-12,Sealants,41,28016.58,P024
T001523,80,2025-10-12,Adhesives,42,15294.29,P010
T001524,14,2025-10-12,Art & Craft,22,3934.41,P005
T001525,28,2025-10-12,Construction Chemicals,17,23318.17,P017
T001526,23,2025-10-13,Sealants,101,59593.35,P017
T001527,110,2025-10-13,Construction Chemicals,60,96642.99,P024
T001528,37,2025-10-13,Sealants,34,22615.05,P026
T001529,91,2025-10-13,Sealants,36,22687.62,P008
T001530,89,2025-10-13,Construction Chemicals,16,23350.63,P026
T001531,115,2025-10-14,Art & Craft,73,13592.3,P004
T001532,103,2025-10-14,Adhesives,78,26538.13,P010
T001533,101,2025-10-14,Construction Chemicals,14,21420.95,P018
T001534,3,2025-10-14,Construction Chemicals,75,114490.22,P017
T001535,77,2025-10-14,Sealants,12,8327.21,P020
T001536,90,2025-10-14,Construction Chemicals,21,27287.06,P020
T001537,10,2025-10-15,Adhesives,110,36973.21,P014
T001538,10,2025-10-15,Adhesives,65,20328.45,P014
T001539,12,2025-10-15,Sealants,79,43420.99,P024
T001540,23,2025-10-15,Construction Chemicals,51,79537.81,P017
T001541,13,2025-10-15,Industrial Resins,44,89022.36,P010
T001542,110,2025-10-15,Sealants,62,40893.27,P024
T001543,110,2025-10-15,Sealants,60,38742.86,P024
T001544,76,2025-10-15,Construction Chemicals,37,51603.01,P026
T001545,115,2025-10-16,Art & Craft,24,3923.39,P004
T001546,103,2025-10-16,Industrial Resins,88,201733.57,P010
T001547,10,2025-10-16,Industrial Resins,37,72731.07,P014
T001548,5,2025-10-16,Sealants,48,29041.07,P023
T001549,13,2025-10-16,Adhesives,64,20908.68,P010
T001550,83,2025-10-16,Adhesives,16,5377.04,P011
T001551,56,2025-10-16,Construction Chemicals,41,63115.62,P016
T001552,53,2025-10-16,Construction Chemicals,22,29627.12,P023
T001553,93,2025-10-16,Adhesives,1,375.2,P012
T001554,115,2025-10-17,Sealants,48,29617.75,P004
T001555,12,2025-10-17,Sealants,78,45233.96,P024
T001556,39,2025-10-17,Adhesives,32,10344.91,P011
T001557,5,2025-10-17,Construction Chemicals,42,59244.32,P023
T001558,8,2025-10-17,Construction Chemicals,35,49876.53,P026
T001559,115,2025-10-18,Art & Craft,76,13350.78,P004
T001560,10,2025-10-18,Industrial Resins,51,106478.7,P014
T001561,12,2025-10-18,Sealants,30,18152.06,P024
T001562,5,2025-10-18,Sealants,84,50922.11,P023
T001563,23,2025-10-18,Construction Chemicals,60,92023.9,P017
T001564,3,2025-10-18,Construction Chemicals,63,85122.57,P017
T001565,104,2025-10-18,Industrial Resins,12,23797.93,P014
T001566,2,2025-10-18,Construction Chemicals,52,71896.37,P018
T001567,68,2025-10-18,Sealants,22,15033.09,P024
T001568,115,2025-10-19,Adhesives,61,19344.97,P004
T001569,5,2025-10-19,Sealants,65,45044.29,P023
T001570,5,2025-10-19,Sealants,26,17088.77,P023
T001571,3,2025-10-19,Sealants,78,43828.3,P017
T001572,60,2025-10-19,Art & Craft,26,4240.07,P004
T001573,30,2025-10-19,Adhesives,24,7563.34,P010
T001574,100,2025-10-19,Adhesives,25,7808.02,P004
T001575,19,2025-10-19,Adhesives,11,3536.87,P011
T001576,101,2025-10-20,Construction Chemicals,61,95362.66,P018
T001577,101,2025-10-20,Sealants,41,25340.45,P018
T001578,5,2025-10-20,Construction Chemicals,35,51707.83,P023
T001579,83,2025-10-20,Industrial Resins,45,85292.17,P011
T001580,95,2025-10-20,Art & Craft,37,6985.82,P008
T001581,103,2025-10-21,Industrial Resins,4,8901.38,P010
T001582,23,2025-10-21,Construction Chemicals,81,124356.85,P017
T001583,13,2025-10-21,Industrial Resins,73,169442.6,P010
T001584,13,2025-10-21,Adhesives,53,18562.89,P010
T001585,26,2025-10-21,Sealants,27,16486.04,P022
T001586,14,2025-10-21,Adhesives,15,4979.18,P005
T001587,76,2025-10-21,Sealants,12,7043.57,P026
T001588,11,2025-10-21,Construction Chemicals,11,14128.68,P026
T001589,115,2025-10-22,Adhesives,14,5177.42,P004
T001590,103,2025-10-22,Adhesives,41,13697.92,P010
T001591,101,2025-10-22,Sealants,28,18810.65,P018
T001592,13,2025-10-22,Industrial Resins,8,14904.0,P010
T001593,13,2025-10-22,Industrial Resins,59,116757.05,P010
T001594,13,2025-10-22,Adhesives,56,20561.59,P010
T001595,78,2025-10-22,Industrial Resins,9,16911.32,P010
T001596,101,2025-10-23,Sealants,57,35195.02,P018
T001597,23,2025-10-23,Sealants,64,39099.98,P017
T001598,38,2025-10-23,Adhesives,26,9556.04,P010
T001599,116,2025-10-23,Art & Craft,21,3742.27,P004
T001600,84,2025-10-23,Sealants,2,1149.61,P018
T001601,78,2025-10-23,Adhesives,18,6603.88,P010
T001602,78,2025-10-23,Adhesives,6,2060.29,P010
T001603,75,2025-10-23,Sealants,32,21859.63,P020
T001604,27,2025-10-23,Art & Craft,30,5084.5,P006
T001605,32,2025-10-23,Sealants,20,11542.13,P016
T001606,115,2025-10-24,Art & Craft,85,13574.77,P004
T001607,39,2025-10-24,Adhesives,35,13698.57,P011
T001608,101,2025-10-24,Construction Chemicals,19,29924.59,P018
T001609,3,2025-10-24,Construction Chemicals,60,83152.43,P017
T001610,80,2025-10-24,Industrial Resins,16,36654.65,P010
T001611,115,2025-10-25,Sealants,89,48610.85,P004
T001612,12,2025-10-25,Construction Chemicals,84,127828.81,P024
T001613,12,2025-10-25,Sealants,54,35587.45,P024
T001614,39,2025-10-25,Industrial Resins,51,105570.46,P011
T001615,39,2025-10-25,Industrial Resins,51,95273.29,P011
T001616,23,2025-10-25,Sealants,68,46470.43,P017
T001617,53,2025-10-25,Construction Chemicals,17,24300.36,P023
T001618,91,2025-10-25,Adhesives,40,13653.06,P008
T001619,115,2025-10-26,Adhesives,56,21849.91,P004
T001620,10,2025-10-26,Industrial Resins,56,126755.13,P014
T001621,10,2025-10-26,Adhesives,67,23726.65,P014
T001622,5,2025-10-26,Construction Chemicals,86,125310.33,P023
T001623,23,2025-10-26,Sealants,71,41180.88,P017
T001624,38,2025-10-26,Adhesives,33,12659.35,P010
T001625,110,2025-10-26,Construction Chemicals,63,90181.57,P024
T001626,110,2025-10-26,Construction Chemicals,7,9359.66,P024
T001627,106,2025-10-26,Construction Chemicals,37,50286.22,P016
T001628,70,2025-10-26,Construction Chemicals,32,48709.04,P017
T001629,90,2025-10-26,Sealants,8,4737.17,P020
T001630,10,2025-10-27,Adhesives,87,30108.73,P014
T001631,12,2025-10-27,Construction Chemicals,77,119613.9,P024
T001632,23,2025-10-27,Sealants,47,29080.28,P017
T001633,13,2025-10-27,Adhesives,47,16000.05,P010
T001634,3,2025-10-27,Sealants,61,41353.64,P017
T001635,9,2025-10-27,Sealants,42,27092.16,P020
T001636,26,2025-10-27,Construction Chemicals,24,35256.35,P022
T001637,12,2025-10-28,Construction Chemicals,44,62683.45,P024
T001638,12,2025-10-28,Sealants,32,18184.33,P024
T001639,39,2025-10-28,Industrial Resins,53,109295.64,P011
T001640,77,2025-10-28,Construction Chemicals,20,29638.75,P020
T001641,99,2025-10-28,Adhesives,18,7016.04,P012
T001642,34,2025-10-28,Construction Chemicals,6,8830.96,P020
T001643,18,2025-10-28,Industrial Resins,18,40718.44,P011
T001644,96,2025-10-28,Industrial Resins,36,83028.28,P011
T001645,103,2025-10-29,Industrial Resins,27,55915.94,P010
T001646,39,2025-10-29,Industrial Resins,83,183840.37,P011
T001647,101,2025-10-29,Sealants,39,26399.57,P018
T001648,13,2025-10-29,Adhesives,92,32949.41,P010
T001649,110,2025-10-29,Construction Chemicals,8,10813.62,P024
T001650,115,2025-10-30,Adhesives,46,16784.25,P004
T001651,115,2025-10-30,Sealants,24,13452.22,P004
T001652,103,2025-10-30,Adhesives,49,17434.66,P010
T001653,10,2025-10-30,Industrial Resins,64,121854.82,P014
T001654,10,2025-10-30,Industrial Resins,37,81180.38,P014
T001655,12,2025-10-30,Construction Chemicals,64,102723.37,P024
T001656,101,2025-10-30,Construction Chemicals,30,45843.04,P018
T001657,3,2025-10-30,Sealants,47,27850.27,P017
T001658,38,2025-10-30,Adhesives,70,23796.18,P010
T001659,37,2025-10-30,Construction Chemicals,42,66140.24,P026
T001660,34,2025-10-30,Sealants,22,13520.6,P020
T001661,110,2025-10-31,Sealants,35,21803.77,P024
T001662,106,2025-10-31,Sealants,36,24194.45,P016
T001663,9,2025-10-31,Construction Chemicals,42,56112.48,P020
T001664,120,2025-10-31,Adhesives,18,5634.47,P014
T001665,108,2025-10-31,Adhesives,1,379.25,P005
T001666,95,2025-10-31,Adhesives,13,4723.64,P008
T001667,90,2025-10-31,Construction Chemicals,23,35505.84,P020
T001668,67,2025-10-31,Construction Chemicals,52,79970.69,P017
T001669,23,2025-11-01,Sealants,1,597.7,P017
T001670,13,2025-11-01,Industrial Resins,48,106063.18,P010
T001671,13,2025-11-01,Industrial Resins,41,79190.86,P010
T001672,3,2025-11-01,Construction Chemicals,39,50408.63,P017
T001673,110,2025-11-01,Construction Chemicals,36,50219.92,P024
T001674,115,2025-11-02,Adhesives,65,22747.51,P004
T001675,115,2025-11-02,Art & Craft,67,13477.81,P004
T001676,10,2025-11-02,Industrial Resins,63,129569.36,P014
T001677,10,2025-11-02,Adhesives,24,8151.79,P014
T001678,23,2025-11-02,Construction Chemicals,28,43917.96,P017
T001679,38,2025-11-02,Adhesives,54,18413.01,P010
T001680,58,2025-11-02,Construction Chemicals,8,11526.54,P016
T001681,115,2025-11-03,Adhesives,52,17533.0,P004
T001682,101,2025-11-03,Sealants,38,23871.11,P018
T001683,23,2025-11-03,Construction Chemicals,13,20817.37,P017
T001684,83,2025-11-03,Adhesives,43,13995.08,P011
T001685,99,2025-11-03,Adhesives,21,7889.95,P012
T001686,78,2025-11-03,Industrial Resins,26,53453.81,P010
T001687,115,2025-11-04,Art & Craft,67,13248.59,P004
T001688,115,2025-11-04,Sealants,77,44743.54,P004
T001689,12,2025-11-04,Sealants,48,31079.82,P024
T001690,13,2025-11-04,Adhesives,41,12882.57,P010
T001691,110,2025-11-04,Sealants,53,31002.13,P024
T001692,120,2025-11-04,Industrial Resins,19,35435.46,P014
T001693,103,2025-11-05,Industrial Resins,62,130343.96,P010
T001694,39,2025-11-05,Adhesives,24,8291.84,P011
T001695,39,2025-11-05,Adhesives,24,8228.87,P011
T001696,101,2025-11-05,Construction Chemicals,114,168438.69,P018
T001697,101,2025-11-05,Sealants,24,14868.18,P018
T001698,23,2025-11-05,Sealants,32,20664.54,P017
T001699,93,2025-11-05,Adhesives,37,12374.98,P012
T001700,10,2025-11-06,Industrial Resins,68,156672.26,P014
T001701,39,2025-11-06,Industrial Resins,6,13756.57,P011
T001702,101,2025-11-06,Construction Chemicals,42,54210.05,P018
T001703,5,2025-11-06,Construction Chemicals,58,86702.13,P023
T001704,5,2025-11-06,Sealants,54,35591.53,P023
T001705,38,2025-11-06,Industrial Resins,59,115133.6,P010
T001706,110,2025-11-06,Sealants,50,31440.25,P024
T001707,33,2025-11-06,Sealants,18,10508.05,P016
T001708,45,2025-11-06,Industrial Resins,19,35217.51,P011
T001709,81,2025-11-06,Art & Craft,7,1154.35,P008
T001710,115,2025-11-07,Adhesives,66,24751.76,P004
T001711,103,2025-11-07,Industrial Resins,66,129062.35,P010
T001712,103,2025-11-07,Adhesives,102,32575.28,P010
T001713,103,2025-11-07,Adhesives,73,26383.34,P010
T001714,13,2025-11-07,Industrial Resins,23,48477.55,P010
T001715,13,2025-11-07,Adhesives,25,7974.84,P010
T001716,3,2025-11-07,Construction Chemicals,35,50543.84,P017
T001717,38,2025-11-07,Industrial Resins,32,70988.16,P010
T001718,38,2025-11-07,Adhesives,58,19957.25,P010
T001719,52,2025-11-07,Industrial Resins,22,45037.0,P011
T001720,39,2025-11-08,Industrial Resins,14,31165.65,P011
T001721,23,2025-11-08,Construction Chemicals,50,66169.97,P017
T001722,23,2025-11-08,Construction Chemicals,32,51320.87,P017
T001723,23,2025-11-08,Sealants,59,35722.73,P017
T001724,3,2025-11-08,Construction Chemicals,125,197792.44,P017
T001725,3,2025-11-08,Sealants,60,33182.91,P017
T001726,110,2025-11-08,Sealants,24,14676.57,P024
T001727,68,2025-11-08,Construction Chemicals,33,45123.73,P024
T001728,85,2025-11-08,Art & Craft,16,2838.64,P005
T001729,43,2025-11-08,Construction Chemicals,17,22603.14,P022
T001730,103,2025-11-09,Adhesives,1,365.02,P010
T001731,39,2025-11-09,Adhesives,74,23470.77,P011
T001732,110,2025-11-09,Sealants,1,610.52,P024
T001733,106,2025-11-09,Sealants,26,17738.18,P016
T001734,120,2025-11-09,Adhesives,28,9734.08,P014
T001735,95,2025-11-09,Sealants,1,595.89,P008
T001736,39,2025-11-10,Adhesives,102,31523.01,P011
T001737,5,2025-11-10,Construction Chemicals,61,79473.72,P023
T001738,23,2025-11-10,Sealants,49,28545.23,P017
T001739,116,2025-11-10,Adhesives,33,12333.41,P004
T001740,77,2025-11-10,Construction Chemicals,34,52187.05,P020
T001741,75,2025-11-10,Construction Chemicals,6,9124.59,P020
T001742,76,2025-11-10,Sealants,17,9523.67,P026
T001743,90,2025-11-10,Sealants,26,15788.57,P020
T001744,32,2025-11-10,Sealants,16,9906.58,P016
T001745,45,2025-11-10,Adhesives,24,7739.53,P011
T001746,92,2025-11-10,Sealants,25,16979.61,P026
T001747,115,2025-11-11,Sealants,75,49377.21,P004
T001748,103,2025-11-11,Industrial Resins,65,139043.47,P010
T001749,10,2025-11-11,Adhesives,32,9950.0,P014
T001750,12,2025-11-11,Sealants,76,46300.28,P024
T001751,101,2025-11-11,Sealants,60,38456.9,P018
T001752,13,2025-11-11,Industrial Resins,102,218982.84,P010
T001753,38,2025-11-11,Adhesives,96,29570.09,P010
T001754,110,2025-11-11,Construction Chemicals,32,42675.91,P024
T001755,9,2025-11-11,Construction Chemicals,16,20786.63,P020
T001756,80,2025-11-11,Adhesives,21,7134.25,P010
T001757,108,2025-11-11,Sealants,36,20014.33,P005
T001758,53,2025-11-11,Sealants,21,13998.35,P023
T001759,34,2025-11-11,Sealants,18,9921.06,P020
T001760,25,2025-11-11,Sealants,33,19828.92,P005
T001761,115,2025-11-12,Sealants,63,38253.01,P004
T001762,10,2025-11-12,Adhesives,52,17438.14,P014
T001763,101,2025-11-12,Sealants,25,15974.83,P018
T001764,23,2025-11-12,Sealants,66,40989.07,P017
T001765,13,2025-11-12,Adhesives,70,26697.75,P010
T001766,3,2025-11-12,Sealants,85,58328.19,P017
T001767,3,2025-11-12,Sealants,66,37013.46,P017
T001768,116,2025-11-12,Sealants,30,17335.77,P004
T001769,108,2025-11-12,Adhesives,28,9772.68,P005
T001770,94,2025-11-12,Adhesives,19,6686.33,P004
T001771,10,2025-11-13,Adhesives,25,8562.17,P014
T001772,12,2025-11-13,Sealants,44,26803.09,P024
T001773,5,2025-11-13,Construction Chemicals,59,81437.24,P023
T001774,5,2025-11-13,Sealants,53,32210.41,P023
T001775,13,2025-11-13,Industrial Resins,89,177076.83,P010
T001776,13,2025-11-13,Industrial Resins,23,43757.19,P010
T001777,70,2025-11-13,Sealants,32,19821.47,P017
T001778,115,2025-11-14,Adhesives,39,14471.18,P004
T001779,12,2025-11-14,Construction Chemicals,25,35071.23,P024
T001780,12,2025-11-14,Sealants,8,5404.48,P024
T001781,6,2025-11-14,Construction Chemicals,34,52464.22,P016
T001782,21,2025-11-14,Adhesives,16,5187.81,P006
T001783,101,2025-11-15,Construction Chemicals,56,74164.74,P018
T001784,101,2025-11-15,Sealants,91,57760.84,P018
T001785,13,2025-11-15,Adhesives,93,32502.86,P010
T001786,3,2025-11-15,Construction Chemicals,59,88152.51,P017
T001787,60,2025-11-15,Adhesives,17,5548.39,P004
T001788,34,2025-11-15,Construction Chemicals,29,41244.9,P020
T001789,80,2025-11-16,Industrial Resins,38,85557.4,P010
T001790,83,2025-11-16,Industrial Resins,31,61695.84,P011
T001791,70,2025-11-16,Construction Chemicals,11,16352.92,P017
T001792,115,2025-11-17,Art & Craft,59,10151.33,P004
T001793,115,2025-11-17,Art & Craft,79,14227.71,P004
T001794,3,2025-11-17,Construction Chemicals,61,83973.54,P017
T001795,3,2025-11-17,Sealants,64,35487.28,P017
T001796,71,2025-11-17,Construction Chemicals,24,30818.42,P024
T001797,901,2025-11-17,Art & Craft,20,3389.98,P004
T001798,62,2025-11-17,Sealants,28,19424.23,P005
T001799,10,2025-11-18,Industrial Resins,39,72268.68,P014
T001800,39,2025-11-18,Industrial Resins,40,81528.82,P011
T001801,26,2025-11-18,Construction Chemicals,36,55078.31,P022
T001802,89,2025-11-18,Construction Chemicals,34,48072.28,P026
T001803,103,2025-11-19,Adhesives,31,9953.91,P010
T001804,10,2025-11-19,Industrial Resins,34,65086.07,P014
T001805,10,2025-11-19,Industrial Resins,1,2231.4,P014
T001806,101,2025-11-19,Construction Chemicals,47,68310.38,P018
T001807,110,2025-11-19,Construction Chemicals,71,107937.44,P024
T001808,84,2025-11-19,Construction Chemicals,13,19265.19,P018
T001809,83,2025-11-19,Adhesives,35,11448.18,P011
T001810,14,2025-11-19,Sealants,16,11101.63,P005
T001811,82,2025-11-19,Construction Chemicals,5,6825.89,P018
T001812,94,2025-11-19,Art & Craft,14,2583.07,P004
T001813,61,2025-11-19,Construction Chemicals,1,1597.48,P017
T001814,103,2025-11-20,Industrial Resins,74,153222.49,P010
T001815,39,2025-11-20,Industrial Resins,70,152297.04,P011
T001816,23,2025-11-20,Sealants,43,24612.29,P017
T001817,56,2025-11-20,Sealants,16,9156.36,P016
T001818,53,2025-11-20,Construction Chemicals,46,68956.95,P023
T001819,76,2025-11-20,Construction Chemicals,30,41539.47,P026
T001820,68,2025-11-20,Sealants,50,31510.17,P024
T001821,35,2025-11-20,Adhesives,19,6041.18,P008
T001822,103,2025-11-21,Adhesives,81,27787.97,P010
T001823,10,2025-11-21,Industrial Resins,71,154697.96,P014
T001824,39,2025-11-21,Industrial Resins,45,92549.87,P011
T001825,39,2025-11-21,Adhesives,48,15687.42,P011
T001826,13,2025-11-21,Adhesives,33,10802.94,P010
T001827,3,2025-11-21,Sealants,49,29055.7,P017
T001828,38,2025-11-21,Adhesives,77,28897.19,P010
T001829,27,2025-11-21,Art & Craft,24,4343.75,P006
T001830,27,2025-11-21,Sealants,31,17737.58,P006
T001831,103,2025-11-22,Industrial Resins,81,174230.49,P010
T001832,12,2025-11-22,Construction Chemicals,22,34699.14,P024
T001833,5,2025-11-22,Construction Chemicals,54,78453.97,P023
T001834,38,2025-11-22,Industrial Resins,47,87060.46,P010
T001835,110,2025-11-22,Sealants,68,43234.36,P024
T001836,106,2025-11-22,Construction Chemicals,11,16248.64,P016
T001837,60,2025-11-22,Art & Craft,40,7279.47,P004
T001838,37,2025-11-22,Construction Chemicals,26,36402.31,P026
T001839,5,2025-11-23,Sealants,74,43618.57,P023
T001840,38,2025-11-23,Adhesives,70,22422.47,P010
T001841,78,2025-11-23,Adhesives,23,7826.64,P010
T001842,14,2025-11-23,Adhesives,23,7790.83,P005
T001843,39,2025-11-24,Industrial Resins,5,11056.54,P011
T001844,101,2025-11-24,Construction Chemicals,1,1479.81,P018
T001845,13,2025-11-24,Adhesives,98,36535.14,P010
T001846,3,2025-11-24,Construction Chemicals,51,69850.51,P017
T001847,38,2025-11-24,Industrial Resins,59,122825.96,P010
T001848,110,2025-11-24,Construction Chemicals,23,34153.59,P024
T001849,77,2025-11-24,Sealants,24,15718.55,P020
T001850,102,2025-11-24,Construction Chemicals,25,33739.79,P024
T001851,56,2025-11-24,Construction Chemicals,1,1470.47,P016
T001852,59,2025-11-24,Adhesives,19,7437.39,P010
T001853,10,2025-11-25,Adhesives,62,21536.45,P014
T001854,23,2025-11-25,Construction Chemicals,48,66869.12,P017
T001855,38,2025-11-25,Adhesives,36,12401.37,P010
T001856,110,2025-11-25,Construction Chemicals,29,37131.07,P024
T001857,71,2025-11-25,Sealants,17,9378.23,P024
T001858,99,2025-11-25,Industrial Resins,28,55486.4,P012
T001859,26,2025-11-25,Sealants,15,9831.31,P022
T001860,39,2025-11-26,Adhesives,65,21538.52,P011
T001861,5,2025-11-26,Sealants,106,58763.8,P023
T001862,110,2025-11-26,Construction Chemicals,68,96856.47,P024
T001863,15,2025-11-26,Adhesives,16,5892.41,P004
T001864,12,2025-11-27,Sealants,81,53398.3,P024
T001865,101,2025-11-27,Sealants,63,39691.36,P018
T001866,23,2025-11-27,Construction Chemicals,38,49090.07,P017
T001867,84,2025-11-27,Sealants,35,22070.95,P018
T001868,93,2025-11-27,Industrial Resins,12,25514.23,P012
T001869,30,2025-11-27,Adhesives,43,16053.59,P010
T001870,115,2025-11-28,Sealants,72,40541.69,P004
T001871,103,2025-11-28,Adhesives,83,26587.52,P010
T001872,12,2025-11-28,Construction Chemicals,70,107660.46,P024
T001873,12,2025-11-28,Construction Chemicals,8,12148.7,P024
T001874,5,2025-11-28,Construction Chemicals,72,94222.32,P023
T001875,5,2025-11-28,Sealants,43,24662.86,P023
T001876,38,2025-11-28,Industrial Resins,30,56103.56,P010
T001877,9,2025-11-28,Sealants,24,13992.79,P020
T001878,2,2025-11-28,Construction Chemicals,30,42978.32,P018
T001879,90,2025-11-28,Construction Chemicals,33,42929.74,P020
T001880,57,2025-11-28,Adhesives,18,6205.2,P012
T001881,10,2025-11-29,Adhesives,53,16781.29,P014
T001882,12,2025-11-29,Construction Chemicals,66,101317.55,P024
T001883,101,2025-11-29,Construction Chemicals,36,45987.44,P018
T001884,102,2025-11-29,Sealants,31,20552.63,P024
T001885,48,2025-11-29,Construction Chemicals,8,10834.55,P017
T001886,5,2025-11-30,Construction Chemicals,39,58858.44,P023
T001887,5,2025-11-30,Sealants,41,25863.83,P023
T001888,110,2025-11-30,Sealants,1,566.26,P024
T001889,104,2025-11-30,Adhesives,35,10942.68,P014
T001890,37,2025-11-30,Sealants,33,21303.29,P026
T001891,10,2025-12-01,Industrial Resins,23,42898.12,P014
T001892,12,2025-12-01,Sealants,35,19096.54,P024
T001893,75,2025-12-01,Sealants,24,15152.45,P020
T001894,115,2025-12-02,Art & Craft,39,7568.12,P004
T001895,10,2025-12-02,Industrial Resins,70,159400.42,P014
T001896,10,2025-12-02,Industrial Resins,39,80700.12,P014
T001897,101,2025-12-02,Construction Chemicals,31,43949.62,P018
T001898,23,2025-12-02,Sealants,40,22087.66,P017
T001899,23,2025-12-02,Sealants,38,24293.24,P017
T001900,38,2025-12-02,Industrial Resins,14,27289.16,P010
T001901,9,2025-12-02,Sealants,32,21456.34,P020
T001902,56,2025-12-02,Construction Chemicals,30,44167.22,P016
T001903,15,2025-12-02,Adhesives,35,12495.85,P004
T001904,61,2025-12-02,Sealants,23,15063.75,P017
T001905,103,2025-12-03,Adhesives,78,29418.48,P010
T001906,10,2025-12-03,Industrial Resins,53,111894.17,P014
T001907,10,2025-12-03,Adhesives,91,31025.07,P014
T001908,12,2025-12-03,Sealants,77,52152.5,P024
T001909,110,2025-12-03,Sealants,34,20380.76,P024
T001910,95,2025-12-03,Sealants,22,14410.54,P008
T001911,52,2025-12-03,Adhesives,36,13570.93,P011
T001912,115,2025-12-04,Sealants,4,2700.12,P004
T001913,10,2025-12-04,Industrial Resins,70,147003.74,P014
T001914,5,2025-12-04,Construction Chemicals,59,79847.28,P023
T001915,110,2025-12-04,Construction Chemicals,34,44863.4,P024
T001916,110,2025-12-04,Sealants,42,26480.84,P024
T001917,78,2025-12-04,Adhesives,11,4214.06,P010
T001918,26,2025-12-04,Construction Chemicals,26,37338.95,P022
T001919,14,2025-12-04,Sealants,11,6355.46,P005
T001920,115,2025-12-05,Adhesives,73,27573.5,P004
T001921,103,2025-12-05,Industrial Resins,31,63963.75,P010
T001922,5,2025-12-05,Sealants,31,20681.67,P023
T001923,120,2025-12-05,Adhesives,40,14166.43,P014
T001924,104,2025-12-05,Adhesives,32,11825.53,P014
T001925,83,2025-12-05,Adhesives,30,10417.62,P011
T001926,103,2025-12-06,Industrial Resins,74,162194.65,P010
T001927,10,2025-12-06,Adhesives,54,20988.82,P014
T001928,39,2025-12-06,Industrial Resins,9,16982.28,P011
T001929,39,2025-12-06,Adhesives,39,14212.61,P011
T001930,5,2025-12-06,Sealants,77,52039.36,P023
T001931,13,2025-12-06,Adhesives,66,24196.04,P010
T001932,38,2025-12-06,Adhesives,9,3344.14,P010
T001933,38,2025-12-06,Adhesives,58,22053.56,P010
T001934,110,2025-12-06,Construction Chemicals,51,69611.47,P024
T001935,108,2025-12-06,Sealants,5,2984.77,P005
T001936,53,2025-12-06,Sealants,23,15097.5,P023
T001937,76,2025-12-06,Construction Chemicals,37,51283.08,P026
T001938,33,2025-12-06,Sealants,8,5492.56,P016
T001939,70,2025-12-07,Sealants,19,10915.47,P017
T001940,2,2025-12-07,Sealants,27,16043.29,P018
T001941,30,2025-12-07,Adhesives,18,6196.34,P010
T001942,89,2025-12-07,Construction Chemicals,27,36100.23,P026
T001943,19,2025-12-07,Industrial Resins,34,69634.96,P011
T001944,103,2025-12-08,Adhesives,22,8473.44,P010
T001945,39,2025-12-08,Industrial Resins,19,40291.66,P011
T001946,23,2025-12-08,Construction Chemicals,80,123855.63,P017
T001947,13,2025-12-08,Adhesives,94,35188.23,P010
T001948,115,2025-12-09,Adhesives,88,27540.99,P004
T001949,38,2025-12-09,Adhesives,3,937.48,P010
T001950,71,2025-12-09,Sealants,14,9501.42,P024
T001951,14,2025-12-09,Adhesives,14,4621.24,P005
T001952,76,2025-12-09,Sealants,47,30671.42,P026
T001953,3,2025-12-10,Construction Chemicals,31,44867.79,P017
T001954,37,2025-12-10,Sealants,40,26897.84,P026
T001955,27,2025-12-10,Adhesives,22,7227.12,P006
T001956,72,2025-12-10,Industrial Resins,4,9382.04,P010
T001957,101,2025-12-11,Sealants,30,18187.78,P018
T001958,80,2025-12-11,Industrial Resins,31,57880.93,P010
T001959,53,2025-12-11,Construction Chemicals,37,52161.26,P023
T001960,12,2025-12-12,Construction Chemicals,23,34914.47,P024
T001961,13,2025-12-12,Industrial Resins,11,20508.24,P010
T001962,38,2025-12-12,Industrial Resins,97,205410.7,P010
T001963,38,2025-12-12,Adhesives,26,9995.83,P010
T001964,110,2025-12-12,Sealants,58,33675.86,P024
T001965,83,2025-12-12,Industrial Resins,36,82473.77,P011
T001966,69,2025-12-12,Industrial Resins,37,68726.36,P011
T001967,103,2025-12-13,Industrial Resins,63,116804.93,P010
T001968,10,2025-12-13,Adhesives,80,28371.16,P014
T001969,101,2025-12-13,Construction Chemicals,75,120674.52,P018
T001970,5,2025-12-13,Sealants,41,22887.15,P023
T001971,23,2025-12-13,Construction Chemicals,79,125850.6,P017
T001972,84,2025-12-13,Sealants,35,19871.08,P018
T001973,102,2025-12-13,Sealants,5,3315.34,P024
T001974,68,2025-12-13,Sealants,20,11099.03,P024
T001975,27,2025-12-13,Sealants,43,26022.0,P006
T001976,10,2025-12-14,Industrial Resins,16,30735.37,P014
T001977,23,2025-12-14,Sealants,126,71056.99,P017
T001978,13,2025-12-14,Adhesives,56,20385.04,P010
T001979,13,2025-12-14,Adhesives,50,19081.46,P010
T001980,116,2025-12-14,Art & Craft,29,5528.68,P004
T001981,90,2025-12-14,Construction Chemicals,16,21537.5,P020
T001982,5,2025-12-15,Construction Chemicals,35,48767.11,P023
T001983,3,2025-12-15,Construction Chemicals,100,152905.8,P017
T001984,3,2025-12-15,Sealants,55,35402.14,P017
T001985,110,2025-12-15,Construction Chemicals,34,43416.95,P024
T001986,23,2025-12-16,Sealants,60,34353.82,P017
T001987,3,2025-12-16,Sealants,51,31447.28,P017
T001988,71,2025-12-16,Construction Chemicals,41,54711.3,P024
T001989,116,2025-12-16,Adhesives,36,12063.92,P004
T001990,1,2025-12-16,Sealants,36,22326.57,P004
T001991,103,2025-12-17,Adhesives,1,336.51,P010
T001992,39,2025-12-17,Adhesives,66,23988.13,P011
T001993,3,2025-12-17,Construction Chemicals,43,62033.65,P017
T001994,3,2025-12-17,Sealants,27,16168.69,P017
T001995,106,2025-12-17,Sealants,19,10538.41,P016
T001996,115,2025-12-18,Sealants,79,47832.66,P004
T001997,10,2025-12-18,Adhesives,65,21993.81,P014
T001998,101,2025-12-18,Construction Chemicals,47,62044.84,P018
T001999,5,2025-12-18,Construction Chemicals,60,95786.77,P023
T002000,5,2025-12-18,Construction Chemicals,54,74582.06,P023
T002001,23,2025-12-18,Construction Chemicals,56,90397.58,P017
T002002,13,2025-12-18,Industrial Resins,29,59539.82,P010
T002003,120,2025-12-18,Industrial Resins,16,31472.09,P014
T002004,103,2025-12-19,Industrial Resins,56,113323.83,P010
T002005,39,2025-12-19,Industrial Resins,25,55257.63,P011
T002006,13,2025-12-19,Adhesives,92,29207.82,P010
T002007,116,2025-12-19,Sealants,21,12269.28,P004
T002008,27,2025-12-19,Art & Craft,10,1922.87,P006
T002009,39,2025-12-20,Industrial Resins,70,145134.59,P011
T002010,55,2025-12-20,Industrial Resins,30,58385.89,P010
T002011,12,2025-12-21,Construction Chemicals,62,83163.2,P024
T002012,12,2025-12-21,Sealants,16,10006.12,P024
T002013,23,2025-12-21,Construction Chemicals,32,45375.47,P017
T002014,13,2025-12-21,Industrial Resins,43,93840.57,P010
T002015,110,2025-12-21,Construction Chemicals,47,66804.48,P024
T002016,110,2025-12-21,Sealants,71,41322.59,P024
T002017,63,2025-12-21,Art & Craft,17,3266.07,P008
T002018,115,2025-12-22,Adhesives,41,15783.89,P004
T002019,90,2025-12-22,Sealants,36,23378.06,P020
T002020,10,2025-12-23,Adhesives,45,16094.49,P014
T002021,12,2025-12-23,Construction Chemicals,46,62994.27,P024
T002022,101,2025-12-23,Construction Chemicals,40,55178.77,P018
T002023,23,2025-12-23,Construction Chemicals,98,132968.0,P017
T002024,38,2025-12-23,Industrial Resins,3,5959.33,P010
T002025,82,2025-12-23,Sealants,9,4927.08,P018
T002026,12,2025-12-24,Construction Chemicals,51,68551.78,P024
T002027,101,2025-12-24,Sealants,25,14586.95,P018
T002028,3,2025-12-24,Construction Chemicals,73,113492.91,P017
T002029,91,2025-12-24,Adhesives,38,12841.49,P008
T002030,115,2025-12-25,Art & Craft,42,8057.92,P004
T002031,103,2025-12-25,Industrial Resins,89,166358.73,P010
T002032,39,2025-12-25,Adhesives,60,22964.67,P011
T002033,5,2025-12-25,Sealants,77,46697.65,P023
T002034,3,2025-12-25,Construction Chemicals,76,111622.74,P017
T002035,102,2025-12-25,Construction Chemicals,1,1420.48,P024
T002036,2,2025-12-25,Construction Chemicals,18,28428.62,P018
T002037,26,2025-12-25,Sealants,27,15426.48,P022
T002038,34,2025-12-25,Construction Chemicals,8,10509.81,P020
T002039,46,2025-12-25,Adhesives,30,9349.1,P010
T002040,12,2025-12-26,Sealants,49,31047.46,P024
T002041,101,2025-12-26,Sealants,86,48575.2,P018
T002042,13,2025-12-26,Industrial Resins,72,142938.73,P010
T002043,38,2025-12-26,Industrial Resins,39,82984.62,P010
T002044,110,2025-12-26,Sealants,62,34975.95,P024
T002045,60,2025-12-26,Adhesives,16,5972.98,P004
T002046,56,2025-12-26,Sealants,28,17753.45,P016
T002047,93,2025-12-26,Industrial Resins,10,22639.59,P012
T002048,12,2025-12-27,Construction Chemicals,16,21038.15,P024
T002049,5,2025-12-27,Construction Chemicals,9,13069.71,P023
T002050,38,2025-12-27,Industrial Resins,43,91777.73,P010
T002051,99,2025-12-27,Adhesives,48,17602.15,P012
T002052,78,2025-12-27,Industrial Resins,15,34945.84,P010
T002053,75,2025-12-27,Construction Chemicals,37,57040.79,P020
T002054,30,2025-12-27,Industrial Resins,25,54536.28,P010
T002055,101,2025-12-28,Sealants,75,41664.54,P018
T002056,13,2025-12-28,Industrial Resins,24,52215.66,P010
T002057,77,2025-12-28,Construction Chemicals,36,48202.2,P020
T002058,70,2025-12-28,Construction Chemicals,21,32950.93,P017
T002059,47,2025-12-28,Sealants,46,30010.91,P018
T002060,103,2025-12-29,Adhesives,63,23366.1,P010
T002061,12,2025-12-29,Sealants,38,20973.79,P024
T002062,39,2025-12-29,Adhesives,72,23292.91,P011
T002063,39,2025-12-29,Adhesives,100,36129.22,P011
T002064,34,2025-12-29,Sealants,26,17857.31,P020
T002065,55,2025-12-29,Adhesives,41,14400.35,P010
T002066,48,2025-12-29,Construction Chemicals,30,47340.65,P017
T002067,39,2025-12-30,Industrial Resins,58,116026.42,P011
T002068,3,2025-12-30,Sealants,23,13321.2,P017
T002069,110,2025-12-30,Construction Chemicals,32,43875.13,P024
T002070,84,2025-12-30,Construction Chemicals,24,33543.64,P018
T002071,106,2025-12-30,Construction Chemicals,27,38841.53,P016
T002072,108,2025-12-30,Adhesives,20,6887.15,P005
T002073,72,2025-12-30,Adhesives,13,5062.94,P010
T002074,115,2025-12-31,Sealants,78,52393.19,P004
T002075,101,2025-12-31,Construction Chemicals,80,120286.0,P018
T002076,101,2025-12-31,Sealants,63,41487.96,P018
T002077,5,2025-12-31,Sealants,101,63420.97,P023
T002078,99,2025-12-31,Industrial Resins,18,41357.34,P012
T002079,86,2025-12-31,Construction Chemicals,19,29031.39,P018
T002080,115,2026-01-01,Art & Craft,73,12355.44,P004
T002081,10,2026-01-01,Adhesives,39,12440.74,P014
T002082,13,2026-01-01,Industrial Resins,116,250496.9,P010
T002083,3,2026-01-01,Construction Chemicals,75,121015.85,P017
T002084,110,2026-01-01,Construction Chemicals,56,79263.36,P024
T002085,101,2026-01-02,Construction Chemicals,98,138174.29,P018
T002086,110,2026-01-02,Sealants,46,28593.67,P024
T002087,60,2026-01-02,Adhesives,41,15167.08,P004
T002088,99,2026-01-02,Industrial Resins,51,108850.69,P012
T002089,62,2026-01-02,Art & Craft,16,3113.23,P005
T002090,92,2026-01-02,Construction Chemicals,25,38764.4,P026
T002091,12,2026-01-03,Construction Chemicals,64,82836.25,P024
T002092,23,2026-01-03,Construction Chemicals,65,85485.11,P017
T002093,13,2026-01-03,Adhesives,48,17417.02,P010
T002094,3,2026-01-03,Construction Chemicals,12,16238.18,P017
T002095,38,2026-01-03,Adhesives,73,28481.09,P010
T002096,104,2026-01-03,Adhesives,9,3006.62,P014
T002097,14,2026-01-03,Adhesives,26,8536.67,P005
T002098,115,2026-01-04,Sealants,54,32803.96,P004
T002099,103,2026-01-04,Adhesives,52,18535.85,P010
T002100,71,2026-01-04,Construction Chemicals,21,32897.42,P024
T002101,27,2026-01-04,Adhesives,28,8734.92,P006
T002102,97,2026-01-04,Construction Chemicals,23,32680.39,P016
T002103,11,2026-01-04,Construction Chemicals,22,29235.98,P026
T002104,51,2026-01-04,Construction Chemicals,1,1362.04,P018
T002105,103,2026-01-05,Industrial Resins,82,153026.65,P010
T002106,23,2026-01-05,Sealants,61,34571.83,P017
T002107,78,2026-01-05,Industrial Resins,19,43558.69,P010
T002108,115,2026-01-06,Sealants,56,31417.84,P004
T002109,103,2026-01-06,Industrial Resins,50,95424.36,P010
T002110,10,2026-01-06,Adhesives,86,28871.09,P014
T002111,101,2026-01-06,Sealants,96,66172.77,P018
T002112,23,2026-01-06,Sealants,55,37876.95,P017
T002113,13,2026-01-06,Industrial Resins,9,18831.94,P010
T002114,13,2026-01-06,Industrial Resins,34,76729.2,P010
T002115,120,2026-01-06,Adhesives,19,7309.93,P014
T002116,68,2026-01-06,Sealants,20,11632.83,P024
T002117,27,2026-01-06,Sealants,35,23138.67,P006
T002118,13,2026-01-07,Adhesives,87,33373.02,P010
T002119,3,2026-01-07,Construction Chemicals,91,122184.51,P017
T002120,39,2026-01-08,Industrial Resins,50,114475.84,P011
T002121,39,2026-01-08,Industrial Resins,47,88882.88,P011
T002122,38,2026-01-08,Adhesives,12,4107.4,P010
T002123,110,2026-01-08,Sealants,74,43325.47,P024
T002124,93,2026-01-08,Adhesives,29,9213.57,P012
T002125,115,2026-01-09,Adhesives,1,318.32,P004
T002126,12,2026-01-09,Construction Chemicals,1,1491.0,P024
T002127,39,2026-01-09,Industrial Resins,69,141522.88,P011
T002128,23,2026-01-09,Construction Chemicals,73,95883.24,P017
T002129,38,2026-01-09,Industrial Resins,54,101994.84,P010
T002130,108,2026-01-09,Sealants,33,20008.19,P005
T002131,53,2026-01-09,Sealants,28,17128.42,P023
T002132,45,2026-01-09,Adhesives,41,15032.5,P011
T002133,101,2026-01-10,Construction Chemicals,39,53871.74,P018
T002134,101,2026-01-10,Construction Chemicals,41,54845.53,P018
T002135,23,2026-01-10,Sealants,68,46649.4,P017
T002136,55,2026-01-10,Adhesives,23,7981.55,P010
T002137,103,2026-01-11,Industrial Resins,9,17435.93,P010
T002138,10,2026-01-11,Industrial Resins,31,70410.06,P014
T002139,38,2026-01-11,Industrial Resins,35,81229.01,P010
T002140,102,2026-01-11,Sealants,18,11565.93,P024
T002141,99,2026-01-11,Adhesives,12,4563.57,P012
T002142,40,2026-01-11,Construction Chemicals,22,30809.97,P022
T002143,10,2026-01-12,Industrial Resins,72,149358.09,P014
T002144,38,2026-01-12,Industrial Resins,36,80767.23,P010
T002145,38,2026-01-12,Adhesives,43,13508.56,P010
T002146,110,2026-01-12,Construction Chemicals,133,210233.41,P024
T002147,10,2026-01-13,Adhesives,7,2205.29,P014
T002148,13,2026-01-13,Adhesives,69,24044.52,P010
T002149,3,2026-01-13,Sealants,70,38332.64,P017
T002150,2,2026-01-13,Sealants,29,19255.31,P018
T002151,68,2026-01-13,Construction Chemicals,24,35484.31,P024
T002152,27,2026-01-13,Art & Craft,20,3454.9,P006
T002153,10,2026-01-14,Industrial Resins,51,116671.35,P014
T002154,101,2026-01-14,Construction Chemicals,67,88929.32,P018
T002155,13,2026-01-14,Industrial Resins,1,1968.78,P010
T002156,3,2026-01-14,Sealants,89,49515.06,P017
T002157,110,2026-01-14,Sealants,88,52862.09,P024
T002158,53,2026-01-14,Construction Chemicals,9,12968.92,P023
T002159,90,2026-01-14,Construction Chemicals,42,58472.85,P020
T002160,115,2026-01-15,Art & Craft,32,6004.64,P004
T002161,5,2026-01-15,Construction Chemicals,52,69978.77,P023
T002162,80,2026-01-15,Industrial Resins,22,41891.82,P010
T002163,70,2026-01-15,Sealants,33,18902.96,P017
T002164,40,2026-01-15,Sealants,31,18869.27,P022
T002165,111,2026-01-15,Art & Craft,29,5180.04,P006
T002166,39,2026-01-16,Industrial Resins,37,85764.38,P011
T002167,39,2026-01-16,Adhesives,71,26814.11,P011
T002168,101,2026-01-16,Sealants,26,15801.04,P018
T002169,13,2026-01-16,Industrial Resins,15,28989.47,P010
T002170,38,2026-01-16,Industrial Resins,40,82240.82,P010
T002171,38,2026-01-16,Adhesives,43,13791.76,P010
T002172,60,2026-01-16,Sealants,15,9528.31,P004
T002173,80,2026-01-16,Adhesives,25,9007.37,P010
T002174,102,2026-01-16,Construction Chemicals,46,65110.27,P024
T002175,103,2026-01-17,Industrial Resins,1,1996.02,P010
T002176,5,2026-01-17,Construction Chemicals,43,55872.33,P023
T002177,5,2026-01-17,Sealants,73,50208.69,P023
T002178,30,2026-01-17,Adhesives,29,8946.11,P010
T002179,31,2026-01-17,Sealants,46,28291.81,P006
T002180,39,2026-01-18,Adhesives,86,26927.47,P011
T002181,101,2026-01-18,Sealants,86,57922.68,P018
T002182,3,2026-01-18,Construction Chemicals,1,1529.75,P017
T002183,83,2026-01-18,Adhesives,22,6947.1,P011
T002184,34,2026-01-18,Construction Chemicals,45,71382.84,P020
T002185,93,2026-01-18,Industrial Resins,33,62506.35,P012
T002186,115,2026-01-19,Adhesives,67,25614.61,P004
T002187,115,2026-01-19,Art & Craft,76,12359.7,P004
T002188,103,2026-01-19,Industrial Resins,23,53101.2,P010
T002189,38,2026-01-19,Adhesives,47,15667.45,P010
T002190,83,2026-01-19,Industrial Resins,25,57734.29,P011
T002191,2,2026-01-19,Construction Chemicals,4,6319.67,P018
T002192,95,2026-01-19,Art & Craft,25,4502.94,P008
T002193,10,2026-01-20,Industrial Resins,78,172297.63,P014
T002194,5,2026-01-20,Sealants,71,46972.1,P023
T002195,5,2026-01-20,Sealants,30,17780.28,P023
T002196,3,2026-01-20,Sealants,83,47898.94,P017
T002197,114,2026-01-20,Sealants,1,607.06,P024
T002198,103,2026-01-21,Adhesives,83,30300.96,P010
T002199,12,2026-01-21,Sealants,53,28980.54,P024
T002200,39,2026-01-21,Industrial Resins,70,150204.15,P011
T002201,13,2026-01-21,Adhesives,36,12080.2,P010
T002202,84,2026-01-21,Construction Chemicals,21,27514.21,P018
T002203,9,2026-01-21,Sealants,48,32891.09,P020
T002204,18,2026-01-21,Industrial Resins,33,77405.87,P011
T002205,113,2026-01-21,Adhesives,28,10277.97,P004
T002206,3,2026-01-22,Sealants,17,11567.24,P017
T002207,38,2026-01-22,Industrial Resins,64,136964.93,P010
T002208,77,2026-01-22,Sealants,28,15631.56,P020
T002209,23,2026-01-23,Construction Chemicals,52,71038.38,P017
T002210,110,2026-01-23,Construction Chemicals,27,43210.23,P024
T002211,120,2026-01-23,Industrial Resins,28,63188.35,P014
T002212,37,2026-01-23,Sealants,15,8856.87,P026
T002213,75,2026-01-23,Sealants,24,13160.67,P020
T002214,115,2026-01-24,Adhesives,75,25569.24,P004
T002215,10,2026-01-24,Adhesives,61,19763.75,P014
T002216,101,2026-01-24,Sealants,28,17099.4,P018
T002217,71,2026-01-24,Sealants,20,11851.65,P024
T002218,14,2026-01-24,Art & Craft,18,2918.34,P005
T002219,32,2026-01-24,Sealants,46,29839.84,P016
T002220,12,2026-01-25,Sealants,56,37930.88,P024
T002221,5,2026-01-25,Construction Chemicals,46,70057.5,P023
T002222,13,2026-01-25,Adhesives,75,26044.79,P010
T002223,60,2026-01-25,Art & Craft,22,4146.36,P004
T002224,108,2026-01-25,Art & Craft,25,4884.47,P005
T002225,82,2026-01-25,Construction Chemicals,11,16426.63,P018
T002226,19,2026-01-25,Industrial Resins,17,34045.76,P011
T002227,12,2026-01-26,Sealants,51,30287.99,P024
T002228,39,2026-01-26,Adhesives,73,25560.32,P011
T002229,5,2026-01-26,Sealants,47,30113.04,P023
T002230,110,2026-01-26,Sealants,71,48873.54,P024
T002231,104,2026-01-26,Industrial Resins,39,80590.69,P014
T002232,26,2026-01-26,Sealants,22,14794.4,P022
T002233,30,2026-01-26,Industrial Resins,51,107802.85,P010
T002234,10,2026-01-27,Adhesives,45,17293.09,P014
T002235,12,2026-01-27,Sealants,28,16002.93,P024
T002236,5,2026-01-27,Sealants,61,33821.68,P023
T002237,84,2026-01-27,Sealants,21,12526.2,P018
T002238,75,2026-01-27,Construction Chemicals,20,27019.98,P020
T002239,90,2026-01-27,Sealants,37,24859.97,P020
T002240,92,2026-01-27,Sealants,22,12649.82,P026
T002241,41,2026-01-27,Adhesives,23,8518.1,P014
T002242,12,2026-01-28,Construction Chemicals,31,43619.8,P024
T002243,23,2026-01-28,Construction Chemicals,87,134010.26,P017
T002244,56,2026-01-28,Sealants,37,24945.03,P016
T002245,72,2026-01-28,Adhesives,27,10060.19,P010
T002246,103,2026-01-29,Industrial Resins,53,100746.55,P010
T002247,103,2026-01-29,Adhesives,25,8535.71,P010
T002248,103,2026-01-29,Adhesives,71,23900.09,P010
T002249,23,2026-01-29,Sealants,37,25523.37,P017
T002250,88,2026-01-29,Construction Chemicals,14,19649.24,P024
T002251,115,2026-01-30,Sealants,95,65885.17,P004
T002252,103,2026-01-30,Adhesives,49,16928.15,P010
T002253,12,2026-01-30,Construction Chemicals,48,75675.55,P024
T002254,39,2026-01-30,Adhesives,112,40854.99,P011
T002255,77,2026-01-30,Construction Chemicals,19,27253.57,P020
T002256,10,2026-01-31,Industrial Resins,25,47563.34,P014
T002257,5,2026-01-31,Construction Chemicals,110,176630.62,P023
T002258,110,2026-01-31,Construction Chemicals,34,44983.63,P024
T002259,12,2026-02-01,Construction Chemicals,34,49744.6,P024
T002260,12,2026-02-01,Sealants,36,24040.86,P024
T002261,39,2026-02-01,Adhesives,46,15004.53,P011
T002262,13,2026-02-01,Industrial Resins,20,43683.57,P010
T002263,3,2026-02-01,Construction Chemicals,41,55584.89,P017
T002264,38,2026-02-01,Adhesives,47,14832.01,P010
T002265,2,2026-02-01,Sealants,20,13476.47,P018
T002266,108,2026-02-01,Adhesives,33,12001.13,P005
T002267,3,2026-02-02,Sealants,47,29485.41,P017
T002268,26,2026-02-02,Sealants,25,16091.91,P022
T002269,34,2026-02-02,Construction Chemicals,13,18965.33,P020
T002270,48,2026-02-02,Sealants,34,21954.99,P017
T002271,58,2026-02-02,Construction Chemicals,33,47293.49,P016
T002272,39,2026-02-03,Adhesives,93,30091.3,P011
T002273,101,2026-02-03,Sealants,48,30161.45,P018
T002274,23,2026-02-03,Construction Chemicals,34,54992.5,P017
T002275,3,2026-02-03,Construction Chemicals,63,84932.95,P017
T002276,38,2026-02-03,Industrial Resins,40,76800.19,P010
T002277,110,2026-02-03,Construction Chemicals,71,99868.58,P024
T002278,56,2026-02-03,Sealants,24,14027.34,P016
T002279,50,2026-02-03,Adhesives,21,6756.05,P012
T002280,10,2026-02-04,Adhesives,55,19730.08,P014
T002281,5,2026-02-04,Sealants,60,39106.12,P023
T002282,13,2026-02-04,Industrial Resins,26,57829.58,P010
T002283,9,2026-02-04,Sealants,28,18962.03,P020
T002284,83,2026-02-04,Industrial Resins,24,44500.0,P011
T002285,90,2026-02-04,Sealants,35,23991.67,P020
T002286,115,2026-02-05,Sealants,51,31197.46,P004
T002287,115,2026-02-05,Sealants,126,84091.34,P004
T002288,103,2026-02-05,Industrial Resins,28,57006.85,P010
T002289,23,2026-02-05,Sealants,20,11452.86,P017
T002290,77,2026-02-05,Sealants,33,22223.34,P020
T002291,80,2026-02-05,Industrial Resins,19,41965.4,P010
T002292,26,2026-02-05,Construction Chemicals,21,33780.54,P022
T002293,14,2026-02-05,Sealants,19,10609.29,P005
T002294,47,2026-02-05,Sealants,49,28096.6,P018
T002295,5,2026-02-06,Construction Chemicals,7,10172.66,P023
T002296,5,2026-02-06,Sealants,45,27335.22,P023
T002297,23,2026-02-06,Sealants,17,9377.54,P017
T002298,3,2026-02-06,Construction Chemicals,38,56724.63,P017
T002299,53,2026-02-06,Construction Chemicals,40,61658.48,P023
T002300,103,2026-02-07,Industrial Resins,6,13816.06,P010
T002301,103,2026-02-07,Adhesives,43,16559.43,P010
T002302,10,2026-02-07,Industrial Resins,27,61279.6,P014
T002303,10,2026-02-07,Adhesives,19,7116.17,P014
T002304,5,2026-02-07,Sealants,10,6877.25,P023
T002305,110,2026-02-07,Construction Chemicals,33,53316.51,P024
T002306,68,2026-02-07,Sealants,36,21625.68,P024
T002307,10,2026-02-09,Industrial Resins,62,129708.6,P014
T002308,10,2026-02-09,Industrial Resins,47,92833.65,P014
T002309,12,2026-02-09,Construction Chemicals,27,39518.73,P024
T002310,12,2026-02-09,Sealants,48,31595.95,P024
T002311,5,2026-02-09,Construction Chemicals,69,92714.02,P023
T002312,104,2026-02-09,Adhesives,1,349.47,P014
T002313,95,2026-02-09,Art & Craft,14,2298.56,P008
T002314,41,2026-02-09,Adhesives,20,7383.96,P014
T002315,115,2026-02-10,Adhesives,58,22057.25,P004
T002316,115,2026-02-10,Sealants,68,44665.58,P004
T002317,39,2026-02-10,Adhesives,23,7481.45,P011
T002318,23,2026-02-10,Construction Chemicals,49,68753.9,P017
T002319,57,2026-02-10,Adhesives,10,3146.45,P012
T002320,115,2026-02-11,Art & Craft,38,6504.13,P004
T002321,103,2026-02-11,Adhesives,55,18085.89,P010
T002322,39,2026-02-11,Industrial Resins,43,100218.1,P011
T002323,5,2026-02-11,Construction Chemicals,75,96209.3,P023
T002324,5,2026-02-11,Sealants,19,12412.56,P023
T002325,23,2026-02-11,Sealants,84,56401.36,P017
T002326,13,2026-02-11,Adhesives,64,24891.15,P010
T002327,116,2026-02-11,Sealants,28,18053.72,P004
T002328,84,2026-02-11,Sealants,11,6035.37,P018
T002329,77,2026-02-11,Construction Chemicals,34,44098.88,P020
T002330,60,2026-02-11,Art & Craft,26,4483.3,P004
T002331,76,2026-02-11,Construction Chemicals,21,30579.81,P026
T002332,115,2026-02-12,Adhesives,54,16706.37,P004
T002333,10,2026-02-12,Adhesives,33,12115.01,P014
T002334,12,2026-02-12,Sealants,48,30180.99,P024
T002335,5,2026-02-12,Construction Chemicals,55,83941.44,P023
T002336,23,2026-02-12,Construction Chemicals,48,63397.58,P017
T002337,106,2026-02-12,Sealants,51,29784.34,P016
T002338,9,2026-02-12,Construction Chemicals,36,56527.61,P020
T002339,80,2026-02-12,Adhesives,28,8974.32,P010
T002340,115,2026-02-13,Adhesives,51,18708.82,P004
T002341,101,2026-02-13,Sealants,18,10082.88,P018
T002342,52,2026-02-13,Industrial Resins,33,61159.72,P011
T002343,22,2026-02-13,Sealants,40,25499.82,P026
T002344,10,2026-02-14,Industrial Resins,85,181443.89,P014
T002345,10,2026-02-14,Adhesives,45,15782.22,P014
T002346,39,2026-02-14,Industrial Resins,32,67825.57,P011
T002347,39,2026-02-14,Industrial Resins,31,67004.54,P011
T002348,38,2026-02-14,Industrial Resins,41,90428.14,P010
T002349,38,2026-02-14,Industrial Resins,24,45914.23,P010
T002350,116,2026-02-14,Art & Craft,41,7326.22,P004
T002351,102,2026-02-14,Sealants,12,6782.49,P024
T002352,34,2026-02-14,Sealants,21,13163.6,P020
T002353,90,2026-02-14,Construction Chemicals,1,1473.63,P020
T002354,103,2026-02-15,Industrial Resins,68,140720.29,P010
T002355,12,2026-02-15,Construction Chemicals,43,56183.37,P024
T002356,38,2026-02-15,Industrial Resins,57,120549.12,P010
T002357,38,2026-02-15,Adhesives,66,25613.84,P010
T002358,116,2026-02-15,Adhesives,24,7490.13,P004
T002359,83,2026-02-15,Adhesives,24,8131.45,P011
T002360,27,2026-02-15,Adhesives,10,3610.79,P006
T002361,27,2026-02-15,Sealants,31,19654.48,P006
T002362,103,2026-02-16,Adhesives,40,15416.82,P010
T002363,39,2026-02-16,Industrial Resins,39,72116.61,P011
T002364,5,2026-02-16,Sealants,41,25293.08,P023
T002365,23,2026-02-16,Construction Chemicals,127,172117.65,P017
T002366,38,2026-02-16,Industrial Resins,99,222489.8,P010
T002367,110,2026-02-16,Sealants,80,53013.11,P024
T002368,99,2026-02-16,Adhesives,35,12788.67,P012
T002369,70,2026-02-16,Sealants,43,27279.37,P017
T002370,2,2026-02-16,Construction Chemicals,27,36334.79,P018
T002371,95,2026-02-16,Sealants,19,11632.39,P008
T002372,76,2026-02-16,Sealants,37,24126.99,P026
T002373,68,2026-02-17,Construction Chemicals,36,54549.25,P024
T002374,81,2026-02-17,Adhesives,21,7232.92,P008
T002375,101,2026-02-18,Sealants,18,10622.7,P018
T002376,38,2026-02-18,Adhesives,35,13158.41,P010
T002377,108,2026-02-18,Sealants,29,17708.91,P005
T002378,12,2026-02-19,Construction Chemicals,48,75483.7,P024
T002379,3,2026-02-19,Sealants,39,23759.79,P017
T002380,93,2026-02-19,Industrial Resins,27,58237.54,P012
T002381,92,2026-02-19,Construction Chemicals,34,49631.88,P026
T002382,115,2026-02-20,Art & Craft,49,9307.0,P004
T002383,10,2026-02-20,Adhesives,78,29599.03,P014
T002384,101,2026-02-20,Sealants,60,36978.34,P018
T002385,13,2026-02-20,Industrial Resins,72,150476.46,P010
T002386,13,2026-02-20,Adhesives,28,9587.92,P010
T002387,13,2026-02-20,Adhesives,41,12870.35,P010
T002388,110,2026-02-20,Construction Chemicals,8,12782.27,P024
T002389,111,2026-02-20,Adhesives,16,5045.69,P006
T002390,12,2026-02-21,Sealants,23,14163.78,P024
T002391,101,2026-02-21,Construction Chemicals,36,53540.07,P018
T002392,37,2026-02-21,Sealants,35,21029.4,P026
T002393,102,2026-02-21,Construction Chemicals,30,48560.1,P024
T002394,56,2026-02-21,Construction Chemicals,31,49868.41,P016
T002395,103,2026-02-22,Industrial Resins,23,46300.93,P010
T002396,3,2026-02-22,Construction Chemicals,59,75575.52,P017
T002397,3,2026-02-22,Sealants,27,17482.02,P017
T002398,38,2026-02-22,Adhesives,92,32937.77,P010
T002399,38,2026-02-22,Adhesives,88,31736.45,P010
T002400,110,2026-02-22,Construction Chemicals,46,69110.46,P024
T002401,60,2026-02-22,Adhesives,23,7912.47,P004
T002402,12,2026-02-23,Construction Chemicals,86,131271.31,P024
T002403,39,2026-02-23,Industrial Resins,41,84562.77,P011
T002404,120,2026-02-23,Industrial Resins,52,111444.48,P014
T002405,37,2026-02-23,Construction Chemicals,30,46890.66,P026
T002406,75,2026-02-23,Sealants,23,13958.62,P020
T002407,69,2026-02-23,Industrial Resins,12,27552.43,P011
T002408,72,2026-02-23,Adhesives,6,2215.38,P010
T002409,35,2026-02-23,Adhesives,26,8281.33,P008
T002410,10,2026-02-24,Industrial Resins,63,145052.62,P014
T002411,10,2026-02-24,Industrial Resins,1,1891.16,P014
T002412,39,2026-02-24,Adhesives,83,32244.22,P011
T002413,110,2026-02-24,Sealants,70,46572.14,P024
T002414,99,2026-02-24,Industrial Resins,33,68724.57,P012
T002415,93,2026-02-24,Adhesives,14,4768.52,P012
T002416,103,2026-02-25,Industrial Resins,47,100183.58,P010
T002417,103,2026-02-25,Adhesives,41,13402.58,P010
T002418,101,2026-02-25,Sealants,30,19234.57,P018
T002419,13,2026-02-25,Adhesives,44,14275.1,P010
T002420,3,2026-02-25,Sealants,75,49880.17,P017
T002421,110,2026-02-25,Sealants,84,54771.98,P024
T002422,104,2026-02-25,Industrial Resins,43,89468.91,P014
T002423,108,2026-02-25,Art & Craft,37,6757.88,P005
T002424,86,2026-02-25,Construction Chemicals,48,72453.87,P018
T002425,115,2026-02-26,Art & Craft,89,17311.22,P004
T002426,12,2026-02-26,Sealants,42,27028.54,P024
T002427,39,2026-02-26,Industrial Resins,68,159459.84,P011
T002428,101,2026-02-26,Construction Chemicals,95,139148.35,P018
T002429,13,2026-02-26,Industrial Resins,16,30277.43,P010
T002430,13,2026-02-26,Industrial Resins,39,78660.24,P010
T002431,103,2026-02-27,Industrial Resins,12,27476.51,P010
T002432,103,2026-02-27,Adhesives,20,7211.72,P010
T002433,101,2026-02-27,Construction Chemicals,80,124153.73,P018
T002434,101,2026-02-27,Construction Chemicals,22,28950.35,P018
T002435,13,2026-02-27,Industrial Resins,23,51014.45,P010
T002436,106,2026-02-27,Construction Chemicals,33,46804.73,P016
T002437,120,2026-02-27,Adhesives,35,12535.3,P014
T002438,39,2026-02-28,Adhesives,75,27856.92,P011
T002439,23,2026-02-28,Sealants,51,28518.05,P017
T002440,110,2026-02-28,Sealants,10,6270.37,P024
T002441,19,2026-02-28,Industrial Resins,15,28943.53,P011
T002442,103,2026-03-01,Industrial Resins,71,131909.91,P010
T002443,10,2026-03-01,Industrial Resins,97,199930.84,P014
T002444,101,2026-03-01,Construction Chemicals,109,173315.9,P018
T002445,23,2026-03-01,Sealants,67,41492.71,P017
T002446,38,2026-03-01,Adhesives,9,3288.02,P010
T002447,9,2026-03-01,Construction Chemicals,11,14421.17,P020
T002448,10,2026-03-02,Industrial Resins,28,56814.32,P014
T002449,5,2026-03-02,Construction Chemicals,104,152073.39,P023
T002450,75,2026-03-02,Sealants,28,16746.08,P020
T002451,91,2026-03-02,Art & Craft,16,3193.34,P008
T002452,10,2026-03-03,Adhesives,114,42121.28,P014
T002453,12,2026-03-03,Construction Chemicals,3,4232.49,P024
T002454,39,2026-03-03,Industrial Resins,56,116853.71,P011
T002455,5,2026-03-03,Construction Chemicals,83,133161.15,P023
T002456,5,2026-03-03,Sealants,36,23452.66,P023
T002457,5,2026-03-03,Sealants,58,39856.41,P023
T002458,38,2026-03-03,Industrial Resins,33,64645.84,P010
T002459,110,2026-03-03,Construction Chemicals,57,88382.96,P024
T002460,110,2026-03-03,Construction Chemicals,53,73427.38,P024
T002461,110,2026-03-03,Sealants,93,54261.13,P024
T002462,2,2026-03-03,Construction Chemicals,50,67194.62,P018
T002463,88,2026-03-03,Sealants,23,14775.78,P024
T002464,96,2026-03-03,Industrial Resins,20,42926.08,P011
T002465,115,2026-03-04,Sealants,100,68255.57,P004
T002466,12,2026-03-04,Construction Chemicals,48,75505.46,P024
T002467,23,2026-03-04,Sealants,91,60967.65,P017
T002468,83,2026-03-04,Industrial Resins,12,27906.29,P011
T002469,10,2026-03-05,Industrial Resins,89,169780.39,P014
T002470,39,2026-03-05,Adhesives,50,18240.43,P011
T002471,23,2026-03-05,Construction Chemicals,48,71957.09,P017
T002472,23,2026-03-05,Sealants,106,61843.81,P017
T002473,3,2026-03-05,Sealants,54,30507.66,P017
T002474,102,2026-03-05,Sealants,38,25328.55,P024
T002475,26,2026-03-05,Sealants,36,24519.18,P022
T002476,17,2026-03-05,Adhesives,11,4284.7,P011
T002477,12,2026-03-06,Construction Chemicals,88,113360.4,P024
T002478,39,2026-03-06,Adhesives,48,18743.24,P011
T002479,3,2026-03-06,Construction Chemicals,51,68038.97,P017
T002480,80,2026-03-06,Industrial Resins,28,60587.17,P010
T002481,11,2026-03-06,Sealants,12,7175.7,P026
T002482,103,2026-03-07,Adhesives,52,18022.08,P010
T002483,101,2026-03-07,Sealants,66,43258.79,P018
T002484,3,2026-03-07,Sealants,58,32685.21,P017
T002485,38,2026-03-07,Industrial Resins,51,96142.96,P010
T002486,9,2026-03-07,Sealants,16,9879.5,P020
T002487,104,2026-03-07,Adhesives,24,7407.58,P014
T002488,901,2026-03-07,Sealants,35,19918.14,P004
T002489,39,2026-03-08,Adhesives,70,21731.1,P011
T002490,38,2026-03-08,Adhesives,126,49355.88,P010
T002491,77,2026-03-08,Sealants,7,4590.53,P020
T002492,102,2026-03-08,Construction Chemicals,32,45113.66,P024
T002493,90,2026-03-08,Sealants,36,22624.94,P020
T002494,27,2026-03-08,Art & Craft,21,4171.32,P006
T002495,39,2026-03-09,Adhesives,25,8092.97,P011
T002496,23,2026-03-09,Construction Chemicals,68,91616.27,P017
T002497,23,2026-03-09,Construction Chemicals,64,93522.59,P017
T002498,110,2026-03-09,Sealants,87,53140.13,P024
T002499,104,2026-03-09,Industrial Resins,9,19478.29,P014
T002500,92,2026-03-09,Construction Chemicals,14,19745.56,P026
T002501,103,2026-03-10,Industrial Resins,94,183135.63,P010
T002502,103,2026-03-10,Adhesives,69,23701.38,P010
T002503,10,2026-03-10,Adhesives,55,20695.63,P014
T002504,12,2026-03-10,Sealants,78,50247.66,P024
T002505,39,2026-03-10,Industrial Resins,41,82233.07,P011
T002506,110,2026-03-10,Sealants,84,53251.55,P024
T002507,37,2026-03-10,Sealants,14,8181.78,P026
T002508,99,2026-03-10,Industrial Resins,27,59106.53,P012
T002509,53,2026-03-10,Sealants,24,13992.29,P023
T002510,67,2026-03-10,Sealants,28,16403.03,P017
T002511,38,2026-03-11,Industrial Resins,86,176836.27,P010
T002512,60,2026-03-11,Sealants,24,15210.6,P004
T002513,115,2026-03-12,Sealants,45,24881.18,P004
T002514,101,2026-03-12,Sealants,45,26067.53,P018
T002515,110,2026-03-12,Sealants,31,17048.14,P024
T002516,120,2026-03-12,Industrial Resins,22,46243.27,P014
T002517,103,2026-03-13,Industrial Resins,85,187059.78,P010
T002518,5,2026-03-13,Sealants,35,20786.58,P023
T002519,13,2026-03-13,Adhesives,61,19640.85,P010
T002520,13,2026-03-13,Adhesives,42,14450.81,P010
T002521,3,2026-03-13,Construction Chemicals,78,119077.68,P017
T002522,116,2026-03-13,Art & Craft,36,5948.41,P004
T002523,93,2026-03-13,Industrial Resins,44,90195.41,P012
T002524,27,2026-03-13,Sealants,31,17622.66,P006
T002525,17,2026-03-13,Industrial Resins,2,3981.72,P011
T002526,12,2026-03-14,Sealants,25,15922.9,P024
T002527,5,2026-03-14,Construction Chemicals,61,83090.28,P023
T002528,38,2026-03-14,Adhesives,47,17425.09,P010
T002529,38,2026-03-14,Adhesives,56,18455.24,P010
T002530,110,2026-03-14,Sealants,14,9214.37,P024
T002531,2,2026-03-14,Sealants,19,10783.09,P018
T002532,53,2026-03-14,Construction Chemicals,13,20214.98,P023
T002533,95,2026-03-14,Adhesives,16,5301.57,P008
T002534,45,2026-03-14,Industrial Resins,27,56049.69,P011
T002535,5,2026-03-15,Sealants,51,34424.36,P023
T002536,23,2026-03-15,Sealants,100,63008.08,P017
T002537,13,2026-03-15,Adhesives,5,1737.48,P010
T002538,108,2026-03-15,Adhesives,46,14333.43,P005
T002539,1,2026-03-15,Adhesives,29,9551.71,P004
T002540,103,2026-03-16,Industrial Resins,58,113218.34,P010
T002541,12,2026-03-16,Sealants,59,35369.19,P024
T002542,12,2026-03-16,Sealants,66,42677.22,P024
T002543,39,2026-03-16,Industrial Resins,27,50257.11,P011
T002544,110,2026-03-16,Construction Chemicals,55,72909.39,P024
T002545,110,2026-03-16,Construction Chemicals,45,69318.3,P024
T002546,110,2026-03-16,Sealants,70,40746.03,P024
T002547,83,2026-03-16,Adhesives,38,12203.85,P011
T002548,78,2026-03-16,Adhesives,29,9569.47,P010
T002549,56,2026-03-16,Sealants,55,31034.32,P016
T002550,34,2026-03-16,Construction Chemicals,35,45505.88,P020
T002551,68,2026-03-16,Sealants,31,19204.48,P024
T002552,27,2026-03-16,Adhesives,28,10382.45,P006
T002553,97,2026-03-16,Construction Chemicals,24,38337.84,P016
T002554,28,2026-03-16,Sealants,18,11889.51,P017
T002555,91,2026-03-16,Adhesives,36,13103.56,P008
T002556,39,2026-03-17,Industrial Resins,14,27552.6,P011
T002557,101,2026-03-17,Construction Chemicals,19,30320.47,P018
T002558,3,2026-03-17,Sealants,77,50535.23,P017
T002559,71,2026-03-17,Sealants,36,22640.83,P024
T002560,84,2026-03-17,Sealants,35,23346.24,P018
T002561,120,2026-03-17,Adhesives,35,11157.39,P014
T002562,56,2026-03-17,Construction Chemicals,13,17739.22,P016
T002563,28,2026-03-17,Construction Chemicals,33,49842.0,P017
T002564,5,2026-03-18,Sealants,63,37939.56,P023
T002565,3,2026-03-18,Sealants,68,40847.7,P017
T002566,106,2026-03-18,Construction Chemicals,42,57795.02,P016
T002567,60,2026-03-18,Adhesives,30,10236.2,P004
T002568,73,2026-03-18,Construction Chemicals,32,45067.92,P026
T002569,103,2026-03-19,Adhesives,53,17123.32,P010
T002570,23,2026-03-19,Sealants,52,30463.89,P017
T002571,13,2026-03-19,Industrial Resins,34,67334.55,P010
T002572,58,2026-03-19,Construction Chemicals,7,10174.09,P016
T002573,103,2026-03-20,Industrial Resins,53,117910.84,P010
T002574,10,2026-03-20,Adhesives,78,27672.75,P014
T002575,101,2026-03-20,Construction Chemicals,104,144460.17,P018
T002576,13,2026-03-20,Industrial Resins,37,83844.46,P010
T002577,26,2026-03-20,Construction Chemicals,50,78326.79,P022
T002578,117,2026-03-20,Construction Chemicals,35,53338.34,P024
T002579,115,2026-03-21,Adhesives,58,18397.01,P004
T002580,103,2026-03-21,Industrial Resins,74,161073.89,P010
T002581,23,2026-03-21,Construction Chemicals,86,139516.54,P017
T002582,108,2026-03-21,Sealants,28,19322.92,P005
T002583,82,2026-03-21,Sealants,20,13328.12,P018
T002584,115,2026-03-22,Art & Craft,22,3835.21,P004
T002585,103,2026-03-22,Adhesives,77,29279.27,P010
T002586,39,2026-03-22,Industrial Resins,57,112977.03,P011
T002587,101,2026-03-22,Construction Chemicals,82,116229.42,P018
T002588,23,2026-03-22,Construction Chemicals,44,70013.5,P017
T002589,13,2026-03-22,Industrial Resins,76,170942.68,P010
T002590,38,2026-03-22,Industrial Resins,48,106492.95,P010
T002591,78,2026-03-22,Industrial Resins,14,27917.56,P010
T002592,14,2026-03-22,Sealants,14,9412.01,P005
T002593,47,2026-03-22,Sealants,34,22389.94,P018
T002594,3,2026-03-23,Construction Chemicals,100,136948.23,P017
T002595,84,2026-03-23,Construction Chemicals,36,50834.14,P018
T002596,77,2026-03-23,Construction Chemicals,36,53598.71,P020
T002597,99,2026-03-23,Adhesives,36,12396.66,P012
T002598,76,2026-03-23,Sealants,10,6370.6,P026
T002599,115,2026-03-24,Adhesives,26,8307.61,P004
T002600,10,2026-03-24,Industrial Resins,73,146996.14,P014
T002601,39,2026-03-24,Adhesives,42,13621.9,P011
T002602,23,2026-03-24,Sealants,65,43693.02,P017
T002603,110,2026-03-24,Construction Chemicals,99,150560.28,P024
T002604,110,2026-03-24,Construction Chemicals,41,52544.76,P024
T002605,80,2026-03-24,Adhesives,34,12908.1,P010
T002606,70,2026-03-24,Sealants,37,21084.22,P017
T002607,93,2026-03-24,Adhesives,10,3664.73,P012
T002608,52,2026-03-24,Industrial Resins,35,65487.41,P011
T002609,115,2026-03-25,Adhesives,33,10672.83,P004
T002610,115,2026-03-25,Sealants,59,36661.19,P004
T002611,103,2026-03-25,Adhesives,24,8971.09,P010
T002612,10,2026-03-25,Adhesives,41,14186.01,P014
T002613,12,2026-03-25,Construction Chemicals,22,29391.08,P024
T002614,13,2026-03-25,Industrial Resins,24,54362.18,P010
T002615,13,2026-03-25,Industrial Resins,52,112790.61,P010
T002616,13,2026-03-25,Industrial Resins,12,27137.67,P010
T002617,3,2026-03-25,Construction Chemicals,65,90990.27,P017
T002618,3,2026-03-25,Sealants,20,12131.86,P017
T002619,38,2026-03-25,Adhesives,75,27808.0,P010
T002620,70,2026-03-25,Construction Chemicals,1,1344.32,P017
T002621,115,2026-03-26,Art & Craft,47,9321.93,P004
T002622,39,2026-03-26,Industrial Resins,97,202798.98,P011
T002623,5,2026-03-26,Construction Chemicals,77,111075.19,P023
T002624,3,2026-03-26,Construction Chemicals,74,115958.78,P017
T002625,38,2026-03-26,Industrial Resins,57,112218.39,P010
T002626,71,2026-03-26,Construction Chemicals,20,26466.59,P024
T002627,75,2026-03-26,Construction Chemicals,32,42100.97,P020
T002628,76,2026-03-26,Construction Chemicals,27,37757.8,P026
T002629,115,2026-03-27,Art & Craft,53,10202.71,P004
T002630,115,2026-03-27,Sealants,49,30757.06,P004
T002631,10,2026-03-27,Industrial Resins,57,117061.87,P014
T002632,101,2026-03-27,Construction Chemicals,1,1337.82,P018
T002633,101,2026-03-27,Sealants,69,45237.08,P018
T002634,13,2026-03-27,Adhesives,112,37574.79,P010
T002635,3,2026-03-27,Construction Chemicals,53,84719.12,P017
T002636,106,2026-03-27,Sealants,12,7587.4,P016
T002637,37,2026-03-27,Construction Chemicals,26,38658.74,P026
T002638,10,2026-03-28,Industrial Resins,28,54184.42,P014
T002639,101,2026-03-28,Construction Chemicals,105,146454.5,P018
T002640,101,2026-03-28,Sealants,3,2047.7,P018
T002641,5,2026-03-28,Sealants,13,8096.81,P023
T002642,13,2026-03-28,Adhesives,66,23133.29,P010
T002643,38,2026-03-28,Industrial Resins,54,115852.53,P010
T002644,95,2026-03-28,Art & Craft,13,2482.96,P008
T002645,12,2026-03-29,Sealants,79,51283.53,P024
T002646,52,2026-03-29,Adhesives,26,8167.09,P011
T002647,103,2026-03-30,Adhesives,51,19268.95,P010
T002648,10,2026-03-30,Adhesives,43,14394.69,P014
T002649,12,2026-03-30,Sealants,50,34177.84,P024
T002650,101,2026-03-30,Sealants,25,17067.63,P018
T002651,23,2026-03-30,Construction Chemicals,48,76528.66,P017
T002652,3,2026-03-30,Sealants,68,43653.66,P017
T002653,90,2026-03-30,Construction Chemicals,10,16041.13,P020
T002654,68,2026-03-30,Construction Chemicals,10,13337.32,P024
T002655,10,2026-03-31,Adhesives,30,9564.44,P014
T002656,12,2026-03-31,Construction Chemicals,109,167576.83,P024
T002657,5,2026-03-31,Construction Chemicals,41,56648.95,P023
T002658,5,2026-04-01,Sealants,63,37582.96,P023
T002659,13,2026-04-01,Adhesives,64,22300.63,P010
T002660,110,2026-04-01,Sealants,21,14294.82,P024
T002661,110,2026-04-01,Sealants,34,21809.79,P024
T002662,102,2026-04-01,Sealants,40,24310.03,P024
T002663,115,2026-04-02,Art & Craft,75,14014.59,P004
T002664,39,2026-04-02,Industrial Resins,75,165844.4,P011
T002665,3,2026-04-02,Construction Chemicals,39,61684.02,P017
T002666,3,2026-04-02,Construction Chemicals,15,23316.61,P017
T002667,38,2026-04-02,Adhesives,93,35670.45,P010
T002668,76,2026-04-02,Sealants,6,3580.37,P026
T002669,10,2026-04-03,Industrial Resins,32,73454.35,P014
T002670,10,2026-04-03,Adhesives,74,23775.84,P014
T002671,12,2026-04-03,Construction Chemicals,56,89758.32,P024
T002672,101,2026-04-03,Construction Chemicals,33,52512.55,P018
T002673,110,2026-04-03,Construction Chemicals,88,122192.95,P024
T002674,120,2026-04-03,Adhesives,23,7517.83,P014
T002675,83,2026-04-03,Adhesives,46,16967.47,P011
T002676,108,2026-04-03,Sealants,37,23743.23,P005
T002677,115,2026-04-04,Art & Craft,7,1386.75,P004
T002678,103,2026-04-04,Adhesives,40,14252.96,P010
T002679,5,2026-04-04,Sealants,18,11894.39,P023
T002680,23,2026-04-04,Construction Chemicals,20,30171.11,P017
T002681,3,2026-04-04,Construction Chemicals,47,67504.86,P017
T002682,102,2026-04-04,Sealants,28,15296.67,P024
T002683,103,2026-04-05,Industrial Resins,53,99773.65,P010
T002684,39,2026-04-05,Adhesives,103,33335.3,P011
T002685,101,2026-04-05,Construction Chemicals,68,94389.65,P018
T002686,13,2026-04-05,Industrial Resins,97,213602.66,P010
T002687,13,2026-04-05,Adhesives,41,15943.06,P010
T002688,110,2026-04-05,Construction Chemicals,97,140141.49,P024
T002689,110,2026-04-05,Sealants,48,30833.39,P024
T002690,116,2026-04-05,Adhesives,23,7579.42,P004
T002691,70,2026-04-05,Sealants,3,1761.38,P017
T002692,26,2026-04-05,Sealants,36,22845.47,P022
T002693,114,2026-04-05,Construction Chemicals,19,27394.62,P024
T002694,115,2026-04-06,Art & Craft,57,10341.63,P004
T002695,12,2026-04-06,Construction Chemicals,70,108933.7,P024
T002696,101,2026-04-06,Sealants,70,40911.18,P018
T002697,5,2026-04-06,Construction Chemicals,68,95875.82,P023
T002698,5,2026-04-06,Sealants,62,35866.93,P023
T002699,110,2026-04-06,Sealants,53,29654.27,P024
T002700,116,2026-04-06,Art & Craft,18,3497.9,P004
T002701,84,2026-04-06,Sealants,27,18659.49,P018
T002702,77,2026-04-06,Construction Chemicals,34,52754.3,P020
T002703,115,2026-04-07,Adhesives,104,34816.05,P004
T002704,115,2026-04-07,Sealants,89,53070.04,P004
T002705,12,2026-04-07,Construction Chemicals,4,5977.75,P024
T002706,23,2026-04-07,Sealants,60,40256.57,P017
T002707,80,2026-04-07,Adhesives,6,2321.59,P010
T002708,26,2026-04-07,Sealants,1,670.51,P022
T002709,75,2026-04-07,Sealants,7,4244.92,P020
T002710,76,2026-04-07,Construction Chemicals,20,29149.76,P026
T002711,72,2026-04-07,Adhesives,14,4379.92,P010
T002712,115,2026-04-08,Adhesives,21,7633.35,P004
T002713,103,2026-04-08,Adhesives,81,27165.98,P010
T002714,12,2026-04-08,Sealants,69,37724.62,P024
T002715,5,2026-04-08,Construction Chemicals,1,1361.78,P023
T002716,5,2026-04-08,Sealants,3,1829.05,P023
T002717,23,2026-04-08,Construction Chemicals,67,96337.82,P017
T002718,13,2026-04-08,Adhesives,60,21418.26,P010
T002719,3,2026-04-08,Sealants,61,34714.98,P017
T002720,3,2026-04-08,Sealants,36,22834.82,P017
T002721,38,2026-04-08,Adhesives,50,19254.61,P010
T002722,80,2026-04-08,Industrial Resins,41,87281.0,P010
T002723,14,2026-04-08,Adhesives,29,9042.62,P005
T002724,47,2026-04-08,Construction Chemicals,29,41823.33,P018
T002725,50,2026-04-08,Adhesives,33,11783.88,P012
T002726,10,2026-04-09,Industrial Resins,39,75982.59,P014
T002727,39,2026-04-09,Adhesives,54,19282.33,P011
T002728,101,2026-04-09,Construction Chemicals,28,44938.23,P018
T002729,23,2026-04-09,Sealants,92,61513.2,P017
T002730,13,2026-04-09,Industrial Resins,22,51596.67,P010
T002731,90,2026-04-09,Construction Chemicals,26,34834.69,P020
T002732,12,2026-04-10,Construction Chemicals,42,66302.3,P024
T002733,12,2026-04-10,Sealants,71,44734.93,P024
T002734,101,2026-04-10,Sealants,32,18034.42,P018
T002735,23,2026-04-10,Construction Chemicals,61,87139.33,P017
T002736,23,2026-04-10,Construction Chemicals,13,20303.12,P017
T002737,3,2026-04-10,Construction Chemicals,55,86859.89,P017
T002738,3,2026-04-10,Sealants,53,33001.91,P017
T002739,110,2026-04-10,Sealants,27,17831.68,P024
T002740,77,2026-04-10,Sealants,16,9648.48,P020
T002741,34,2026-04-10,Construction Chemicals,22,31857.3,P020
T002742,113,2026-04-10,Sealants,10,6359.33,P004
T002743,81,2026-04-10,Sealants,20,12087.74,P008
T002744,10,2026-04-11,Adhesives,8,2911.27,P014
T002745,13,2026-04-11,Adhesives,16,5010.38,P010
T002746,3,2026-04-11,Sealants,70,39311.99,P017
T002747,103,2026-04-12,Industrial Resins,57,128349.05,P010
T002748,103,2026-04-12,Adhesives,88,34028.77,P010
T002749,39,2026-04-12,Industrial Resins,79,163343.94,P011
T002750,38,2026-04-12,Adhesives,39,14524.26,P010
T002751,75,2026-04-12,Sealants,29,17488.31,P020
T002752,56,2026-04-12,Sealants,24,15907.51,P016
T002753,27,2026-04-12,Art & Craft,14,2408.77,P006
T002754,31,2026-04-12,Adhesives,17,5312.06,P006
T002755,5,2026-04-13,Construction Chemicals,62,79924.11,P023
T002756,5,2026-04-13,Construction Chemicals,34,49799.01,P023
T002757,38,2026-04-13,Adhesives,15,4814.44,P010
T002758,90,2026-04-13,Sealants,20,13605.02,P020
T002759,48,2026-04-13,Construction Chemicals,11,16836.83,P017
T002760,86,2026-04-13,Construction Chemicals,4,5630.11,P018
T002761,115,2026-04-14,Adhesives,62,22912.02,P004
T002762,103,2026-04-14,Adhesives,16,5191.55,P010
T002763,37,2026-04-14,Construction Chemicals,50,72362.91,P026
T002764,37,2026-04-14,Sealants,1,692.51,P026
T002765,10,2026-04-15,Industrial Resins,95,202419.56,P014
T002766,12,2026-04-15,Sealants,78,43525.88,P024
T002767,101,2026-04-15,Sealants,58,40188.77,P018
T002768,23,2026-04-15,Sealants,65,36313.67,P017
T002769,78,2026-04-15,Industrial Resins,5,10043.19,P010
T002770,53,2026-04-15,Sealants,33,18313.8,P023
T002771,14,2026-04-15,Sealants,8,4672.65,P005
T002772,92,2026-04-15,Sealants,29,19166.6,P026
T002773,79,2026-04-15,Adhesives,39,13438.66,P006
T002774,115,2026-04-16,Adhesives,49,16437.25,P004
T002775,115,2026-04-16,Sealants,126,76259.34,P004
T002776,10,2026-04-16,Industrial Resins,1,2209.06,P014
T002777,12,2026-04-16,Sealants,18,12164.16,P024
T002778,13,2026-04-16,Adhesives,5,1903.99,P010
T002779,3,2026-04-16,Construction Chemicals,36,57569.39,P017
T002780,3,2026-04-16,Sealants,50,33309.83,P017
T002781,110,2026-04-16,Construction Chemicals,62,82059.09,P024
T002782,110,2026-04-16,Construction Chemicals,56,74409.21,P024
T002783,68,2026-04-16,Construction Chemicals,33,47983.04,P024
T002784,59,2026-04-16,Adhesives,25,8695.44,P010
T002785,10,2026-04-17,Adhesives,46,14418.24,P014
T002786,101,2026-04-17,Construction Chemicals,7,9815.89,P018
T002787,5,2026-04-17,Sealants,1,586.47,P023
T002788,23,2026-04-17,Construction Chemicals,140,180771.28,P017
T002789,3,2026-04-17,Construction Chemicals,73,106150.87,P017
T002790,9,2026-04-17,Sealants,42,29079.96,P020
T002791,70,2026-04-17,Construction Chemicals,15,21058.48,P017
T002792,78,2026-04-17,Adhesives,41,13511.16,P010
T002793,56,2026-04-17,Construction Chemicals,30,42665.72,P016
T002794,14,2026-04-17,Art & Craft,11,1774.12,P005
T002795,68,2026-04-17,Sealants,2,1272.65,P024
T002796,103,2026-04-18,Industrial Resins,50,99860.61,P010
T002797,13,2026-04-18,Adhesives,25,9147.52,P010
T002798,110,2026-04-18,Construction Chemicals,9,14445.79,P024
T002799,106,2026-04-18,Construction Chemicals,23,37277.65,P016
T002800,75,2026-04-18,Construction Chemicals,45,63172.53,P020
T002801,55,2026-04-18,Industrial Resins,28,62299.31,P010
T002802,12,2026-04-19,Sealants,71,45819.59,P024
T002803,39,2026-04-19,Industrial Resins,84,193024.49,P011
T002804,23,2026-04-19,Sealants,78,47441.5,P017
T002805,84,2026-04-19,Construction Chemicals,28,42434.64,P018
T002806,115,2026-04-20,Sealants,36,20850.33,P004
T002807,12,2026-04-20,Construction Chemicals,64,100198.2,P024
T002808,23,2026-04-20,Sealants,36,21133.83,P017
T002809,13,2026-04-20,Industrial Resins,14,31761.8,P010
T002810,3,2026-04-20,Sealants,48,33080.25,P017
T002811,110,2026-04-20,Sealants,70,43126.63,P024
T002812,104,2026-04-20,Industrial Resins,30,59839.6,P014
T002813,2,2026-04-20,Construction Chemicals,21,31964.22,P018
T002814,88,2026-04-20,Construction Chemicals,18,24920.66,P024
T002815,39,2026-04-21,Adhesives,89,32371.03,P011
T002816,101,2026-04-21,Sealants,87,51881.26,P018
T002817,13,2026-04-21,Industrial Resins,5,10624.67,P010
T002818,53,2026-04-21,Construction Chemicals,10,15615.67,P023
T002819,72,2026-04-21,Industrial Resins,32,59573.7,P010
T002820,103,2026-04-22,Industrial Resins,71,136891.49,P010
T002821,12,2026-04-22,Sealants,35,21352.98,P024
T002822,39,2026-04-22,Industrial Resins,52,111812.85,P011
T002823,23,2026-04-22,Sealants,59,38497.87,P017
T002824,23,2026-04-22,Sealants,41,23692.94,P017
T002825,38,2026-04-22,Industrial Resins,68,126944.14,P010
T002826,71,2026-04-22,Sealants,20,11332.48,P024
T002827,32,2026-04-22,Sealants,40,25082.62,P016
T002828,115,2026-04-23,Sealants,45,30744.44,P004
T002829,5,2026-04-23,Sealants,35,21217.66,P023
T002830,23,2026-04-23,Construction Chemicals,69,109188.19,P017
T002831,13,2026-04-23,Industrial Resins,76,171686.83,P010
T002832,3,2026-04-23,Construction Chemicals,97,140665.38,P017
T002833,120,2026-04-23,Industrial Resins,17,34536.29,P014
T002834,99,2026-04-23,Adhesives,9,3141.19,P012
T002835,2,2026-04-23,Sealants,3,1958.2,P018
T002836,55,2026-04-23,Adhesives,31,10877.88,P010
T002837,103,2026-04-24,Adhesives,66,21015.93,P010
T002838,10,2026-04-24,Adhesives,50,17234.32,P014
T002839,10,2026-04-24,Adhesives,59,19020.86,P014
T002840,101,2026-04-24,Sealants,1,632.75,P018
T002841,5,2026-04-24,Construction Chemicals,38,50524.23,P023
T002842,5,2026-04-24,Sealants,42,23864.03,P023
T002843,102,2026-04-24,Construction Chemicals,52,76205.34,P024
T002844,70,2026-04-24,Construction Chemicals,31,45239.86,P017
T002845,38,2026-04-25,Industrial Resins,45,102857.24,P010
T002846,110,2026-04-25,Construction Chemicals,94,133059.44,P024
T002847,26,2026-04-25,Construction Chemicals,34,43415.97,P022
T002848,93,2026-04-25,Industrial Resins,26,56234.42,P012
T002849,35,2026-04-25,Art & Craft,22,3630.76,P008
T002850,10,2026-04-26,Industrial Resins,90,204933.2,P014
T002851,101,2026-04-26,Construction Chemicals,47,71858.43,P018
T002852,5,2026-04-26,Construction Chemicals,1,1327.45,P023
T002853,5,2026-04-26,Construction Chemicals,67,102816.0,P023
T002854,110,2026-04-26,Construction Chemicals,110,169155.87,P024
T002855,71,2026-04-26,Construction Chemicals,1,1385.28,P024
T002856,106,2026-04-26,Sealants,5,3440.66,P016
T002857,93,2026-04-26,Adhesives,50,18119.04,P012
T002858,6,2026-04-26,Sealants,33,21753.95,P016
T002859,18,2026-04-26,Adhesives,30,11658.6,P011
T002860,12,2026-04-27,Construction Chemicals,1,1287.72,P024
T002861,12,2026-04-27,Construction Chemicals,58,82225.16,P024
T002862,39,2026-04-27,Industrial Resins,42,97148.0,P011
T002863,101,2026-04-27,Sealants,37,20323.83,P018
T002864,38,2026-04-27,Industrial Resins,82,181327.0,P010
T002865,38,2026-04-27,Industrial Resins,37,78123.78,P010
T002866,38,2026-04-27,Adhesives,56,18427.98,P010
T002867,9,2026-04-27,Construction Chemicals,15,21733.43,P020
T002868,60,2026-04-27,Sealants,36,23640.03,P004
T002869,108,2026-04-27,Art & Craft,28,5572.04,P005
T002870,34,2026-04-27,Sealants,19,12164.38,P020
T002871,12,2026-04-28,Sealants,40,23006.11,P024
T002872,39,2026-04-28,Adhesives,24,7924.46,P011
T002873,101,2026-04-28,Construction Chemicals,26,39873.84,P018
T002874,23,2026-04-28,Construction Chemicals,81,104114.29,P017
T002875,39,2026-04-29,Adhesives,49,17122.36,P011
T002876,3,2026-04-29,Sealants,73,44761.72,P017
T002877,38,2026-04-29,Industrial Resins,17,32434.19,P010
T002878,101,2026-04-30,Construction Chemicals,58,77233.22,P018
T002879,101,2026-04-30,Sealants,83,52087.19,P018
T002880,104,2026-04-30,Adhesives,41,13923.58,P014
T002881,115,2026-05-01,Sealants,21,14295.11,P004
T002882,103,2026-05-01,Adhesives,55,21298.49,P010
T002883,12,2026-05-01,Construction Chemicals,34,46354.11,P024
T002884,12,2026-05-01,Sealants,67,37368.11,P024
T002885,23,2026-05-01,Sealants,59,36331.42,P017
T002886,13,2026-05-01,Adhesives,40,14955.08,P010
T002887,115,2026-05-02,Sealants,44,27360.02,P004
T002888,10,2026-05-02,Adhesives,45,16770.78,P014
T002889,39,2026-05-02,Industrial Resins,4,8117.17,P011
T002890,39,2026-05-02,Adhesives,63,20027.07,P011
T002891,101,2026-05-02,Sealants,41,27750.27,P018
T002892,5,2026-05-02,Sealants,40,23157.9,P023
T002893,3,2026-05-02,Construction Chemicals,40,64822.38,P017
T002894,110,2026-05-02,Sealants,61,37081.53,P024
T002895,27,2026-05-02,Sealants,24,15837.01,P006
T002896,92,2026-05-02,Sealants,11,6618.2,P026
T002897,5,2026-05-03,Construction Chemicals,44,69606.67,P023
T002898,23,2026-05-03,Construction Chemicals,21,29454.3,P017
T002899,110,2026-05-03,Construction Chemicals,63,90752.33,P024
T002900,77,2026-05-03,Sealants,19,12812.09,P020
T002901,6,2026-05-03,Sealants,1,689.98,P016
T002902,11,2026-05-03,Sealants,18,9852.42,P026
T002903,115,2026-05-04,Art & Craft,45,8265.7,P004
T002904,3,2026-05-04,Sealants,66,42809.06,P017
T002905,110,2026-05-04,Construction Chemicals,24,36274.4,P024
T002906,34,2026-05-04,Sealants,26,17721.33,P020
T002907,15,2026-05-04,Art & Craft,13,2235.5,P004
T002908,115,2026-05-05,Sealants,67,36603.42,P004
T002909,10,2026-05-05,Industrial Resins,101,228062.46,P014
T002910,39,2026-05-05,Adhesives,72,24082.83,P011
T002911,23,2026-05-05,Construction Chemicals,50,72931.32,P017
T002912,3,2026-05-05,Sealants,30,16491.46,P017
T002913,120,2026-05-05,Industrial Resins,11,23941.7,P014
T002914,93,2026-05-05,Industrial Resins,1,2237.88,P012
T002915,5,2026-05-06,Sealants,37,21237.74,P023
T002916,3,2026-05-06,Construction Chemicals,64,88511.5,P017
T002917,110,2026-05-06,Construction Chemicals,54,82675.96,P024
T002918,116,2026-05-06,Art & Craft,32,5923.3,P004
T002919,80,2026-05-06,Industrial Resins,25,46260.5,P010
T002920,47,2026-05-06,Sealants,20,12905.05,P018
T002921,101,2026-05-07,Construction Chemicals,88,133446.08,P018
T002922,101,2026-05-07,Construction Chemicals,74,105421.4,P018
T002923,3,2026-05-07,Sealants,49,30660.72,P017
T002924,120,2026-05-07,Adhesives,19,7413.59,P014
T002925,37,2026-05-07,Sealants,49,31807.47,P026
T002926,90,2026-05-07,Construction Chemicals,11,14087.28,P020
T002927,103,2026-05-08,Industrial Resins,56,107482.01,P010
T002928,3,2026-05-08,Construction Chemicals,16,22462.17,P017
T002929,3,2026-05-08,Construction Chemicals,90,141577.18,P017
T002930,110,2026-05-08,Construction Chemicals,80,102755.24,P024
T002931,77,2026-05-08,Construction Chemicals,25,32566.13,P020
T002932,104,2026-05-08,Adhesives,16,5044.67,P014
T002933,93,2026-05-08,Adhesives,36,13844.45,P012
T002934,115,2026-05-09,Art & Craft,46,7330.54,P004
T002935,10,2026-05-09,Industrial Resins,43,86925.27,P014
T002936,12,2026-05-09,Sealants,46,29099.27,P024
T002937,39,2026-05-09,Adhesives,36,12959.59,P011
T002938,23,2026-05-09,Sealants,26,17073.63,P017
T002939,38,2026-05-09,Industrial Resins,50,98443.66,P010
T002940,110,2026-05-09,Construction Chemicals,78,111708.99,P024
T002941,106,2026-05-09,Sealants,4,2355.28,P016
T002942,9,2026-05-09,Construction Chemicals,16,20430.88,P020
T002943,60,2026-05-09,Sealants,40,23388.84,P004
T002944,5,2026-05-10,Construction Chemicals,13,17235.37,P023
T002945,13,2026-05-10,Adhesives,70,23428.92,P010
T002946,38,2026-05-10,Industrial Resins,81,155112.97,P010
T002947,38,2026-05-10,Adhesives,73,27055.12,P010
T002948,9,2026-05-10,Sealants,5,3307.88,P020
T002949,70,2026-05-10,Construction Chemicals,32,42374.68,P017
T002950,10,2026-05-11,Industrial Resins,65,122573.01,P014
T002951,101,2026-05-11,Construction Chemicals,55,77291.21,P018
T002952,101,2026-05-11,Sealants,83,49625.06,P018
T002953,5,2026-05-11,Sealants,97,57649.58,P023
T002954,38,2026-05-11,Adhesives,124,41192.8,P010
T002955,4,2026-05-11,Adhesives,33,10181.91,P010
T002956,115,2026-05-12,Art & Craft,15,2823.67,P004
T002957,101,2026-05-12,Sealants,92,52199.37,P018
T002958,5,2026-05-12,Construction Chemicals,83,123655.39,P023
T002959,5,2026-05-12,Construction Chemicals,85,132570.4,P023
T002960,23,2026-05-12,Construction Chemicals,55,70407.73,P017
T002961,13,2026-05-12,Industrial Resins,48,110995.09,P010
T002962,3,2026-05-12,Sealants,19,12048.61,P017
T002963,99,2026-05-12,Adhesives,37,13013.55,P012
T002964,56,2026-05-12,Sealants,25,16790.89,P016
T002965,53,2026-05-12,Construction Chemicals,18,26655.27,P023
T002966,90,2026-05-12,Sealants,25,16880.23,P020
T002967,48,2026-05-12,Construction Chemicals,27,43209.13,P017
T002968,117,2026-05-12,Construction Chemicals,24,35494.81,P024
T002969,115,2026-05-13,Adhesives,76,25902.76,P004
T002970,103,2026-05-13,Industrial Resins,6,12553.77,P010
T002971,10,2026-05-13,Adhesives,102,33711.3,P014
T002972,12,2026-05-13,Construction Chemicals,19,29712.48,P024
T002973,39,2026-05-13,Industrial Resins,71,148041.82,P011
T002974,5,2026-05-13,Sealants,33,20703.11,P023
T002975,76,2026-05-13,Sealants,25,17155.33,P026
T002976,30,2026-05-13,Adhesives,30,10960.18,P010
T002977,103,2026-05-14,Industrial Resins,29,65734.6,P010
T002978,101,2026-05-14,Construction Chemicals,55,78657.6,P018
T002979,101,2026-05-14,Construction Chemicals,16,21324.9,P018
T002980,5,2026-05-14,Sealants,42,24779.14,P023
T002981,83,2026-05-14,Industrial Resins,9,20163.92,P011
T002982,90,2026-05-14,Sealants,30,18936.79,P020
T002983,10,2026-05-15,Adhesives,1,341.12,P014
T002984,12,2026-05-15,Construction Chemicals,70,92957.54,P024
T002985,101,2026-05-15,Construction Chemicals,28,40099.07,P018
T002986,101,2026-05-15,Sealants,33,18935.56,P018
T002987,110,2026-05-15,Sealants,52,33902.77,P024
T002988,75,2026-05-15,Sealants,6,3775.32,P020
T002989,68,2026-05-15,Construction Chemicals,25,33170.26,P024
T002990,68,2026-05-15,Sealants,29,15884.9,P024
T002991,41,2026-05-15,Industrial Resins,33,70114.53,P014
T002992,39,2026-05-16,Industrial Resins,86,170170.18,P011
T002993,5,2026-05-16,Sealants,52,31427.17,P023
T002994,3,2026-05-16,Sealants,40,27273.54,P017
T002995,110,2026-05-16,Construction Chemicals,32,48305.25,P024
T002996,70,2026-05-16,Sealants,12,6842.81,P017
T002997,32,2026-05-16,Construction Chemicals,15,23730.92,P016
T002998,35,2026-05-16,Sealants,43,26529.54,P008
T002999,39,2026-05-17,Industrial Resins,47,99320.18,P011
T003000,5,2026-05-17,Sealants,23,13910.26,P023
T003001,23,2026-05-17,Construction Chemicals,70,99505.3,P017
T003002,110,2026-05-17,Sealants,79,45642.41,P024
T003003,71,2026-05-17,Construction Chemicals,15,20251.37,P024
T003004,2,2026-05-17,Sealants,15,9794.05,P018
T003005,115,2026-05-18,Adhesives,63,19763.55,P004
T003006,103,2026-05-18,Industrial Resins,60,138837.12,P010
T003007,103,2026-05-18,Adhesives,77,24646.13,P010
T003008,39,2026-05-18,Adhesives,76,26452.99,P011
T003009,101,2026-05-18,Sealants,67,37205.81,P018
T003010,106,2026-05-18,Construction Chemicals,20,26057.02,P016
T003011,60,2026-05-18,Art & Craft,22,4096.69,P004
T003012,29,2026-05-18,Construction Chemicals,33,47844.83,P026
T003013,10,2026-05-19,Industrial Resins,52,101185.4,P014
T003014,12,2026-05-19,Construction Chemicals,35,54837.5,P024
T003015,38,2026-05-19,Adhesives,1,322.23,P010
T003016,26,2026-05-19,Sealants,12,7210.76,P022
T003017,95,2026-05-19,Adhesives,28,10144.73,P008
T003018,76,2026-05-19,Construction Chemicals,30,48591.43,P026
T003019,115,2026-05-20,Adhesives,25,8452.01,P004
T003020,3,2026-05-20,Construction Chemicals,59,75577.51,P017
T003021,38,2026-05-20,Industrial Resins,44,102679.78,P010
T003022,102,2026-05-20,Construction Chemicals,8,11122.06,P024
T003023,56,2026-05-20,Sealants,5,2985.3,P016
T003024,40,2026-05-20,Construction Chemicals,26,40633.48,P022
T003025,100,2026-05-20,Art & Craft,11,1834.7,P004
T003026,115,2026-05-21,Sealants,58,39745.34,P004
T003027,12,2026-05-21,Sealants,104,62685.73,P024
T003028,39,2026-05-21,Adhesives,24,8678.02,P011
T003029,5,2026-05-21,Construction Chemicals,22,28867.79,P023
T003030,3,2026-05-21,Construction Chemicals,77,104339.59,P017
T003031,3,2026-05-21,Sealants,40,27603.76,P017
T003032,38,2026-05-21,Adhesives,107,36320.77,P010
T003033,110,2026-05-21,Sealants,44,25688.85,P024
T003034,84,2026-05-21,Construction Chemicals,26,34853.05,P018
T003035,84,2026-05-21,Sealants,8,4877.96,P018
T003036,26,2026-05-21,Construction Chemicals,21,27948.15,P022
T003037,108,2026-05-21,Art & Craft,52,9020.64,P005
T003038,15,2026-05-21,Sealants,26,16415.57,P004
T003039,103,2026-05-22,Industrial Resins,47,110049.9,P010
T003040,23,2026-05-22,Construction Chemicals,62,98134.9,P017
T003041,13,2026-05-22,Adhesives,70,25110.3,P010
T003042,104,2026-05-22,Industrial Resins,25,54959.24,P014
T003043,53,2026-05-22,Sealants,4,2757.14,P023
T003044,12,2026-05-23,Construction Chemicals,68,96030.93,P024
T003045,5,2026-05-23,Construction Chemicals,66,102455.46,P023
T003046,34,2026-05-23,Construction Chemicals,15,23718.51,P020
T003047,117,2026-05-23,Sealants,14,8746.13,P024
T003048,115,2026-05-24,Sealants,26,14232.11,P004
T003049,12,2026-05-24,Sealants,44,25361.35,P024
T003050,38,2026-05-24,Adhesives,1,309.05,P010
T003051,110,2026-05-24,Sealants,115,77558.86,P024
T003052,106,2026-05-24,Sealants,31,18758.12,P016
T003053,37,2026-05-24,Construction Chemicals,42,59403.57,P026
T003054,83,2026-05-24,Adhesives,23,8685.26,P011
T003055,50,2026-05-24,Industrial Resins,20,45842.16,P012
T003056,12,2026-05-25,Sealants,65,40537.7,P024
T003057,101,2026-05-25,Construction Chemicals,115,160575.43,P018
T003058,101,2026-05-25,Sealants,45,30015.2,P018
T003059,13,2026-05-25,Industrial Resins,45,105497.1,P010
T003060,13,2026-05-25,Industrial Resins,35,77987.17,P010
T003061,3,2026-05-25,Construction Chemicals,89,140667.62,P017
T003062,102,2026-05-25,Sealants,1,606.23,P024
T003063,108,2026-05-25,Sealants,13,7884.86,P005
T003064,53,2026-05-25,Construction Chemicals,40,55554.07,P023
T003065,10,2026-05-26,Industrial Resins,77,168290.69,P014
T003066,12,2026-05-26,Construction Chemicals,35,49973.57,P024
T003067,39,2026-05-26,Industrial Resins,52,103270.3,P011
T003068,23,2026-05-26,Sealants,59,32861.98,P017
T003069,23,2026-05-26,Sealants,58,36632.58,P017
T003070,13,2026-05-26,Adhesives,41,14331.74,P010
T003071,110,2026-05-26,Sealants,52,35104.62,P024
T003072,28,2026-05-26,Sealants,14,8894.09,P017
T003073,63,2026-05-26,Sealants,43,24306.19,P008
T003074,46,2026-05-26,Industrial Resins,16,36219.97,P010
T003075,10,2026-05-27,Adhesives,91,29452.48,P014
T003076,12,2026-05-27,Sealants,48,30494.64,P024
T003077,3,2026-05-27,Sealants,69,44615.85,P017
T003078,71,2026-05-27,Construction Chemicals,25,39775.58,P024
T003079,80,2026-05-27,Adhesives,17,5615.8,P010
T003080,2,2026-05-27,Construction Chemicals,23,29921.95,P018
T003081,56,2026-05-27,Construction Chemicals,7,9561.67,P016
T003082,14,2026-05-27,Adhesives,28,10650.94,P005
T003083,96,2026-05-27,Industrial Resins,27,62219.36,P011
T003084,67,2026-05-27,Construction Chemicals,5,7462.15,P017
T003085,1,2026-05-27,Adhesives,14,5247.31,P004
T003086,10,2026-05-28,Adhesives,91,30692.07,P014
T003087,12,2026-05-28,Sealants,62,38871.25,P024
T003088,23,2026-05-28,Construction Chemicals,63,94433.77,P017
T003089,23,2026-05-28,Sealants,65,44009.84,P017
T003090,23,2026-05-28,Sealants,18,10982.49,P017
T003091,110,2026-05-28,Sealants,92,62297.75,P024
T003092,95,2026-05-28,Art & Craft,22,3843.76,P008
T003093,1,2026-05-28,Sealants,41,22853.62,P004
T003094,10,2026-05-29,Industrial Resins,63,128921.79,P014
T003095,101,2026-05-29,Sealants,83,55182.48,P018
T003096,13,2026-05-29,Industrial Resins,92,203803.94,P010
T003097,13,2026-05-29,Adhesives,72,25561.71,P010
T003098,38,2026-05-29,Industrial Resins,56,124213.45,P010
T003099,38,2026-05-29,Industrial Resins,65,127256.34,P010
T003100,71,2026-05-29,Sealants,30,17192.85,P024
T003101,76,2026-05-29,Construction Chemicals,42,67339.54,P026
T003102,103,2026-05-30,Adhesives,74,25099.04,P010
T003103,103,2026-05-30,Adhesives,18,6009.79,P010
T003104,12,2026-05-30,Construction Chemicals,58,93566.78,P024
T003105,39,2026-05-30,Industrial Resins,36,82590.09,P011
T003106,5,2026-05-30,Construction Chemicals,36,55550.4,P023
T003107,23,2026-05-30,Construction Chemicals,35,49088.26,P017
T003108,110,2026-05-30,Construction Chemicals,97,139255.91,P024
T003109,78,2026-05-30,Industrial Resins,21,42098.7,P010
T003110,78,2026-05-30,Adhesives,19,6979.14,P010
T003111,103,2026-05-31,Adhesives,58,19486.05,P010
T003112,13,2026-05-31,Industrial Resins,137,268564.6,P010
T003113,99,2026-05-31,Industrial Resins,46,107255.83,P012
T003114,75,2026-05-31,Construction Chemicals,21,31270.38,P020
T003115,34,2026-05-31,Construction Chemicals,11,15764.6,P020
T003116,52,2026-05-31,Adhesives,25,8695.39,P011
T003117,10,2026-06-01,Adhesives,30,10330.43,P014
T003118,23,2026-06-01,Sealants,38,23509.13,P017
T003119,99,2026-06-01,Industrial Resins,17,37171.43,P012
T003120,108,2026-06-01,Adhesives,32,10098.44,P005
T003121,103,2026-06-02,Adhesives,72,22523.72,P010
T003122,12,2026-06-02,Construction Chemicals,78,106689.39,P024
T003123,39,2026-06-02,Adhesives,77,25281.78,P011
T003124,101,2026-06-02,Construction Chemicals,29,38638.58,P018
T003125,5,2026-06-02,Sealants,73,43334.82,P023
T003126,13,2026-06-02,Adhesives,60,21603.28,P010
T003127,3,2026-06-02,Sealants,71,41965.2,P017
T003128,3,2026-06-02,Sealants,89,50361.24,P017
T003129,110,2026-06-02,Sealants,79,45465.33,P024
T003130,71,2026-06-02,Sealants,19,10877.82,P024
T003131,83,2026-06-02,Adhesives,21,8199.37,P011
T003132,90,2026-06-02,Sealants,23,15274.94,P020
T003133,10,2026-06-03,Adhesives,49,17713.43,P014
T003134,12,2026-06-03,Construction Chemicals,72,103073.68,P024
T003135,23,2026-06-03,Construction Chemicals,71,114285.38,P017
T003136,71,2026-06-03,Construction Chemicals,6,9182.34,P024
T003137,80,2026-06-03,Adhesives,13,4368.7,P010
T003138,76,2026-06-03,Sealants,55,34305.54,P026
T003139,39,2026-06-04,Industrial Resins,10,20496.76,P011
T003140,101,2026-06-04,Sealants,26,17264.79,P018
T003141,5,2026-06-04,Construction Chemicals,23,37282.03,P023
T003142,9,2026-06-04,Construction Chemicals,11,15479.25,P020
T003143,47,2026-06-04,Sealants,39,24075.4,P018
T003144,115,2026-06-05,Art & Craft,11,2204.02,P004
T003145,115,2026-06-05,Sealants,48,27607.57,P004
T003146,10,2026-06-05,Adhesives,81,25530.19,P014
T003147,110,2026-06-05,Construction Chemicals,56,86297.45,P024
T003148,14,2026-06-05,Art & Craft,14,2309.72,P005
T003149,68,2026-06-05,Construction Chemicals,4,5232.92,P024
T003150,11,2026-06-05,Sealants,16,10104.18,P026
T003151,5,2026-06-06,Construction Chemicals,65,94039.49,P023
T003152,23,2026-06-06,Construction Chemicals,46,64194.45,P017
T003153,13,2026-06-06,Industrial Resins,99,184693.53,P010
T003154,38,2026-06-06,Industrial Resins,81,167060.43,P010
T003155,110,2026-06-06,Sealants,51,30761.02,P024
T003156,60,2026-06-06,Art & Craft,1,181.52,P004
T003157,53,2026-06-06,Sealants,24,15965.65,P023
T003158,10,2026-06-07,Industrial Resins,71,159851.92,P014
T003159,10,2026-06-07,Industrial Resins,28,62203.04,P014
T003160,12,2026-06-07,Sealants,99,66221.2,P024
T003161,101,2026-06-07,Construction Chemicals,67,91249.52,P018
T003162,5,2026-06-07,Sealants,51,29388.62,P023
T003163,3,2026-06-07,Construction Chemicals,50,76802.75,P017
T003164,116,2026-06-07,Art & Craft,34,6029.76,P004
T003165,9,2026-06-07,Sealants,14,8223.65,P020
T003166,77,2026-06-07,Sealants,34,20695.3,P020
T003167,76,2026-06-07,Construction Chemicals,37,49234.78,P026
T003168,86,2026-06-07,Sealants,11,7196.3,P018
T003169,115,2026-06-08,Art & Craft,87,13936.37,P004
T003170,115,2026-06-08,Art & Craft,59,10752.19,P004
T003171,115,2026-06-08,Sealants,54,34271.52,P004
T003172,12,2026-06-08,Construction Chemicals,50,67984.07,P024
T003173,5,2026-06-08,Construction Chemicals,67,101326.54,P023
T003174,3,2026-06-08,Sealants,18,11983.8,P017
T003175,110,2026-06-08,Sealants,71,42340.59,P024
T003176,110,2026-06-08,Sealants,56,32262.84,P024
T003177,56,2026-06-08,Construction Chemicals,22,33517.57,P016
T003178,56,2026-06-08,Sealants,19,11356.08,P016
T003179,62,2026-06-08,Sealants,30,17954.44,P005
T003180,12,2026-06-09,Sealants,37,24684.71,P024
T003181,101,2026-06-09,Construction Chemicals,67,94038.79,P018
T003182,101,2026-06-09,Sealants,4,2199.19,P018
T003183,84,2026-06-09,Sealants,10,6617.13,P018
T003184,34,2026-06-09,Sealants,20,12481.18,P020
T003185,93,2026-06-09,Adhesives,24,8334.44,P012
T003186,11,2026-06-09,Construction Chemicals,51,79606.0,P026
T003187,50,2026-06-09,Adhesives,25,9144.87,P012
T003188,39,2026-06-10,Industrial Resins,36,71693.95,P011
T003189,23,2026-06-10,Sealants,30,18723.48,P017
T003190,13,2026-06-10,Industrial Resins,32,67934.79,P010
T003191,110,2026-06-10,Construction Chemicals,34,52537.44,P024
T003192,27,2026-06-10,Art & Craft,20,3976.07,P006
T003193,47,2026-06-10,Construction Chemicals,25,39856.08,P018
T003194,35,2026-06-10,Art & Craft,45,7476.24,P008
T003195,10,2026-06-11,Industrial Resins,74,169525.37,P014
T003196,12,2026-06-11,Construction Chemicals,31,46143.02,P024
T003197,5,2026-06-11,Sealants,24,13883.83,P023
T003198,3,2026-06-11,Sealants,38,23433.64,P017
T003199,3,2026-06-11,Sealants,106,71752.86,P017
T003200,83,2026-06-11,Industrial Resins,29,54744.4,P011
T003201,75,2026-06-11,Sealants,11,6493.33,P020
T003202,68,2026-06-11,Sealants,12,6750.08,P024
T003203,62,2026-06-11,Art & Craft,7,1126.03,P005
T003204,103,2026-06-12,Industrial Resins,96,225342.85,P010
T003205,39,2026-06-12,Industrial Resins,64,137582.13,P011
T003206,39,2026-06-12,Adhesives,40,15199.32,P011
T003207,39,2026-06-12,Adhesives,22,7353.47,P011
T003208,101,2026-06-12,Construction Chemicals,97,131866.33,P018
T003209,101,2026-06-12,Sealants,36,19742.23,P018
T003210,5,2026-06-12,Construction Chemicals,40,52558.55,P023
T003211,110,2026-06-12,Construction Chemicals,58,79569.45,P024
T003212,115,2026-06-13,Adhesives,62,20695.08,P004
T003213,103,2026-06-13,Industrial Resins,57,114127.19,P010
T003214,23,2026-06-13,Sealants,104,71357.62,P017
T003215,37,2026-06-13,Construction Chemicals,7,10357.01,P026
T003216,102,2026-06-13,Construction Chemicals,31,41273.28,P024
T003217,26,2026-06-13,Sealants,16,10140.26,P022
T003218,108,2026-06-13,Art & Craft,28,5445.44,P005
T003219,43,2026-06-13,Construction Chemicals,28,39142.86,P022
T003220,115,2026-06-14,Adhesives,77,27988.15,P004
T003221,5,2026-06-14,Construction Chemicals,8,11278.73,P023
T003222,23,2026-06-14,Construction Chemicals,1,1520.27,P017
T003223,34,2026-06-14,Construction Chemicals,32,47049.88,P020
T003224,91,2026-06-14,Art & Craft,39,7803.15,P008
T003225,33,2026-06-14,Construction Chemicals,17,22380.05,P016
T003226,115,2026-06-15,Art & Craft,52,8778.97,P004
T003227,103,2026-06-15,Industrial Resins,49,91670.11,P010
T003228,10,2026-06-15,Industrial Resins,37,83660.27,P014
T003229,39,2026-06-15,Industrial Resins,74,154855.86,P011
T003230,5,2026-06-15,Sealants,28,18864.87,P023
T003231,5,2026-06-15,Sealants,67,40229.5,P023
T003232,3,2026-06-15,Sealants,53,31192.71,P017
T003233,38,2026-06-15,Industrial Resins,64,141504.56,P010
T003234,115,2026-06-16,Adhesives,55,16989.03,P004
T003235,115,2026-06-16,Adhesives,69,24222.21,P004
T003236,103,2026-06-16,Adhesives,47,16995.09,P010
T003237,23,2026-06-16,Construction Chemicals,87,131286.2,P017
T003238,13,2026-06-16,Adhesives,36,12280.61,P010
T003239,13,2026-06-16,Adhesives,55,17457.17,P010
T003240,3,2026-06-16,Construction Chemicals,59,86521.03,P017
T003241,115,2026-06-17,Sealants,62,42395.4,P004
T003242,103,2026-06-17,Adhesives,64,20878.86,P010
T003243,12,2026-06-17,Construction Chemicals,71,90930.57,P024
T003244,110,2026-06-17,Sealants,59,34041.14,P024
T003245,116,2026-06-17,Adhesives,26,9389.58,P004
T003246,75,2026-06-17,Construction Chemicals,33,48248.77,P020
T003247,12,2026-06-18,Sealants,59,35251.53,P024
T003248,38,2026-06-18,Industrial Resins,44,89752.93,P010
T003249,60,2026-06-18,Adhesives,26,9300.5,P004
T003250,78,2026-06-18,Adhesives,17,5671.71,P010
T003251,92,2026-06-18,Sealants,40,27326.07,P026
T003252,115,2026-06-19,Sealants,93,58803.63,P004
T003253,103,2026-06-19,Industrial Resins,55,126863.99,P010
T003254,103,2026-06-19,Adhesives,50,17210.22,P010
T003255,101,2026-06-19,Construction Chemicals,34,54176.91,P018
T003256,5,2026-06-19,Construction Chemicals,65,100393.66,P023
T003257,116,2026-06-19,Sealants,7,4592.83,P004
T003258,106,2026-06-19,Construction Chemicals,38,48551.9,P016
T003259,2,2026-06-19,Sealants,15,10084.93,P018
T003260,26,2026-06-19,Construction Chemicals,15,22678.6,P022
T003261,53,2026-06-19,Construction Chemicals,15,19803.04,P023
T003262,29,2026-06-19,Sealants,19,12384.04,P026
T003263,103,2026-06-20,Industrial Resins,102,235657.25,P010
T003264,101,2026-06-20,Sealants,71,45242.92,P018
T003265,5,2026-06-20,Sealants,37,24421.1,P023
T003266,23,2026-06-20,Construction Chemicals,2,2914.91,P017
T003267,23,2026-06-20,Sealants,58,34175.54,P017
T003268,13,2026-06-20,Industrial Resins,80,179335.52,P010
T003269,38,2026-06-20,Adhesives,55,20337.14,P010
T003270,77,2026-06-20,Sealants,39,22212.98,P020
T003271,10,2026-06-21,Adhesives,59,22451.03,P014
T003272,101,2026-06-21,Sealants,82,51074.14,P018
T003273,3,2026-06-21,Construction Chemicals,67,108468.41,P017
T003274,38,2026-06-21,Industrial Resins,1,2217.09,P010
T003275,38,2026-06-21,Adhesives,88,28836.67,P010
T003276,110,2026-06-21,Construction Chemicals,36,51209.12,P024
T003277,77,2026-06-21,Construction Chemicals,12,18519.17,P020
T003278,104,2026-06-21,Industrial Resins,25,53851.33,P014
T003279,14,2026-06-21,Sealants,25,16499.05,P005
T003280,6,2026-06-21,Construction Chemicals,46,67295.76,P016
T003281,51,2026-06-21,Construction Chemicals,37,48587.23,P018
T003282,10,2026-06-22,Adhesives,97,33309.79,P014
T003283,39,2026-06-22,Adhesives,63,23078.35,P011
T003284,5,2026-06-22,Sealants,42,25833.68,P023
T003285,13,2026-06-22,Industrial Resins,22,48982.93,P010
T003286,13,2026-06-22,Adhesives,34,12535.08,P010
T003287,3,2026-06-22,Construction Chemicals,40,55648.01,P017
T003288,3,2026-06-22,Sealants,99,55629.34,P017
T003289,37,2026-06-22,Sealants,20,11468.05,P026
T003290,102,2026-06-22,Sealants,32,20530.6,P024
T003291,93,2026-06-22,Industrial Resins,30,69774.61,P012
T003292,100,2026-06-22,Sealants,18,10431.04,P004
T003293,3,2026-06-23,Construction Chemicals,87,140445.44,P017
T003294,3,2026-06-23,Construction Chemicals,104,156561.18,P017
T003295,38,2026-06-23,Adhesives,22,8270.89,P010
T003296,84,2026-06-23,Construction Chemicals,39,51361.26,P018
T003297,115,2026-06-24,Art & Craft,39,7772.85,P004
T003298,12,2026-06-24,Construction Chemicals,43,58534.42,P024
T003299,12,2026-06-24,Sealants,96,59275.27,P024
T003300,23,2026-06-24,Construction Chemicals,54,74071.34,P017
T003301,13,2026-06-24,Adhesives,91,31116.85,P010
T003302,110,2026-06-24,Construction Chemicals,71,113560.13,P024
T003303,110,2026-06-24,Sealants,33,21450.64,P024
T003304,106,2026-06-24,Sealants,1,641.96,P016
T003305,90,2026-06-24,Construction Chemicals,29,46159.63,P020
T003306,10,2026-06-25,Adhesives,75,23419.88,P014
T003307,101,2026-06-25,Construction Chemicals,46,67669.56,P018
T003308,13,2026-06-25,Industrial Resins,34,79196.98,P010
T003309,13,2026-06-25,Adhesives,17,5481.53,P010
T003310,38,2026-06-25,Industrial Resins,95,195634.02,P010
T003311,80,2026-06-25,Industrial Resins,21,40199.41,P010
T003312,43,2026-06-25,Sealants,21,11790.89,P022
T003313,10,2026-06-26,Industrial Resins,26,58626.63,P014
T003314,3,2026-06-26,Construction Chemicals,58,79840.54,P017
T003315,28,2026-06-26,Construction Chemicals,48,65686.34,P017
T003316,101,2026-06-27,Sealants,54,30706.15,P018
T003317,23,2026-06-27,Sealants,110,74486.99,P017
T003318,29,2026-06-27,Construction Chemicals,40,59643.72,P026
T003319,115,2026-06-28,Sealants,31,18235.69,P004
T003320,12,2026-06-28,Construction Chemicals,85,114147.16,P024
T003321,12,2026-06-28,Sealants,40,23447.45,P024
T003322,23,2026-06-28,Sealants,32,19006.93,P017
T003323,38,2026-06-28,Adhesives,56,21242.71,P010
T003324,70,2026-06-28,Sealants,13,7931.66,P017
T003325,2,2026-06-28,Construction Chemicals,39,55529.36,P018
T003326,108,2026-06-28,Sealants,12,7977.57,P005
T003327,103,2026-06-29,Adhesives,53,18567.72,P010
T003328,39,2026-06-29,Industrial Resins,1,2179.86,P011
T003329,39,2026-06-29,Adhesives,110,34507.1,P011
T003330,38,2026-06-29,Adhesives,35,13452.96,P010
T003331,70,2026-06-29,Construction Chemicals,6,7866.06,P017
T003332,12,2026-06-30,Sealants,81,50228.2,P024
T003333,101,2026-06-30,Construction Chemicals,88,135790.79,P018
T003334,110,2026-06-30,Construction Chemicals,60,88032.7,P024
T003335,120,2026-06-30,Adhesives,21,7311.96,P014
T003336,104,2026-06-30,Adhesives,20,6869.32,P014
T003337,78,2026-06-30,Industrial Resins,11,24184.0,P010
T003338,114,2026-06-30,Construction Chemicals,10,14175.42,P024
T003339,115,2026-07-01,Adhesives,52,17796.2,P004
T003340,115,2026-07-01,Art & Craft,61,11074.17,P004
T003341,101,2026-07-01,Construction Chemicals,39,51742.73,P018
T003342,13,2026-07-01,Industrial Resins,52,114007.3,P010
T003343,47,2026-07-01,Sealants,37,23128.96,P018
T003344,33,2026-07-01,Construction Chemicals,10,16209.12,P016
T003345,10,2026-07-02,Adhesives,63,20419.02,P014
T003346,3,2026-07-02,Construction Chemicals,42,59886.62,P017
T003347,3,2026-07-02,Sealants,48,26781.31,P017
T003348,71,2026-07-02,Sealants,8,5316.12,P024
T003349,55,2026-07-02,Industrial Resins,33,77170.03,P010
T003350,115,2026-07-03,Art & Craft,35,6655.5,P004
T003351,115,2026-07-03,Art & Craft,64,12841.23,P004
T003352,77,2026-07-03,Sealants,18,10520.2,P020
T003353,2,2026-07-03,Construction Chemicals,23,31727.03,P018
T003354,75,2026-07-03,Sealants,28,15859.6,P020
T003355,94,2026-07-03,Adhesives,26,8536.1,P004
T003356,115,2026-07-04,Adhesives,36,13350.67,P004
T003357,3,2026-07-04,Construction Chemicals,1,1357.29,P017
T003358,38,2026-07-04,Adhesives,94,29683.26,P010
T003359,37,2026-07-04,Sealants,34,23156.94,P026
T003360,83,2026-07-04,Adhesives,16,6142.68,P011
T003361,108,2026-07-04,Sealants,41,26427.47,P005
T003362,10,2026-07-05,Adhesives,50,17459.49,P014
T003363,101,2026-07-05,Construction Chemicals,46,63888.26,P018
T003364,13,2026-07-05,Industrial Resins,68,157188.07,P010
T003365,38,2026-07-05,Industrial Resins,33,66883.27,P010
T003366,38,2026-07-05,Industrial Resins,44,93133.42,P010
T003367,60,2026-07-05,Adhesives,37,11721.32,P004
T003368,103,2026-07-06,Adhesives,28,9473.43,P010
T003369,103,2026-07-06,Adhesives,58,19933.81,P010
T003370,10,2026-07-06,Industrial Resins,26,51296.52,P014
T003371,13,2026-07-06,Adhesives,49,18106.51,P010
T003372,116,2026-07-06,Adhesives,20,7563.48,P004
T003373,83,2026-07-06,Industrial Resins,17,39538.38,P011
T003374,70,2026-07-06,Construction Chemicals,25,34996.82,P017
T003375,95,2026-07-06,Art & Craft,28,5602.48,P008
T003376,92,2026-07-06,Construction Chemicals,33,49437.48,P026
T003377,58,2026-07-06,Sealants,24,16006.51,P016
T003378,10,2026-07-07,Adhesives,81,30432.94,P014
T003379,13,2026-07-07,Industrial Resins,30,62906.63,P010
T003380,78,2026-07-07,Industrial Resins,42,78410.84,P010
T003381,56,2026-07-07,Construction Chemicals,6,8798.35,P016
T003382,27,2026-07-07,Art & Craft,25,4023.2,P006
T003383,113,2026-07-07,Art & Craft,7,1217.54,P004
T003384,115,2026-07-08,Art & Craft,42,8451.44,P004
T003385,103,2026-07-08,Adhesives,79,27570.83,P010
T003386,3,2026-07-08,Sealants,52,29951.03,P017
T003387,102,2026-07-08,Sealants,25,16384.28,P024
T003388,95,2026-07-08,Adhesives,18,6548.2,P008
T003389,48,2026-07-08,Sealants,32,17689.83,P017
T003390,39,2026-07-09,Industrial Resins,44,91382.83,P011
T003391,38,2026-07-09,Adhesives,37,11454.88,P010
T003392,75,2026-07-09,Construction Chemicals,13,19881.78,P020
T003393,103,2026-07-10,Industrial Resins,84,157670.14,P010
T003394,103,2026-07-10,Adhesives,39,12467.32,P010
T003395,23,2026-07-10,Sealants,36,21309.4,P017
T003396,13,2026-07-10,Industrial Resins,2,3988.34,P010
T003397,99,2026-07-10,Adhesives,11,3686.19,P012
T003398,10,2026-07-11,Industrial Resins,69,138107.49,P014
T003399,12,2026-07-11,Construction Chemicals,85,108983.91,P024
T003400,39,2026-07-11,Adhesives,28,10732.81,P011
T003401,101,2026-07-11,Sealants,58,31902.31,P018
T003402,3,2026-07-11,Construction Chemicals,53,80041.35,P017
T003403,110,2026-07-11,Construction Chemicals,96,147764.82,P024
T003404,120,2026-07-11,Adhesives,29,11246.57,P014
T003405,34,2026-07-11,Sealants,14,8474.84,P020
T003406,12,2026-07-12,Sealants,52,30815.99,P024
T003407,12,2026-07-12,Sealants,32,18327.88,P024
T003408,3,2026-07-12,Sealants,8,4675.29,P017
T003409,110,2026-07-12,Sealants,106,59494.53,P024
T003410,82,2026-07-12,Sealants,26,15174.3,P018
T003411,5,2026-07-13,Construction Chemicals,52,75304.67,P023
T003412,23,2026-07-13,Sealants,108,61515.05,P017
T003413,38,2026-07-13,Adhesives,55,18307.14,P010
T003414,84,2026-07-13,Construction Chemicals,16,20930.05,P018
T003415,38,2026-07-14,Adhesives,73,27413.75,P010
T003416,110,2026-07-14,Sealants,6,3788.27,P024
T003417,56,2026-07-14,Sealants,28,16092.81,P016
T003418,27,2026-07-14,Adhesives,17,6170.62,P006
T003419,10,2026-07-15,Industrial Resins,81,153999.65,P014
T003420,39,2026-07-15,Industrial Resins,26,53363.51,P011
T003421,5,2026-07-15,Construction Chemicals,53,77104.22,P023
T003422,68,2026-07-15,Sealants,24,16384.44,P024
T003423,5,2026-07-16,Sealants,8,5023.71,P023
T003424,110,2026-07-16,Sealants,7,4461.23,P024
T003425,25,2026-07-16,Sealants,21,11668.23,P005
T003426,51,2026-07-16,Construction Chemicals,17,21859.69,P018
T003427,115,2026-07-17,Sealants,35,24087.57,P004
T003428,103,2026-07-17,Industrial Resins,82,183231.59,P010
T003429,38,2026-07-17,Adhesives,74,26026.85,P010
T003430,103,2026-07-18,Industrial Resins,34,78866.76,P010
T003431,10,2026-07-18,Industrial Resins,56,128806.27,P014
T003432,3,2026-07-18,Construction Chemicals,56,72002.31,P017
T003433,80,2026-07-18,Industrial Resins,18,41953.29,P010
T003434,10,2026-07-19,Industrial Resins,100,214579.23,P014
T003435,5,2026-07-19,Sealants,63,34542.2,P023
T003436,70,2026-07-19,Sealants,21,13273.66,P017
T003437,103,2026-07-20,Industrial Resins,77,156973.83,P010
T003438,39,2026-07-20,Industrial Resins,28,58779.15,P011
T003439,111,2026-07-20,Art & Craft,29,5222.09,P006
T003440,12,2026-07-21,Construction Chemicals,28,42944.21,P024
T003441,5,2026-07-21,Sealants,49,28691.66,P023
T003442,23,2026-07-21,Construction Chemicals,44,56304.87,P017
T003443,13,2026-07-21,Adhesives,45,14243.39,P010
T003444,38,2026-07-21,Industrial Resins,52,96306.32,P010
T003445,60,2026-07-21,Art & Craft,42,6788.03,P004
T003446,26,2026-07-21,Construction Chemicals,40,52412.32,P022
T003447,108,2026-07-21,Art & Craft,17,3193.7,P005
T003448,101,2026-07-22,Sealants,64,37708.91,P018
T003449,5,2026-07-22,Sealants,45,30249.62,P023
T003450,110,2026-07-22,Construction Chemicals,26,40884.71,P024
T003451,9,2026-07-22,Sealants,13,8570.77,P020
T003452,78,2026-07-22,Adhesives,41,14949.75,P010
T003453,12,2026-07-23,Sealants,15,9288.64,P024
T003454,101,2026-07-23,Sealants,55,35070.65,P018
T003455,23,2026-07-23,Construction Chemicals,81,116386.75,P017
T003456,23,2026-07-23,Sealants,66,44504.83,P017
T003457,18,2026-07-23,Industrial Resins,16,37386.19,P011
T003458,115,2026-07-24,Adhesives,63,21998.9,P004
T003459,103,2026-07-24,Adhesives,61,19476.77,P010
T003460,10,2026-07-24,Adhesives,45,16980.94,P014
T003461,3,2026-07-24,Sealants,33,22070.68,P017
T003462,34,2026-07-24,Construction Chemicals,25,36768.98,P020
T003463,86,2026-07-24,Construction Chemicals,34,55000.81,P018
T003464,115,2026-07-25,Sealants,66,37284.13,P004
T003465,101,2026-07-25,Construction Chemicals,120,172317.65,P018
T003466,97,2026-07-25,Sealants,13,8502.02,P016
T003467,39,2026-07-26,Industrial Resins,45,91905.12,P011
T003468,23,2026-07-26,Sealants,61,39961.8,P017
T003469,104,2026-07-26,Adhesives,13,5026.06,P014
T003470,76,2026-07-26,Sealants,14,8635.23,P026
T003471,8,2026-07-26,Sealants,29,16409.69,P026
T003472,39,2026-07-27,Adhesives,8,3055.28,P011
T003473,101,2026-07-27,Sealants,75,50280.16,P018
T003474,5,2026-07-27,Construction Chemicals,48,75136.32,P023
T003475,5,2026-07-27,Construction Chemicals,54,75011.33,P023
T003476,13,2026-07-27,Adhesives,28,9136.36,P010
T003477,115,2026-07-28,Art & Craft,87,16062.64,P004
T003478,39,2026-07-28,Adhesives,51,19882.47,P011
T003479,23,2026-07-28,Construction Chemicals,54,76604.2,P017
T003480,38,2026-07-28,Industrial Resins,56,123279.91,P010
T003481,110,2026-07-28,Construction Chemicals,85,115614.4,P024
T003482,26,2026-07-28,Sealants,19,12060.65,P022
T003483,115,2026-07-29,Adhesives,101,31868.48,P004
T003484,12,2026-07-29,Construction Chemicals,61,89130.89,P024
T003485,39,2026-07-29,Adhesives,62,19463.9,P011
T003486,39,2026-07-29,Adhesives,109,35808.12,P011
T003487,13,2026-07-29,Adhesives,1,320.61,P010
T003488,13,2026-07-29,Adhesives,86,29314.82,P010
T003489,95,2026-07-29,Sealants,33,19319.76,P008
T003490,91,2026-07-29,Sealants,12,7082.31,P008
T003491,59,2026-07-29,Adhesives,15,5251.93,P010
T003492,103,2026-07-30,Industrial Resins,111,205276.38,P010
T003493,39,2026-07-30,Industrial Resins,68,157950.65,P011
T003494,23,2026-07-30,Construction Chemicals,47,63781.69,P017
T003495,38,2026-07-30,Industrial Resins,59,125026.23,P010
T003496,104,2026-07-30,Industrial Resins,18,41782.76,P014
T003497,93,2026-07-30,Adhesives,21,7209.8,P012
T003498,10,2026-07-31,Adhesives,54,21117.54,P014
T003499,12,2026-07-31,Sealants,72,44239.28,P024
T003500,120,2026-07-31,Industrial Resins,11,23816.38,P014
T003501,100,2026-07-31,Art & Craft,15,2690.87,P004
T003502,103,2026-08-01,Industrial Resins,42,87829.22,P010
T003503,10,2026-08-01,Industrial Resins,46,90376.13,P014
T003504,101,2026-08-01,Sealants,38,23118.32,P018
T003505,5,2026-08-01,Sealants,49,31922.16,P023
T003506,13,2026-08-01,Industrial Resins,100,224042.61,P010
T003507,13,2026-08-01,Industrial Resins,65,149953.07,P010
T003508,3,2026-08-01,Sealants,57,37620.73,P017
T003509,110,2026-08-01,Construction Chemicals,47,75013.25,P024
T003510,110,2026-08-01,Construction Chemicals,18,26353.14,P024
T003511,60,2026-08-01,Art & Craft,23,4071.31,P004
T003512,26,2026-08-01,Construction Chemicals,31,45094.96,P022
T003513,38,2026-08-02,Industrial Resins,77,172231.12,P010
T003514,39,2026-08-03,Industrial Resins,50,116022.76,P011
T003515,39,2026-08-03,Adhesives,50,18400.05,P011
T003516,101,2026-08-03,Construction Chemicals,17,23534.53,P018
T003517,38,2026-08-03,Adhesives,41,13725.98,P010
T003518,77,2026-08-03,Sealants,7,4552.66,P020
T003519,51,2026-08-03,Construction Chemicals,46,66047.0,P018
T003520,17,2026-08-03,Adhesives,11,3712.74,P011
T003521,14,2026-08-04,Art & Craft,9,1449.45,P005
T003522,47,2026-08-04,Construction Chemicals,23,33936.67,P018
T003523,10,2026-08-05,Adhesives,5,1842.97,P014
T003524,5,2026-08-05,Construction Chemicals,96,124291.51,P023
T003525,3,2026-08-05,Construction Chemicals,19,24779.81,P017
T003526,110,2026-08-05,Sealants,90,53655.92,P024
T003527,18,2026-08-05,Industrial Resins,25,58701.55,P011
T003528,103,2026-08-06,Adhesives,103,34581.21,P010
T003529,12,2026-08-06,Construction Chemicals,11,14607.94,P024
T003530,116,2026-08-06,Adhesives,23,7939.42,P004
T003531,48,2026-08-06,Construction Chemicals,19,26782.51,P017
T003532,103,2026-08-07,Adhesives,24,9308.2,P010
T003533,10,2026-08-07,Industrial Resins,92,216382.36,P014
T003534,5,2026-08-07,Construction Chemicals,49,63367.55,P023
T003535,110,2026-08-07,Sealants,52,29009.3,P024
T003536,102,2026-08-07,Construction Chemicals,27,42966.36,P024
T003537,103,2026-08-08,Adhesives,24,8714.45,P010
T003538,12,2026-08-08,Construction Chemicals,80,123043.13,P024
T003539,10,2026-08-09,Adhesives,16,6062.97,P014
T003540,5,2026-08-09,Sealants,71,47366.49,P023
T003541,38,2026-08-09,Industrial Resins,50,116590.32,P010
T003542,77,2026-08-09,Construction Chemicals,1,1584.41,P020
T003543,10,2026-08-10,Industrial Resins,62,122384.39,P014
T003544,12,2026-08-10,Sealants,73,45897.71,P024
T003545,39,2026-08-10,Industrial Resins,84,175741.61,P011
T003546,39,2026-08-10,Adhesives,101,37146.4,P011
T003547,101,2026-08-10,Sealants,17,9723.49,P018
T003548,84,2026-08-10,Construction Chemicals,21,30081.77,P018
T003549,80,2026-08-10,Industrial Resins,44,96310.0,P010
T003550,101,2026-08-11,Construction Chemicals,54,81649.47,P018
T003551,23,2026-08-11,Sealants,75,47144.91,P017
T003552,3,2026-08-11,Construction Chemicals,22,31222.78,P017
T003553,27,2026-08-11,Sealants,19,12547.22,P006
T003554,92,2026-08-11,Sealants,9,5633.65,P026
T003555,12,2026-08-12,Sealants,39,24814.7,P024
T003556,9,2026-08-12,Construction Chemicals,32,49892.86,P020
T003557,46,2026-08-12,Adhesives,50,16764.69,P010
T003558,103,2026-08-13,Industrial Resins,84,189456.27,P010
T003559,23,2026-08-13,Construction Chemicals,4,6102.55,P017
T003560,23,2026-08-13,Sealants,49,31022.04,P017
T003561,13,2026-08-13,Industrial Resins,18,36069.94,P010
T003562,110,2026-08-13,Sealants,48,31895.24,P024
T003563,83,2026-08-13,Industrial Resins,19,37075.52,P011
T003564,56,2026-08-13,Sealants,24,14038.87,P016
T003565,12,2026-08-14,Sealants,18,11030.64,P024
T003566,101,2026-08-14,Sealants,42,26559.36,P018
T003567,5,2026-08-14,Construction Chemicals,17,26822.64,P023
T003568,38,2026-08-14,Adhesives,67,26224.3,P010
T003569,115,2026-08-15,Adhesives,57,19667.4,P004
T003570,3,2026-08-15,Sealants,31,20523.2,P017
T003571,103,2026-08-16,Industrial Resins,60,116185.62,P010
T003572,23,2026-08-16,Construction Chemicals,79,106362.02,P017
T003573,23,2026-08-16,Sealants,101,59617.16,P017
T003574,14,2026-08-16,Adhesives,34,11613.83,P005
T003575,76,2026-08-16,Sealants,13,7183.88,P026
T003576,84,2026-08-17,Sealants,20,12441.27,P018
T003577,53,2026-08-17,Construction Chemicals,26,33659.4,P023
T003578,11,2026-08-17,Construction Chemicals,6,8052.7,P026
T003579,103,2026-08-18,Industrial Resins,25,53124.81,P010
T003580,12,2026-08-18,Sealants,43,27460.64,P024
T003581,23,2026-08-18,Construction Chemicals,79,106495.43,P017
T003582,110,2026-08-18,Construction Chemicals,102,151513.82,P024
T003583,104,2026-08-18,Industrial Resins,31,58629.03,P014
T003584,26,2026-08-18,Sealants,30,16708.09,P022
T003585,68,2026-08-18,Construction Chemicals,34,47516.44,P024
T003586,59,2026-08-18,Adhesives,23,8576.2,P010
T003587,78,2026-08-19,Industrial Resins,42,85609.59,P010
T003588,108,2026-08-19,Adhesives,6,2186.84,P005
T003589,115,2026-08-20,Art & Craft,76,14222.36,P004
T003590,115,2026-08-20,Art & Craft,60,10691.51,P004
T003591,115,2026-08-20,Art & Craft,59,10716.4,P004
T003592,115,2026-08-20,Sealants,38,26042.33,P004
T003593,5,2026-08-20,Sealants,17,9808.12,P023
T003594,13,2026-08-20,Industrial Resins,45,88227.95,P010
T003595,71,2026-08-20,Construction Chemicals,13,18445.6,P024
T003596,93,2026-08-20,Industrial Resins,31,69029.63,P012
T003597,8,2026-08-20,Construction Chemicals,1,1610.85,P026
T003598,10,2026-08-21,Adhesives,63,20576.1,P014
T003599,5,2026-08-21,Sealants,94,51446.12,P023
T003600,23,2026-08-21,Construction Chemicals,84,122970.58,P017
T003601,13,2026-08-21,Industrial Resins,36,69576.31,P010
T003602,102,2026-08-21,Sealants,5,2836.36,P024
T003603,10,2026-08-22,Adhesives,44,13640.55,P014
T003604,38,2026-08-22,Industrial Resins,53,124274.38,P010
T003605,104,2026-08-22,Adhesives,20,7451.3,P014
T003606,55,2026-08-22,Industrial Resins,43,96712.44,P010
T003607,115,2026-08-23,Sealants,24,15665.56,P004
T003608,103,2026-08-23,Adhesives,54,20861.96,P010
T003609,10,2026-08-23,Industrial Resins,18,38744.33,P014
T003610,5,2026-08-23,Construction Chemicals,60,91345.68,P023
T003611,13,2026-08-23,Adhesives,35,11990.03,P010
T003612,120,2026-08-23,Adhesives,14,5362.39,P014
T003613,68,2026-08-23,Sealants,36,22011.89,P024
T003614,85,2026-08-23,Sealants,32,21544.51,P005
T003615,41,2026-08-23,Industrial Resins,19,35384.92,P014
T003616,12,2026-08-24,Construction Chemicals,21,29434.51,P024
T003617,39,2026-08-24,Adhesives,82,28528.11,P011
T003618,13,2026-08-24,Adhesives,87,30008.35,P010
T003619,3,2026-08-24,Construction Chemicals,40,59698.16,P017
T003620,38,2026-08-24,Adhesives,88,28416.02,P010
T003621,75,2026-08-24,Sealants,41,23624.34,P020
T003622,90,2026-08-24,Sealants,34,21029.77,P020
T003623,39,2026-08-25,Industrial Resins,52,103067.98,P011
T003624,3,2026-08-25,Construction Chemicals,83,120279.69,P017
T003625,38,2026-08-25,Adhesives,41,14593.49,P010
T003626,71,2026-08-25,Sealants,11,6801.01,P024
T003627,37,2026-08-25,Construction Chemicals,37,51984.34,P026
T003628,72,2026-08-25,Adhesives,9,2778.32,P010
T003629,8,2026-08-25,Sealants,22,14367.28,P026
T003630,39,2026-08-26,Industrial Resins,21,48741.06,P011
T003631,23,2026-08-26,Sealants,39,24840.06,P017
T003632,99,2026-08-26,Adhesives,26,9492.93,P012
T003633,115,2026-08-27,Adhesives,73,24517.59,P004
T003634,115,2026-08-27,Adhesives,47,15594.71,P004
T003635,115,2026-08-27,Art & Craft,44,7981.12,P004
T003636,103,2026-08-27,Adhesives,29,9080.97,P010
T003637,10,2026-08-27,Adhesives,71,22148.15,P014
T003638,39,2026-08-27,Industrial Resins,71,161433.38,P011
T003639,13,2026-08-27,Adhesives,56,19700.0,P010
T003640,2,2026-08-27,Sealants,33,21123.6,P018
T003641,95,2026-08-27,Art & Craft,32,5489.79,P008
T003642,38,2026-08-28,Industrial Resins,70,133653.0,P010
T003643,38,2026-08-28,Industrial Resins,57,109169.62,P010
T003644,110,2026-08-28,Construction Chemicals,21,29374.36,P024
T003645,106,2026-08-28,Construction Chemicals,15,23650.28,P016
T003646,70,2026-08-28,Sealants,18,11186.14,P017
T003647,95,2026-08-28,Adhesives,26,8588.81,P008
T003648,10,2026-08-29,Industrial Resins,19,35255.48,P014
T003649,101,2026-08-29,Construction Chemicals,17,23770.61,P018
T003650,3,2026-08-29,Sealants,18,10788.13,P017
T003651,38,2026-08-29,Adhesives,66,23138.59,P010
T003652,116,2026-08-29,Art & Craft,33,5505.46,P004
T003653,99,2026-08-29,Industrial Resins,41,83723.24,P012
T003654,6,2026-08-29,Construction Chemicals,35,54213.12,P016
T003655,35,2026-08-29,Sealants,37,22475.98,P008
T003656,13,2026-08-30,Adhesives,44,14214.77,P010
T003657,83,2026-08-30,Adhesives,22,7605.55,P011
T003658,78,2026-08-30,Adhesives,30,11747.89,P010
T003659,39,2026-08-31,Adhesives,71,22717.93,P011
T003660,80,2026-08-31,Adhesives,24,9254.18,P010
T003661,70,2026-08-31,Construction Chemicals,11,14299.92,P017
T003662,108,2026-08-31,Sealants,34,21773.04,P005
T900001,99999,2026-05-14,Adhesives,12,4620.0,P024
T900002,12,2026-13-45,Sealants,8,5120.0,P024
T900003,12,2026-06-02,Sealants,-5,3100.0,P024
T900004,12,2026-06-11,adhesives,15,,P024
